qco_id,order_name,gazette_no,order_date,effective_date,mandatory_scheme,ministry_id,penal_clause
Steel_and_Steel_Products_Quality_Control_Order_2024,"Steel and Steel Products (Quality Control) Order, 2024",S.O. 2240(E),,2024-06-01,Scheme-I,Ministry_of_Steel,"Mandatory conformity to Indian Standards with BIS Standard Mark (ISI Mark). Under Section 16 & 17 of BIS Act 2016, manufacturing, storing, or selling without valid BIS license attracts penalty and imprisonment."
Electronics_and_Information_Technology_Goods_Requirement_for_Compulsory_Registration_Order_2021,"Electronics and Information Technology Goods (Requirement for Compulsory Registration) Order, 2021",S.O. 1230(E),,2021-10-01,Scheme-II (CRS),Ministry_of_Electronics_and_Information_Technology_MeitY,"Goods must be registered under BIS Compulsory Registration Scheme (CRS) and bear the Standard Mark with registration number before import, distribution, or sale."
Solar_Photovoltaics_Systems_Devices_and_Components_Goods_Requirement_for_Compulsory_Registration_Order_2017,"Solar Photovoltaics, Systems, Devices and Components Goods (Requirement for Compulsory Registration) Order, 2017",S.O. 2920(E),,2018-04-16,Scheme-II (CRS),Ministry_of_New_and_Renewable_Energy_MNRE,Mandatory registration with BIS under CRS. Non-registered solar modules and inverters are barred from public tenders and import clearance.
Safety_of_Toys_Quality_Control_Order_2020,"Safety of Toys (Quality Control) Order, 2020",S.O. 850(E),,2021-01-01,Scheme-I,Department_for_Promotion_of_Industry_and_Internal_Trade_DPIIT,"Toys cannot be manufactured, imported, distributed, or sold without bearing the BIS ISI Mark under Scheme-I."
Footwear_made_from_Leather_and_other_materials_Quality_Control_Order_2020,"Footwear made from Leather and other materials (Quality Control) Order, 2020",S.O. 3840(E),,2023-07-01,Scheme-I,Department_for_Promotion_of_Industry_and_Internal_Trade_DPIIT,Mandatory BIS certification (ISI Mark) for all industrial safety footwear.
Plywood_and_Wooden_Flush_Door_Shutters_Quality_Control_Order_2024,"Plywood and Wooden Flush Door Shutters (Quality Control) Order, 2024",S.O. 1102(E),,2024-08-28,Scheme-I,Department_for_Promotion_of_Industry_and_Internal_Trade_DPIIT,Mandatory ISI marking under Scheme-I for all commercial and marine plywood.
Plugs_and_Socket_Outlets_Quality_Control_Order_2021,"Plugs and Socket-Outlets (Quality Control) Order, 2021",S.O. 4519(E),,2022-06-01,Scheme-I,Department_for_Promotion_of_Industry_and_Internal_Trade_DPIIT,Domestic plugs and socket-outlets must bear the ISI mark under Scheme-I.
Polyethylene_Material_for_Moulding_and_Extrusion_Quality_Control_Order_2022,"Polyethylene Material for Moulding and Extrusion (Quality Control) Order, 2022",S.O. 724(E),,2022-04-03,Scheme-I,Ministry_of_Chemicals_and_Petrochemicals,Polyethylene moulding raw materials and plastic pipes must strictly conform to BIS specifications.
Caustic_Soda_Quality_Control_Order_2018,"Caustic Soda (Quality Control) Order, 2018",S.O. 1481(E),,2018-12-18,Scheme-I,Ministry_of_Chemicals_and_Petrochemicals,Caustic soda manufactured or imported must carry the BIS standard mark.
Electric_Transformers_Quality_Control_Order_2023,"Electric Transformers (Quality Control) Order, 2023",S.O. 521(E),,2023-11-01,Scheme-I,Ministry_of_Heavy_Industries,Mandatory ISI mark and BEE energy performance compliance under Scheme-I.
Wires_and_Cables_Quality_Control_Order_2023,"Wires and Cables (Quality Control) Order, 2023",S.O. 1892(E),,2024-03-01,Scheme-I,Ministry_of_Heavy_Industries,"Manufacture, import, or distribution without BIS ISI certification is punishable under law."
Helmets_for_riders_of_Two_Wheeler_Motor_Vehicles_Quality_Control_Order_2020,"Helmets for riders of Two Wheeler Motor Vehicles (Quality Control) Order, 2020",S.O. 4252(E),,2021-06-01,Scheme-I,Ministry_of_Road_Transport_and_Highways,Sale or manufacture of non-ISI marked two-wheeler helmets is illegal across India.
Packaged_Water_Quality_Control_Mandate,Packaged Water (Quality Control) Mandate,S.O. 982(E),,2001-03-29,Scheme-I,Ministry_of_Consumer_Affairs_Food_and_Public_Distribution,Packaged drinking water cannot be bottled or sold without a valid BIS license (ISI Mark).
Hallmarking_of_Gold_Jewellery_and_Gold_Artefacts_Order_2020,"Hallmarking of Gold Jewellery and Gold Artefacts Order, 2020",S.O. 205(E),2020-01-15,2021-06-16,Hallmarking,Ministry_of_Consumer_Affairs_Food_and_Public_Distribution,Mandatory 6-digit HUID hallmarking.
Electronics_and_Information_Technology_Goods_Requirement_for_Compulsory_Registration_Order,Electronics and Information Technology Goods (Requirement for Compulsory Registration) Order,S.O. 1230(E),03 July 2013,03 July 2013,Scheme-II (CRS),Ministry_of_Electronics_and_Information_Technology_MeitY,Mandatory registration under BIS Compulsory Registration Scheme (CRS) and affixing Standard Mark with registration number.
For_Notification_Details_Please_click_on_the_given_link,For Notification Details Please click on the given link,Statutory Order (BIS Act),,,Scheme-I,Department_for_Promotion_of_Industry_and_Internal_Trade_DPIIT,"Mandatory conformity to Indian Standard with BIS Standard Mark (ISI Mark) under Section 16 of the Bureau of Indian Standards Act, 2016."
1_Cement_Quality_Control_Order_2003_S_O_No_191_E_Dt_17_Feb_2003,"1. Cement (Quality Control)Order, 2003 S.O. No. 191(E) Dt. 17 Feb 2003",S.O. No.,17 Feb 2003,17 Feb 2003,Scheme-I,Department_for_Promotion_of_Industry_and_Internal_Trade_DPIIT,"Mandatory conformity to Indian Standard with BIS Standard Mark (ISI Mark) under Section 16 of the Bureau of Indian Standards Act, 2016."
2_Electrical_Wires_Cables_Appliances_and_Protection_Devices_and_Accessories_Quality_Control_Order_2003_No_189_E_dated_17_Feb_2003_Subsequent_Amendments_S_O_165_E_dated_5_Feb_2004_S_O_1172_E_dated_22Aug_2005_S_O_512_E_dated_19_Feb_2009_S_O_2058_E_dated_7Aug_2009_S_O_2604_E_dated_19_Oct_2010,"2. Electrical Wires, Cables, Appliances and Protection Devices and Accessories (Quality Control) Order, 2003 No. 189(E) dated 17 Feb 2003 Subsequent Amendments: S.O. 165(E) dated 5 Feb 2004 , S.O. 1172 (E) dated 22Aug 2005 , S.O. 512(E) dated 19 Feb 2009 , S.O. 2058(E) dated 7Aug 2009 & S.O. 2604 (E) dated 19 Oct.2010",S.O. 165(E),d 17 Feb 2003 Subsequent Amendments,d 17 Feb 2003 Subsequent Amendments,Scheme-I,Ministry_of_Heavy_Industries,"Mandatory conformity to Indian Standard with BIS Standard Mark (ISI Mark) under Section 16 of the Bureau of Indian Standards Act, 2016."
5_Oil_Pressure_Stoves_Q_C_Order_1997_SO_451_E_dated_16_June_1997,"5. Oil Pressure Stoves (Q.C) Order, 1997 SO 451(E) dated 16 June 1997",Statutory Order (BIS Act),d 16 June 1997,d 16 June 1997,Scheme-I,Ministry_of_Consumer_Affairs_Food_and_Public_Distribution,"Mandatory conformity to Indian Standard with BIS Standard Mark (ISI Mark) under Section 16 of the Bureau of Indian Standards Act, 2016."
6_Pneumatic_Tyres_and_Tubes_for_Automotive_Vehicles_Quality_Control_Order_2009_S_O_No_2953_E_dated_19_11_2009_Subsequent_Amendments_S_O_No_1057_E_dated_11_05_2010_S_O_No_2758_E_dated_9_11_2010,"6. Pneumatic Tyres and Tubes for Automotive Vehicles (Quality Control) Order, 2009 S.O. No. 2953(E) dated 19-11-2009 Subsequent Amendments S.O. No. 1057 (E) dated 11-05-2010 S.O. No. 2758 (E) dated 9-11-2010",S.O. No.,d 19-11-2009 Subsequent Amendments S.O. No. 1057,d 19-11-2009 Subsequent Amendments S.O. No. 1057,Scheme-I,Ministry_of_Consumer_Affairs_Food_and_Public_Distribution,"Mandatory conformity to Indian Standard with BIS Standard Mark (ISI Mark) under Section 16 of the Bureau of Indian Standards Act, 2016."
10_Steel_and_Steel_Products_Quality_Control_Order_2020_S_O_756_E_dated_14_02_2020_Superseded_by_Steel_and_Steel_Products_Quality_Control_Order_2020_S_O_1673_E_dated_27_05_2020_Superseded_by_Steel_and_Steel_Products_Quality_Control_Order_2020_S_O_2379_E_dated_17_07_2020_Extension_in_date_of_enforcement_for_Steel_Products_Order_File_No_S_20011_1_2020_TECH_dated_22_07_2020_Extension_Order_Superseded_by_Steel_and_Steel_Products_Quality_Control_Order_2020_S_O_4082_E_dated_12_11_2020_Superseded_by_Steel_and_Steel_Products_Quality_Control_Order_2020_S_O_No_4637_E_22_12_2020_Order_of_extension_in_the_enforcement_date_for_Indian_Standards_covered_under_the_Quality_Control_Order_namely_IS_3748_IS_7291_and_IS_12146_Order_of_extension_in_the_enforcement_date_for_some_Indian_Standards_covered_under_the_Quality_Control_Order_namely_IS_4398_and_IS_3195_Order_of_extension_in_the_enforcement_date_for_some_Indian_Standards_covered_under_the_Quality_Control_Order_namely_IS_6526_IS_4454_Part4_IS_11946_IS11947_and_IS_12045_Extension_in_date_of_enforcement_Order_namely_IS_1110_IS_4409_Extension_in_date_of_enforcement_Order_namely_IS_4432_IS_5518_IS_12145_IS_13387_IS_4072_IS_13352_Extension_in_date_of_enforcement_Order_namely_IS_7226_IS_14331_Extension_in_date_of_enforcement_Order_namely_IS_6529_Extension_in_date_of_enforcement_Order_namely_IS_1993_IS_12591_Extension_in_the_date_of_enforcement_of_Quality_Control_Order_on_IS_3748_IS_7291_and_IS_12146_Order_of_extension_in_the_date_of_enforcement_of_Quality_Control_Order_for_Indian_Standards_IS_4454_Part_4_2001_IS11946_1987_IS_11947_1987_Extension_in_date_of_enforcement_order_namely_IS_1110_1990_IS_4409_1973_Extension_in_date_of_enforcement_order_namely_IS_14331_1995_Extension_in_date_of_enforcement_order_namely_IS_13387_1992_Extension_in_date_of_enforcement_order_namely_IS_1110_1990_IS_4409_1973_Extension_in_date_of_enforcement_order_namely_IS_1110_1990_IS_4409_1973_dated_01_November_2022_Extension_in_date_of_enforcement_order_namely_IS_4409_1973_dated_06_February_2023_Extension_in_date_of_enforcement_order_namely_IS_4409_1973_dated_25th_July_2023_Steel_and_Steel_Products_Quality_Control_Order_2024_S_O_574_E_dated_on_5th_February_2024_Extension_in_date_of_enforcement_order_namely_IS_4409_2023_dated_01_May_2024_Extension_in_date_of_enforcement_order_namely_IS_4409_2023_dated_01st_August_2024_Steel_Steel_Products_Quality_Control_Order_2024_S_O_3716_E_dated_29th_August_2024_Steel_038_Steel_Products_Quality_Control_Amendment_Order_2025_S_O_5134_E_Dated_20_November_2025_Steel_038_Steel_Products_Quality_Control_Amendment_Order_2026_S_O_3300_E_Dated_22_June_2026,"10. Steel and Steel Products (Quality Control) Order, 2020 S.O. 756(E) , dated 14-02-2020 Superseded by Steel and Steel Products (Quality Control) Order, 2020 S.O. 1673(E), dated 27-05-2020 Superseded by Steel and Steel Products (Quality Control) Order, 2020 (S.O. 2379(E), dated 17-07-2020) Extension in date of enforcement for Steel Products Order File.No. S-20011/1/2020-TECH dated 22.07.2020 Extension Order Superseded by Steel and Steel Products (Quality Control) Order, 2020 (S.O. 4082(E), dated 12.11.2020) Superseded by Steel and Steel Products (Quality Control) Order, 2020 (S.O. No. 4637 (E) 22/12/2020) Order of extension in the enforcement date for Indian Standards covered under the Quality Control Order (namely IS 3748, IS 7291, and IS 12146) Order of extension in the enforcement date for some Indian Standards covered under the Quality Control Order (namely IS 4398 and IS 3195) Order of extension in the enforcement date for some Indian Standards covered under the Quality Control Order (namely IS 6526,IS 4454 (Part4), IS 11946, IS11947 and IS 12045) Extension in date of enforcement Order (namely IS 1110, IS 4409) Extension in date of enforcement Order (namely IS 4432, IS 5518, IS 12145 , IS 13387, IS 4072 & IS 13352) Extension in date of enforcement Order (namely IS 7226, IS 14331) Extension in date of enforcement Order (namely IS 6529) Extension in date of enforcement Order (namely IS 1993, IS 12591) Extension in the date of enforcement of Quality Control Order on IS 3748, IS 7291 and IS 12146 Order of extension in the date of enforcement of Quality Control Order for Indian Standards IS 4454 (Part 4): 2001, IS11946: 1987 & IS 11947: 1987 Extension in date of enforcement order (namely IS 1110: 1990 & IS 4409: 1973) Extension in date of enforcement order (namely IS 14331:1995) Extension in date of enforcement order (namely IS 13387:1992) Extension in date of enforcement order ( namely IS 1110: 1990 & IS 4409: 1973) Extension in date of enforcement order (namely IS 1110: 1990 & IS 4409: 1973) , dated 01 November 2022 Extension in date of enforcement order (namely IS 4409: 1973) , dated 06 February 2023 Extension in date of enforcement order (namely IS 4409 : 1973, dated 25th July 2023) Steel and Steel Products (Quality Control) Order, 2024 S.O. 574(E) dated on 5th February, 2024 Extension in date of enforcement order (namely IS 4409: 2023, dated 01 May 2024) Extension in date of enforcement order (namely IS 4409:2023, dated 01st August 2024) Steel & Steel Products (Quality Control) Order, 2024 S.O. 3716(E), dated 29th August 2024 Steel &#038; Steel Products (Quality Control) Amendment Order, 2025 S.O.5134(E) Dated 20 November, 2025 Steel &#038; Steel Products (Quality Control) Amendment Order, 2026 S.O.3300(E) Dated 22 June, 2026",S.O. 756(E),d 14-02-2020 Superseded by Steel and Steel Products,d 14-02-2020 Superseded by Steel and Steel Products,Scheme-I,Ministry_of_Steel,"Mandatory conformity to Indian Standard with BIS Standard Mark (ISI Mark) under Section 16 of the Bureau of Indian Standards Act, 2016."
11_Ductile_Iron_Pressure_Pipes_and_Fittings_Quality_Control_Order_2009_S_O_No_1544_E_dated_25_06_2009_The_above_order_was_rescinded_by_DIPP_vide_Gazette_Notification_No_2681_E_dated_23_October_2009_and_a_fresh_Notification_No_2749_E_dated_30_10_2009_was_issued,"11. Ductile Iron Pressure Pipes and Fittings (Quality Control) Order, 2009 S.O. No. 1544(E) dated 25-06-2009 The above order was rescinded by DIPP vide Gazette Notification No. 2681(E) dated 23 October 2009 and a fresh Notification No. 2749(E) dated 30-10-2009 was issued.",S.O. No.,d 25-06-2009 The above order was rescinded by DIPP vide Gazette Notification No. 2681,d 25-06-2009 The above order was rescinded by DIPP vide Gazette Notification No. 2681,Scheme-I,Ministry_of_Steel,"Mandatory conformity to Indian Standard with BIS Standard Mark (ISI Mark) under Section 16 of the Bureau of Indian Standards Act, 2016."
Mild_Steel_Tubes_excluding_seamless_tube_tubes_according_to_API_Specification_Quality_Control_order_1978_and_Amendment_Order_1983_G_S_R_No_374_E_dated_18_07_1978_superseded_by_12_Steel_Tubes_Quality_Control_Order_2020_S_O_281_Dated_21_01_2020,"Mild Steel Tubes (excluding seamless tube & tubes according to API Specification) (Quality Control) order,1978 and Amendment Order, 1983 G.S.R. No. 374(E) dated 18-07-1978 superseded by 12. Steel Tubes (Quality Control) Order 2020 S.O. 281 Dated 21/01/2020.",G.S.R. No.,d 18-07-1978 superseded by 12. Steel Tubes,d 18-07-1978 superseded by 12. Steel Tubes,Scheme-I,Ministry_of_Steel,"Mandatory conformity to Indian Standard with BIS Standard Mark (ISI Mark) under Section 16 of the Bureau of Indian Standards Act, 2016."
13_Malleable_Iron_Shots_and_Grits_Quality_Control_Order_2020,"13. Malleable Iron Shots and Grits (Quality Control) Order, 2020",Statutory Order (BIS Act),,,Scheme-I,Ministry_of_Steel,"Mandatory conformity to Indian Standard with BIS Standard Mark (ISI Mark) under Section 16 of the Bureau of Indian Standards Act, 2016."
14_Electrical_transformers_Quality_Control_order_2015_S_O_1221_E_dated_07_05_2015,"14. Electrical transformers (Quality Control ) order, 2015 S.O. 1221 (E) dated 07-05-2015",S.O. 1221,d 07-05-2015,d 07-05-2015,Scheme-I,Ministry_of_Heavy_Industries,"Mandatory conformity to Indian Standard with BIS Standard Mark (ISI Mark) under Section 16 of the Bureau of Indian Standards Act, 2016."
17_Bureau_of_Indian_Standard_Caustic_Soda_Order_2018_S_O_No_1468_E_dated_3rd_April_2018,"17. Bureau of Indian Standard (Caustic Soda) Order, 2018 (S.O No. 1468 E) dated 3rd April 2018",Statutory Order (BIS Act),d 3rd April 2018,d 3rd April 2018,Scheme-I,Ministry_of_Consumer_Affairs_Food_and_Public_Distribution,"Mandatory conformity to Indian Standard with BIS Standard Mark (ISI Mark) under Section 16 of the Bureau of Indian Standards Act, 2016."
18_Bureau_of_Indian_Standards_Standards_for_Boric_Acid_Order_2019_S_O_1766_E_dated_16th_May_2019,"18. Bureau of Indian Standards (Standards for Boric Acid) Order, 2019 (S.O. 1766(E) dated 16th May 2019)",S.O. 1766(E),d 16th May 2019,d 16th May 2019,Scheme-I,Ministry_of_Consumer_Affairs_Food_and_Public_Distribution,"Mandatory conformity to Indian Standard with BIS Standard Mark (ISI Mark) under Section 16 of the Bureau of Indian Standards Act, 2016."
19_Poly_Aluminium_Chloride_Quality_Control_Order_2019_S_O_2790_E_dated_05_08_2019,"19. Poly Aluminium Chloride (Quality Control) Order, 2019 (S.O. 2790 (E) dated 05/08/2019)",S.O. 2790,d 05,d 05,Scheme-I,Ministry_of_Consumer_Affairs_Food_and_Public_Distribution,"Mandatory conformity to Indian Standard with BIS Standard Mark (ISI Mark) under Section 16 of the Bureau of Indian Standards Act, 2016."
Acetic_Acid_Quality_Control_Order_2019_S_O_2791_E_dated_05_08_2019_Amendent_in_Acetic_Acid_Quality_Control_Order_2019_S_O_344_E_dated_24th_January_2020_Amendment_in_Acetic_Acid_Quality_Control_Order_2019_S_O_2179_E_dated_01_07_2020_Acetic_Acid_QCO_extension_Order_Acetic_Acid_Amendment_Order_Acetic_Acid_Quality_Control_Order_2019_Amendment_order_for_various_chemicals_dated_31_01_2022_Acetic_Acid_Quality_Control_Order_2019_Amendment_order_for_various_chemicals_dated_27_July_2022_Acetic_Acid_Quality_Control_Order_2019_S_O_530_E_dated_02_02_2023_Acetic_Acid_Quality_Control_Order_2019_S_O_3292_E_dated_21st_July_2023_Amendment_Order_for_various_Chemicals_dated_21st_July_2023_Acetic_Acid_Quality_Control_Order_2019_S_O_3292_E_dated_21st_July_2023_S_O_374_E_dated_30th_January_2024_Acetic_Acid_Quality_Control_Order_2019_S_O_3136_E_dated_05th_August_2024_Withdrawl_order_of_Acetic_Acid_Quality_Control_Order_2019_S_O_3378_E_Dated_23_July_2025,"Acetic Acid (Quality Control) Order, 2019 (S.O. 2791 (E) dated 05/08/2019) Amendent in Acetic Acid (Quality Control) Order, 2019 (S.O.344 (E) dated 24th January 2020) Amendment in Acetic Acid (Quality Control) Order, 2019 (S.O. 2179(E) dated 01/07/2020) Acetic Acid QCO extension Order Acetic Acid Amendment Order Acetic Acid (Quality Control) Order, 2019 Amendment order for various chemicals, dated 31/01/2022 Acetic Acid (Quality Control) Order, 2019 Amendment order for various chemicals, dated 27 July 2022 Acetic Acid (Quality Control) Order, 2019 (S.O. 530(E), dated 02/02/2023) Acetic Acid (Quality Control) Order, 2019 (S.O. 3292(E), dated 21st July, 2023) (Amendment Order for various Chemicals, dated 21st July 2023) Acetic Acid (Quality Control) Order, 2019 (S.O. 3292(E), dated 21st July, 2023) (S.O. 374(E), dated 30th January, 2024) Acetic Acid (Quality Control) Order, 2019 S.O. 3136(E), dated 05th August 2024 Withdrawl order of Acetic Acid (Quality Control) Order, 2019 S.O. 3378 (E) Dated 23 July, 2025",S.O. 2791,d 05,d 05,Scheme-I,Ministry_of_Chemicals_and_Petrochemicals,"Mandatory conformity to Indian Standard with BIS Standard Mark (ISI Mark) under Section 16 of the Bureau of Indian Standards Act, 2016."
Aniline_Quality_Control_Order_2019_S_O_2792_E_dated_05_08_2019_Aniline_Quality_Control_Order_2019_S_O_203_E_dated_15th_January_2020_Amendment_in_the_Aniline_Quality_Control_Order_2020_S_O_2180_E_dated_01_07_2020_Aniline_QCO_extension_Order_Amendment_in_the_Aniline_Quality_Control_Order_2019_Aniline_Quality_Control_Order_2019_Amendment_order_for_various_chemicals_dated_31_01_2022_Aniline_Quality_Control_Order_2019_Amendment_order_for_various_chemicals_dated_27_July_2022_Aniline_Quality_Control_Order_2019_S_O_532_E_dated_02_02_2023_Aniline_Quality_Control_Order_2019_S_O_3294_E_dated_21st_July_2023_Amendment_Order_for_various_Chemicals_dated_21st_July_2023_Aniline_Quality_Control_Order_2019_S_O_3294_E_dated_21st_July_2023_S_O_376_E_dated_30th_January_2024_Aniline_Quality_Control_Order_2019_S_O_3138_E_dated_05th_August_2024_Withdrawl_order_of_Aniline_Quality_Control_Order_2019_S_O_3380_E_Dated_23_July_2025,"Aniline (Quality Control) Order, 2019 (S.O. 2792 (E) dated 05/08/2019) Aniline (Quality Control) Order, 2019 (S.O.203 E) dated 15th January 2020) Amendment in the Aniline (Quality Control) Order, 2020 (S.O. 2180(E) dated 01/07/2020) Aniline QCO extension Order Amendment in the Aniline (Quality Control) Order, 2019 Aniline (Quality Control) Order, 2019 Amendment order for various chemicals, dated 31/01/2022 Aniline (Quality Control) Order, 2019 Amendment order for various chemicals, dated 27 July 2022 Aniline (Quality Control) Order, 2019 (S.O. 532(E), dated 02/02/2023) Aniline (Quality Control) Order, 2019 (S.O. 3294(E), dated 21st July, 2023) (Amendment Order for various Chemicals, dated 21st July 2023) Aniline (Quality Control) Order, 2019 (S.O. 3294(E), dated 21st July, 2023) (S.O. 376(E), dated 30th January, 2024) Aniline (Quality Control) Order, 2019 S.O. 3138(E), dated 05th August 2024 Withdrawl order of Aniline (Quality Control) Order, 2019 S.O. 3380 (E) Dated 23 July, 2025",S.O. 2792,d 05,d 05,Scheme-I,Ministry_of_Chemicals_and_Petrochemicals,"Mandatory conformity to Indian Standard with BIS Standard Mark (ISI Mark) under Section 16 of the Bureau of Indian Standards Act, 2016."
Methanol_Quality_Control_Order_2019_S_O_2793_E_dated_05_08_2019_Amendent_in_Methanol_Quality_Control_Order_2019_S_O_345_E_dated_24th_January_2020_Amendment_in_the_Methanol_Quality_Control_Order_2019_S_O_2181_E_dated_01_07_2020_Methanol_QCO_extension_Order_Amendment_in_the_Methanol_Quality_Control_Order_2019_Amendment_in_the_Methanol_Quality_Control_Order_2019_Methanol_Quality_Control_Order_2019_Amendment_order_for_various_chemicals_dated_31_01_2022_Methanol_Quality_Control_Order_2019_Amendment_order_for_various_chemicals_dated_27_July_2022_Methanol_Quality_Control_Order_2019_S_O_531_E_dated_02_02_2023_Methanol_Quality_Control_Order_2019_S_O_3293_E_dated_21st_July_2023_Amendment_Order_for_various_Chemicals_dated_21st_July_2023_Methanol_Quality_Control_Order_2019_S_O_3293_E_dated_21st_July_2023_S_O_375_E_dated_30th_January_2024_Methanol_Quality_Control_Order_2019_S_O_3137_E_dated_05th_August_2024_Withdrawl_order_of_Methanol_Quality_Control_Order_2019_S_O_3379_E_Dated_23_July_2025,"Methanol (Quality Control) Order, 2019 (S.O. 2793 (E) dated 05/08/2019) Amendent in Methanol (Quality Control) Order, 2019 (S.O. 345(E)dated 24th January 2020) Amendment in the Methanol (Quality Control) Order, 2019 (S.O. 2181(E) dated 01/07/2020) Methanol QCO extension Order Amendment in the Methanol (Quality Control) Order, 2019 Amendment in the Methanol (Quality Control) Order, 2019 Methanol (Quality Control) Order, 2019 Amendment order for various chemicals, dated 31/01/2022 Methanol (Quality Control) Order, 2019 Amendment order for various chemicals, dated 27 July 2022 Methanol (Quality Control) Order, 2019 (S.O. 531(E), dated 02/02/2023) Methanol (Quality Control) Order, 2019 (S.O. 3293(E), dated 21st July, 2023) (Amendment Order for various Chemicals, dated 21st July 2023) Methanol (Quality Control) Order, 2019 (S.O. 3293(E), dated 21st July, 2023) (S.O. 375(E), dated 30th January, 2024) Methanol (Quality Control) Order, 2019 S.O. 3137(E), dated 05th August 2024 Withdrawl order of Methanol (Quality Control) Order, 2019 S.O. 3379 (E) Dated 23 July, 2025",S.O. 2793,d 05,d 05,Scheme-I,Ministry_of_Chemicals_and_Petrochemicals,"Mandatory conformity to Indian Standard with BIS Standard Mark (ISI Mark) under Section 16 of the Bureau of Indian Standards Act, 2016."
20_Phthalic_Anhydride_Quality_Control_Order_2020_S_O_1402_E_dated_23_04_2020_Phthalic_Anhydride_Quality_Control_Amendment_Order_2020_Phthalic_Anhydride_Quality_Control_Amendment_Order_2021_Phthalic_Anhydride_Quality_Control_Order_2021_Amendment_order_for_various_chemicals_dated_24_12_2021_Phthalic_Anhydride_Quality_Control_Amendment_Order_2022_Amendment_order_for_various_chemicals_dated_13_June_2022_Phthalic_Anhydride_Quality_Control_Second_Amendment_Order_2022_S_O_5989_E_dated_21_12_2022,"20. Phthalic Anhydride (Quality Control) Order, 2020. (S.O. 1402(E), dated 23/04/2020) Phthalic Anhydride (Quality Control) Amendment Order 2020 Phthalic Anhydride (Quality Control) Amendment Order,2021 Phthalic Anhydride (Quality Control) Order, 2021 Amendment order for various chemicals, dated 24/12/2021 Phthalic Anhydride (Quality Control) Amendment Order, 2022 Amendment order for various chemicals, dated 13 June 2022 Phthalic Anhydride (Quality Control) Second Amendment Order, 2022 (S.O. 5989(E), dated 21/12/2022)",S.O. 1402(E),d 23,d 23,Scheme-I,Ministry_of_Chemicals_and_Petrochemicals,"Mandatory conformity to Indian Standard with BIS Standard Mark (ISI Mark) under Section 16 of the Bureau of Indian Standards Act, 2016."
Pyridine_Quality_Control_Order_2020_S_O_1890_E_dated_16_06_2020_Amendment_in_the_Pyridine_Quality_Control_Order_2020_S_O_4416_E_dated_04_12_2020_Amendment_in_the_Pyridine_Quality_Control_Order_2020_Pyridine_Quality_Control_Order_2020_Amendment_order_for_various_chemicals_dated_11_03_2022_Pyridine_Quality_Control_Order_2020_Amendment_order_for_various_chemicals_dated_11_August_2022_Pyridine_Quality_Control_Order_2020_S_O_533_E_dated_02_02_2023_Pyridine_Quality_Control_Order_2020_S_O_3295_E_dated_21st_July_2023_Amendment_Order_for_various_Chemicals_dated_21st_July_2023_Amendment_in_Pyridine_Quality_Control_Order_2020_S_O_1070_E_dated_05th_March_2024_Amendment_in_the_Pyridine_Quality_Control_Order_2020_S_O_1125_E_Dated_11_March_2025_Rescind_Pyridine_Quality_Control_Order_2020_S_O_5307_E_Dated_20_November_2025,"Pyridine (Quality Control) Order, 2020. (S.O.1890(E) dated 16 /06/2020) Amendment in the Pyridine (Quality Control) Order 2020 (S.O. 4416 (E) dated 04/12/2020) Amendment in the Pyridine (Quality Control) Order, 2020 Pyridine (Quality Control) Order, 2020 (Amendment order for various chemicals, dated 11/03/2022) Pyridine (Quality Control) Order, 2020 (Amendment order for various chemicals, dated 11 August 2022) Pyridine (Quality Control) Order, 2020 (S.O. 533(E), dated 02/02/2023) Pyridine (Quality Control) Order, 2020 (S.O. 3295(E), dated 21st July, 2023) (Amendment Order for various Chemicals, dated 21st July 2023) Amendment in Pyridine (Quality Control) Order, 2020 S.O. 1070(E), dated 05th March 2024 Amendment in the Pyridine (Quality Control) Order, 2020 S.O.1125(E) Dated 11 March, 2025 Rescind Pyridine (Quality Control) Order, 2020 S.O. 5307(E) Dated 20 November, 2025",S.O.1890(E),d 16,d 16,Scheme-I,Ministry_of_Chemicals_and_Petrochemicals,"Mandatory conformity to Indian Standard with BIS Standard Mark (ISI Mark) under Section 16 of the Bureau of Indian Standards Act, 2016."
21_Gamma_Picoline_Quality_Control_Order_2020_S_O_1891_E_dated_16_06_2020_Amendment_in_the_Gamma_Picoline_Quality_Control_Order_2020_S_O_4410_E_dated_04_12_2020_Amendment_in_the_Gamma_Picoline_Quality_Control_Order_2020_Gamma_Picoline_Quality_Control_Order_2020_Amendment_order_for_various_chemicals_dated_11_03_2022_Gamma_Picoline_Quality_Control_Order_2020_Amendment_order_for_various_chemicals_dated_11_August_2022_Gamma_Picoline_Quality_Control_Order_2020_S_O_534_E_dated_02_02_2023_Gamma_Picoline_Quality_Control_Order_2020_S_O_3296_E_dated_21st_July_2023_Amendment_Order_for_various_Chemicals_dated_21st_July_2023,"21. Gamma Picoline (Quality Control) Order, 2020 (S.O.1891(E) dated 16 /06/2020) Amendment in the Gamma Picoline (Quality Control) Order 2020 (S.O. 4410 (E) dated 04/12/2020) Amendment in the Gamma Picoline (Quality Control) Order, 2020 Gamma Picoline (Quality Control) Order, 2020 (Amendment order for various chemicals, dated 11/03/2022) Gamma Picoline (Quality Control) Order, 2020 (Amendment order for various chemicals, dated 11 August 2022) Gamma Picoline (Quality Control) Order, 2020 (S.O. 534(E), dated 02/02/2023) Gamma Picoline (Quality Control) Order, 2020 (S.O. 3296(E), dated 21st July, 2023) (Amendment Order for various Chemicals, dated 21st July 2023)",S.O.1891(E),d 16,d 16,Scheme-I,Ministry_of_Chemicals_and_Petrochemicals,"Mandatory conformity to Indian Standard with BIS Standard Mark (ISI Mark) under Section 16 of the Bureau of Indian Standards Act, 2016."
Beta_Picoline_Quality_Control_Order_2020_S_O_1892_E_dated_16_06_2020_Amendment_in_the_Beta_Picoline_Quality_Control_Order_2020_S_O_4409_E_dated_04_12_2020_Amendment_in_the_Beta_Picoline_Quality_Control_Order_2020_Beta_Picoline_Quality_Control_Order_2021_Amendment_order_for_various_chemicals_dated_11_03_2022_Beta_Picoline_Quality_Control_Order_2020_Amendment_order_for_various_chemicals_dated_11_August_2022_Beta_Picoline_Quality_Control_Order_2020_S_O_535_E_dated_02_02_2023_Beta_Picoline_Quality_Control_Order_2020_S_O_3297_E_dated_21st_July_2023_Amendment_Order_for_various_Chemicals_dated_21st_July_2023_Amendment_in_Beta_Picoline_Quality_Control_Order_2020_S_O_1068_E_dated_05th_March_2024_Amendments_in_the_Beta_Picoline_Quality_Control_Order_2020_S_O_1123_E_Dated_11_March_2025_Rescind_Beta_Picoline_Quality_Control_Order_2020_S_O_5308_E_Dated_20_November_2025,"Beta Picoline (Quality Control) Order, 2020 (S.O.1892(E) dated 16 /06/2020) Amendment in the Beta Picoline (Quality Control) Order 2020 (S.O. 4409 (E) dated 04/12/2020) Amendment in the Beta Picoline (Quality Control) Order, 2020 Beta Picoline (Quality Control) Order, 2021 (Amendment order for various chemicals, dated 11/03/2022) Beta Picoline(Quality Control) Order, 2020 (Amendment order for various chemicals, dated 11 August 2022) Beta Picoline(Quality Control) Order, 2020 (S.O. 535(E), dated 02/02/2023) Beta Picoline(Quality Control) Order, 2020 (S.O. 3297(E), dated 21st July, 2023) (Amendment Order for various Chemicals, dated 21st July 2023) Amendment in Beta Picoline (Quality Control) Order, 2020 S.O. 1068(E), dated 05th March 2024 Amendments in the Beta Picoline (Quality Control) Order, 2020 S.O.1123(E) Dated 11 March, 2025 Rescind Beta Picoline (Quality Control) Order, 2020 S.O. 5308 (E) Dated 20 November, 2025",S.O.1892(E),d 16,d 16,Scheme-I,Ministry_of_Chemicals_and_Petrochemicals,"Mandatory conformity to Indian Standard with BIS Standard Mark (ISI Mark) under Section 16 of the Bureau of Indian Standards Act, 2016."
Morpholine_Quality_Control_Order_2020_S_O_1893_E_dated_16_06_2020_22_Amendment_in_the_Morpholine_Quality_Control_Order_2020_Morpholine_Quality_Control_Order_2020_Amendment_order_for_various_chemicals_dated_31_01_2022_Morpholine_Quality_Control_Order_2020_Amendment_order_for_various_chemicals_dated_27_July_2022_Morpholine_Quality_Control_Order_2020_S_O_529_E_dated_02_02_2023_Morpholine_Quality_Control_Order_2020_S_O_3291_E_dated_21st_July_2023_Amendment_Order_for_various_Chemicals_dated_21st_July_2023_Morpholine_Quality_Control_Order_2020_S_O_3291_E_dated_21st_July_2023_S_O_373_E_dated_30th_January_2024_S_O_3076_E_dated_01st_August_2024_S_O_4772_E_dated_30th_October_2024_S_O_3291_E_dated_21st_July_2023_S_O_1722_E_Dated_02_April_2026,"Morpholine (Quality Control) Order, 2020 (S.O.1893(E) dated 16 /06/2020) 22. Amendment in the Morpholine (Quality Control) Order, 2020 Morpholine (Quality Control) Order, 2020 Amendment order for various chemicals, dated 31/01/2022 Morpholine (Quality Control) Order, 2020 Amendment order for various chemicals, dated 27 July 2022 Morpholine (Quality Control) Order, 2020 (S.O. 529(E), dated 02/02/2023) Morpholine (Quality Control) Order, 2020 (S.O. 3291(E), dated 21st July, 2023) (Amendment Order for various Chemicals, dated 21st July 2023) Morpholine (Quality Control) Order, 2020 (S.O. 3291(E), dated 21st July, 2023) (S.O. 373(E), dated 30th January, 2024) (S.O. 3076(E), dated 01st August 2024) S.O. 4772(E), dated 30th October 2024 (S.O. 3291(E), dated 21st July, 2023) S.O.1722 (E) Dated 02 April, 2026",S.O.1893(E),d 16,d 16,Scheme-I,Ministry_of_Chemicals_and_Petrochemicals,"Mandatory conformity to Indian Standard with BIS Standard Mark (ISI Mark) under Section 16 of the Bureau of Indian Standards Act, 2016."
23_Sodium_Sulphide_Quality_Control_Order_2020_S_O_1894_E_dated_16_06_2020,"23. Sodium Sulphide (Quality Control) Order, 2020 (S.O.1894(E) dated 16 /06/2020)",S.O.1894(E),d 16,d 16,Scheme-I,Ministry_of_Consumer_Affairs_Food_and_Public_Distribution,"Mandatory conformity to Indian Standard with BIS Standard Mark (ISI Mark) under Section 16 of the Bureau of Indian Standards Act, 2016."
24_Potassium_Carbonate_Quality_Control_Order_2020_S_O_1895_E_dated_16_06_2020_Amendment_in_the_Potassium_Carbonate_Quality_Control_Order_2020_S_O_4415_E_dated_04_12_2020_Amendment_in_the_Potassium_Carbonate_Quality_Control_Order_2020_Potassium_Carbonate_Quality_Control_Order_2020_Amendment_order_for_various_chemicals_dated_11_03_2022_Potassium_Carbonate_Quality_Control_Order_2020_Amendment_order_for_various_chemicals_dated_11_August_2022_Potassium_Carbonate_Quality_Control_Order_2020_S_O_536_E_dated_02_02_2023_Potassium_Carbonate_Quality_Control_Order_2020_S_O_3298_E_dated_21st_July_2023_Amendment_Order_for_various_Chemicals_dated_21st_July_2023,"24. Potassium Carbonate (Quality Control) Order, 2020 (S.O.1895(E) dated 16 /06/2020) Amendment in the Potassium Carbonate (Quality Control) Order 2020 (S.O. 4415 (E) dated 04/12/2020) Amendment in the Potassium Carbonate (Quality Control) Order, 2020 Potassium Carbonate (Quality Control) Order, 2020 (Amendment order for various chemicals, dated 11/03/2022) Potassium Carbonate (Quality Control) Order, 2020 (Amendment order for various chemicals, dated 11 August 2022) Potassium Carbonate (Quality Control) Order, 2020 (S.O. 536(E), dated 02/02/2023) Potassium Carbonate (Quality Control) Order, 2020 (S.O. 3298(E), dated 21st July, 2023) (Amendment Order for various Chemicals, dated 21st July 2023)",S.O.1895(E),d 16,d 16,Scheme-I,Ministry_of_Chemicals_and_Petrochemicals,"Mandatory conformity to Indian Standard with BIS Standard Mark (ISI Mark) under Section 16 of the Bureau of Indian Standards Act, 2016."
25_Acetone_Quality_Control_Order_2020_S_O_1896_E_dated_16_06_2020_Amendment_in_the_Acetone_Quality_Control_Order_Amendment_in_the_Acetone_Quality_Control_Order_Amendment_in_Acetone_Quality_Control_Order_2020_Amendment_in_the_Acetone_Quality_Control_Order_2020_Acetone_Quality_Control_Order_2020_Amendment_order_for_various_chemicals_dated_11_03_2022_Acetone_Quality_Control_Order_2020_Amendment_order_for_various_chemicals_dated_11_August_2022_Acetone_Quality_Control_Order_2020_S_O_537_E_dated_02_02_2023_Acetone_Quality_Control_Order_2020_S_O_3299_E_dated_21st_July_2023_Amendment_Order_for_various_Chemicals_dated_21st_July_2023,"25. Acetone (Quality Control) Order, 2020 (S.O.1896(E) dated 16 /06/2020) Amendment in the Acetone (Quality Control) Order Amendment in the Acetone (Quality Control) Order Amendment in Acetone (Quality Control) Order 2020 Amendment in the Acetone (Quality Control) Order, 2020 Acetone (Quality Control) Order, 2020 (Amendment order for various chemicals, dated 11/03/2022) Acetone (Quality Control) Order, 2020 (Amendment order for various chemicals, dated 11 August 2022) Acetone (Quality Control) Order, 2020 (S.O. 537(E), dated 02/02/2023) Acetone (Quality Control) Order, 2020 (S.O. 3299(E), dated 21st July, 2023) (Amendment Order for various Chemicals, dated 21st July 2023)",S.O.1896(E),d 16,d 16,Scheme-I,Ministry_of_Chemicals_and_Petrochemicals,"Mandatory conformity to Indian Standard with BIS Standard Mark (ISI Mark) under Section 16 of the Bureau of Indian Standards Act, 2016."
26_Phosphorous_Trichloride_Quality_Control_Order_2020_S_O_1897_E_dated_16_06_2020,"26. Phosphorous Trichloride (Quality Control) Order, 2020 (S.O.1897(E) dated 16 /06/2020)",S.O.1897(E),d 16,d 16,Scheme-I,Ministry_of_Consumer_Affairs_Food_and_Public_Distribution,"Mandatory conformity to Indian Standard with BIS Standard Mark (ISI Mark) under Section 16 of the Bureau of Indian Standards Act, 2016."
27_Phosphorous_Pentachloride_Quality_Control_Order_2020_S_O_1898_E_dated_16_06_2020,"27. Phosphorous Pentachloride, (Quality Control) Order, 2020 (S.O.1898(E) dated 16 /06/2020)",S.O.1898(E),d 16,d 16,Scheme-I,Ministry_of_Consumer_Affairs_Food_and_Public_Distribution,"Mandatory conformity to Indian Standard with BIS Standard Mark (ISI Mark) under Section 16 of the Bureau of Indian Standards Act, 2016."
28_Phosphorous_Oxychloride_Quality_Control_Order_2020_S_O_1899_E_dated_16_06_2020,"28. Phosphorous Oxychloride, (Quality Control) Order, 2020 (S.O.1899(E) dated 16 /06/2020)",S.O.1899(E),d 16,d 16,Scheme-I,Ministry_of_Consumer_Affairs_Food_and_Public_Distribution,"Mandatory conformity to Indian Standard with BIS Standard Mark (ISI Mark) under Section 16 of the Bureau of Indian Standards Act, 2016."
29_Hydrogen_Peroxide_Quality_Control_Order_2020_S_O_1900_E_dated_16_06_2020_Amendment_in_the_Hydrogen_Peroxide_Quality_Control_Order_2020_S_O_4414_E_dated_04_12_2020_Amendment_in_the_Hydrogen_Peroxide_Quality_Control_Order_2020_Hydrogen_Peroxide_Quality_Control_Order_2022_S_O_4000_E_dated_24_August_2022,"29. Hydrogen Peroxide, (Quality Control) Order, 2020 (S.O.1900(E) dated 16 /06/2020) Amendment in the Hydrogen Peroxide (Quality Control) Order 2020 (S.O. 4414 (E) dated 04/12/2020) Amendment in the Hydrogen Peroxide (Quality Control) Order, 2020 Hydrogen Peroxide (Quality Control) Order, 2022 S.O. 4000(E), dated 24 August, 2022",S.O.1900(E),d 16,d 16,Scheme-I,Ministry_of_Consumer_Affairs_Food_and_Public_Distribution,"Mandatory conformity to Indian Standard with BIS Standard Mark (ISI Mark) under Section 16 of the Bureau of Indian Standards Act, 2016."
30_Precipitated_Barium_Carbonate_Quality_Control_Order_2020_S_O_1901_E_dated_16_06_2020,"30. Precipitated Barium Carbonate, (Quality Control) Order, 2020 (S.O.1901(E) dated 16 /06/2020)",S.O.1901(E),d 16,d 16,Scheme-I,Ministry_of_Consumer_Affairs_Food_and_Public_Distribution,"Mandatory conformity to Indian Standard with BIS Standard Mark (ISI Mark) under Section 16 of the Bureau of Indian Standards Act, 2016."
Precipitated_Barium_Carbonate_Quality_Control_Order_2020_S_O_1901_E_dated_16_06_2020,"Precipitated Barium Carbonate, (Quality Control) Order, 2020 (S.O.1901(E) dated 16 /06/2020)",S.O.1901(E),d 16,d 16,Scheme-I,Ministry_of_Consumer_Affairs_Food_and_Public_Distribution,"Mandatory conformity to Indian Standard with BIS Standard Mark (ISI Mark) under Section 16 of the Bureau of Indian Standards Act, 2016."
31_Sodium_Formaldehyde_Sulphoxylate_Quality_Control_Order_2020_S_O_1902_E_dated_16_06_2020,"31. Sodium Formaldehyde Sulphoxylate, (Quality Control) Order, 2020 (S.O.1902(E) dated 16 /06/2020)",S.O.1902(E),d 16,d 16,Scheme-I,Ministry_of_Consumer_Affairs_Food_and_Public_Distribution,"Mandatory conformity to Indian Standard with BIS Standard Mark (ISI Mark) under Section 16 of the Bureau of Indian Standards Act, 2016."
Sodium_Tripolyphosphate_Quality_Control_Order_2020_S_O_1903_E_dated_16_06_2020_Amendment_in_the_Sodium_Tripolyphosphate_Quality_Control_Order_2020_S_O_4417_E_dated_04_12_2020_Amendment_in_the_Sodium_Tripolyphosphate_Quality_Control_Order_2020_Sodium_Tripolyphosphate_Quality_Control_Order_2020_Amendment_order_for_various_chemicals_dated_11_03_2022_Sodium_Tripolyphosphate_Quality_Control_Order_2020_Amendment_order_for_various_chemicals_dated_11_August_2022_Sodium_Tripolyphosphate_Quality_Control_Order_2020_S_O_534_E_dated_02_02_2023_Sodium_Tripolyphosphate_Quality_Control_Order_2020_S_O_3300_E_dated_21st_July_2023_Amendment_Order_for_various_Chemicals_dated_21st_July_2023_Amendment_in_Sodium_Tripolyphosphate_Quality_Control_Order_2020_S_O_1069_E_dated_05th_March_2024_Amendment_in_Sodium_Tripolyphosphate_Quality_Control_Order_2020_S_O_1124_E_Dated_11_March_2025_Rescind_Sodium_Tripolyphosphate_Quality_Control_Order_2020_S_O_5309_E_Dated_20_November_2025,"Sodium Tripolyphosphate, (Quality Control) Order, 2020 (S.O.1903(E) dated 16 /06/2020) Amendment in the Sodium Tripolyphosphate (Quality Control) Order 2020 (S.O. 4417 (E) dated 04/12/2020) Amendment in the Sodium Tripolyphosphate (Quality Control) Order, 2020 Sodium Tripolyphosphate (Quality Control) Order, 2020 (Amendment order for various chemicals, dated 11/03/2022) Sodium Tripolyphosphate (Quality Control) Order, 2020 (Amendment order for various chemicals, dated 11 August 2022) Sodium Tripolyphosphate (Quality Control) Order, 2020 (S.O. 534(E), dated 02/02/2023) Sodium Tripolyphosphate (Quality Control) Order, 2020 (S.O. 3300(E), dated 21st July, 2023) (Amendment Order for various Chemicals, dated 21st July 2023) Amendment in Sodium Tripolyphosphate (Quality Control) Order, 2020 S.O. 1069(E), dated 05th March 2024 Amendment in Sodium Tripolyphosphate (Quality Control) Order, 2020 S.O.1124(E) Dated 11 March, 2025 Rescind Sodium Tripolyphosphate (Quality Control) Order, 2020 S.O. 5309 (E) Dated 20 November, 2025",S.O.1903(E),d 16,d 16,Scheme-I,Ministry_of_Chemicals_and_Petrochemicals,"Mandatory conformity to Indian Standard with BIS Standard Mark (ISI Mark) under Section 16 of the Bureau of Indian Standards Act, 2016."
32_n_Butyl_Acrylate_Quality_Control_Order_2020_S_O_2182_E_dated_29_06_2020_Amendment_Orders_for_various_chemical_Products_n_Butyl_Acrylate_Quality_Control_Amendment_Order_2021_n_Butyl_Acrylate_Quality_Control_Order_2021_Amendment_order_for_various_chemicals_dated_24_12_2021_n_Butyl_acrylate_Quality_Control_Amendment_Order_2022_Amendment_order_for_various_chemicals_dated_13_June_2022_n_Butyl_Acrylate_Quality_Control_Second_Amendment_Order_2022_S_O_5992_E_dated_21_12_2022_n_Butyl_Acrylate_Quality_Control_Amendment_Order_2023_S_O_2729_E_dated_20_06_2023_Amendment_orders_for_two_Petrochemicals_dated_20_June_2023_n_Butyl_Acrylate_Quality_Control_Order_2021_S_O_1854_E_Dated_10_April_2026_n_Butyl_Acrylate_Quality_Control_Order_2021_S_O_3729_E_Dated_09_July_2026,"32. n- Butyl Acrylate (Quality Control) Order, 2020 (S.O. 2182(E), dated 29/06/2020) Amendment Orders for various chemical Products n-Butyl Acrylate (Quality Control) Amendment Order, 2021 n- Butyl Acrylate (Quality Control) Order, 2021 Amendment order for various chemicals, dated 24/12/2021 n-Butyl acrylate (Quality Control) Amendment Order, 2022 Amendment order for various chemicals, dated 13 June 2022 n- Butyl Acrylate (Quality Control) Second Amendment Order, 2022 (S.O. 5992(E), dated 21/12/2022) n-Butyl Acrylate (Quality Control) Amendment Order, 2023 (S.O. 2729(E), dated 20/06/2023) Amendment orders for two Petrochemicals, dated 20 June 2023 n- Butyl Acrylate (Quality Control) Order, 2021 S.O.1854 (E) Dated 10 April, 2026 n- Butyl Acrylate (Quality Control) Order, 2021 S.O.3729 (E) Dated 09 July, 2026",S.O. 2182(E),d 29,d 29,Scheme-I,Ministry_of_Chemicals_and_Petrochemicals,"Mandatory conformity to Indian Standard with BIS Standard Mark (ISI Mark) under Section 16 of the Bureau of Indian Standards Act, 2016."
33_Ether_Quality_Control_Order_2020_S_O_2183_E_dated_29_06_2020_Ether_Quality_Control_Amendment_Order_2021,"33. Ether (Quality Control) Order, 2020 (S.O. 2183(E) dated 29/06/2020) Ether (Quality Control) Amendment Order, 2021",S.O. 2183(E),d 29,d 29,Scheme-I,Ministry_of_Consumer_Affairs_Food_and_Public_Distribution,"Mandatory conformity to Indian Standard with BIS Standard Mark (ISI Mark) under Section 16 of the Bureau of Indian Standards Act, 2016."
Ethylene_Glycol_Quality_Control_Order_2020_S_O_2184_E_dated_29_06_2020_Corrigendum_dated_21_07_2020_Ethylene_Glycol_Quality_Control_Amendment_Order_2020_Ethylene_Glycol_Quality_Control_Amendment_Order_2021_Ethylene_Glycol_Quality_Control_Order_2021_Amendment_order_for_various_chemicals_dated_24_12_2021_Ethylene_Glycol_Quality_Control_Amendment_Order_2022_Amendment_order_for_various_chemicals_dated_13_June_2022_Ethylene_Glycol_Quality_Control_Order_2022_S_O_6109_E_dated_28_12_2022_Ethylene_Glycol_Quality_Control_Amendment_Order_2023_S_O_1407_E_dated_23_March_2023_Rescind_order_of_Ethylene_Glycol_Quality_Control_Order_2021_S_O_5130_E_Dated_12_November_2025,"Ethylene Glycol (Quality Control) Order, 2020 (S.O. 2184(E) dated 29/06/2020) Corrigendum dated 21.07.2020 Ethylene Glycol (Quality Control) Amendment Order 2020 Ethylene Glycol (Quality Control) Amendment Order, 2021 Ethylene Glycol (Quality Control) Order, 2021 Amendment order for various chemicals, dated 24/12/2021 Ethylene Glycol (Quality Control) Amendment Order, 2022 Amendment order for various chemicals, dated 13 June 2022 Ethylene Glycol (Quality Control) Order, 2022 (S.O. 6109(E), dated 28/12/2022) Ethylene Glycol (Quality Control) Amendment Order, 2023 (S.O. 1407(E), dated 23 March 2023) Rescind order of Ethylene Glycol (Quality Control) Order, 2021 S.O. 5130 (E) Dated 12 November, 2025",S.O. 2184(E),d 29,d 29,Scheme-I,Ministry_of_Chemicals_and_Petrochemicals,"Mandatory conformity to Indian Standard with BIS Standard Mark (ISI Mark) under Section 16 of the Bureau of Indian Standards Act, 2016."
Toluene_Quality_Control_Order_2020_S_O_2186_E_dated_29_06_2020_Toluene_Quality_Control_Amendment_Order_2021_Toluene_Quality_Control_Order_2021_Amendment_order_for_various_chemicals_dated_24_12_2021_Toluene_Quality_Control_Amendment_Order_2022_Amendment_order_for_various_chemicals_dated_13_June_2022_Toluene_Quality_Control_Second_Amendment_Order_2022_S_O_5990_E_dated_21_12_2022_Toluene_Quality_Control_Amendment_Order_2023_S_O_2730_E_dated_20_06_2023_Amendment_orders_for_two_Petrochemicals_dated_20_June_2023_Toluene_Quality_Control_Second_Amendment_Order_2023_S_O_5373_E_dated_19th_December_2023_Toluene_Quality_Control_First_Amendment_Order_2024_S_O_5537_E_dated_24th_December_2024_Rescind_order_of_Toluene_Quality_Control_Order_2021_S_O_5528_E_Dated_01_December_2025,"Toluene (Quality Control) Order, 2020 (S.O. 2186(E), dated 29/06/2020) Toluene (Quality Control) Amendment Order, 2021 Toluene (Quality Control) Order, 2021 Amendment order for various chemicals, dated 24/12/2021 Toluene (Quality Control) Amendment Order, 2022 Amendment order for various chemicals, dated 13 June 2022 Toluene (Quality Control) Second Amendment Order, 2022 (S.O. 5990(E), dated 21/12/2022) Toluene (Quality Control) Amendment Order, 2023 (S.O. 2730(E), dated 20/06/2023) Amendment orders for two Petrochemicals, dated 20 June 2023 Toluene (Quality Control) Second Amendment Order, 2023 (S.O. 5373(E), dated 19th December, 2023) Toluene (Quality Control) First Amendment Order, 2024 S.O. 5537(E), dated 24th December 2024 Rescind order of Toluene (Quality Control) Order, 2021 S.O. 5528(E) Dated 01 December, 2025",S.O. 2186(E),d 29,d 29,Scheme-I,Ministry_of_Chemicals_and_Petrochemicals,"Mandatory conformity to Indian Standard with BIS Standard Mark (ISI Mark) under Section 16 of the Bureau of Indian Standards Act, 2016."
Terephthalic_Acid_Quality_Control_Order_2020_S_O_2185_E_dated_29_06_2020_Terephthalic_Acid_Quality_Control_Amendment_Order_2021_Terephthalic_Acid_Quality_Control_Order_2021_Amendment_order_for_various_chemicals_dated_24_12_2021_Terephthalic_Acid_Quality_Control_Amendment_Order_2022_Amendment_order_for_various_chemicals_dated_13_June_2022_Terephthalic_Acid_Quality_Control_Second_Amendment_Order_2022_S_O_5991_E_dated_21_12_2022_Rescind_order_of_Terephthalic_Acid_Quality_Control_Order_2021_S_O_5129_E_Dated_12_November_2025,"Terephthalic Acid (Quality Control) Order, 2020 (S.O. 2185(E), dated 29/06/2020) Terephthalic Acid (Quality Control) Amendment Order, 2021 Terephthalic Acid (Quality Control) Order, 2021 Amendment order for various chemicals, dated 24/12/2021 Terephthalic Acid (Quality Control) Amendment Order, 2022 Amendment order for various chemicals, dated 13 June 2022 Terephthalic Acid (Quality Control) Second Amendment Order, 2022 (S.O. 5991(E), dated 21/12/2022) Rescind order of Terephthalic Acid (Quality Control) Order, 2021 S.O. 5129 (E) Dated 12 November, 2025",S.O. 2185(E),d 29,d 29,Scheme-I,Ministry_of_Chemicals_and_Petrochemicals,"Mandatory conformity to Indian Standard with BIS Standard Mark (ISI Mark) under Section 16 of the Bureau of Indian Standards Act, 2016."
Methyl_Acrylate_Ethyl_Acrylate_n_Butyl_Acrylate_Quality_Control_Order_2020_S_O_No_4001_E_04_11_2020_Amendment_Orders_for_various_chemical_Products_Methyl_Acrylate_Ethyl_Acrylate_Quality_Control_Order_2021_Amendment_order_for_various_chemicals_dated_22_12_2021_Methyl_Acrylate_Ethyl_Acrylate_Quality_Control_Amendment_Order_2022_Amendment_order_for_various_chemicals_dated_30_May_2022_Methyl_Acrylate_Ethyl_Acrylate_Quality_Control_Second_Amendment_Order_2022_Amendment_order_for_various_Chemicals_dated_25_November_2022_Methyl_Acrylate_Ethyl_Acrylate_Quality_Control_Amendment_Order_2023_S_O_2335_E_dated_23rd_May_2023_Methyl_Acrylate_Ethyl_Acrylate_Quality_Control_Amendment_Order_2024_S_O_928_E_dated_27th_February_2024_Methyl_Acrylate_Ethyl_Acrylate_Quality_Control_Amendment_Order_2025_S_O_1556_E_Dated_01_April_2025_Rescind_order_of_Methyl_Acrylate_Ethyl_Acrylate_Quality_Control_Order_2021_S_O_5529_E_Dated_01_December_2025,"Methyl Acrylate, Ethyl Acrylate, n-Butyl Acrylate (Quality Control) Order, 2020 (S.O. No. 4001 (E) 04/11/2020) Amendment Orders for various chemical Products Methyl Acrylate, Ethyl Acrylate (Quality Control) Order,2021 Amendment order for various chemicals, dated 22/12/2021 Methyl Acrylate, Ethyl Acrylate (Quality Control) Amendment Order, 2022 (Amendment order for various chemicals, dated 30 May 2022) Methyl Acrylate, Ethyl Acrylate (Quality Control) Second Amendment Order, 2022 (Amendment order for various Chemicals, dated 25 November 2022) Methyl Acrylate, Ethyl Acrylate (Quality Control) Amendment Order, 2023 (S.O, 2335(E), dated 23rd May, 2023) Methyl Acrylate, Ethyl Acrylate (Quality Control) Amendment Order, 2024 S.O. 928(E), dated 27th February 2024 Methyl Acrylate, Ethyl Acrylate (Quality Control) Amendment Order, 2025 S.O.1556(E) Dated 01 April, 2025 Rescind order of Methyl Acrylate, Ethyl Acrylate (Quality Control) Order, 2021 S.O. 5529(E) Dated 01 December, 2025",S.O. No.,d 22,d 22,Scheme-I,Ministry_of_Chemicals_and_Petrochemicals,"Mandatory conformity to Indian Standard with BIS Standard Mark (ISI Mark) under Section 16 of the Bureau of Indian Standards Act, 2016."
Vinyl_Acetate_Monomer_Quality_Control_Order_2020_S_O_No_4003_E_04_11_2020_Amendment_Orders_for_various_chemical_Products_Vinyl_Acetate_Monomer_Quality_Control_Order_2021_Amendment_order_for_various_chemicals_dated_22_12_2021_Vinyl_Acetate_Monomer_Quality_Control_Amendment_Order_2022_Amendment_order_for_various_chemicals_dated_30_May_2022_Vinyl_Acetate_Monomer_Quality_Control_Second_Amendment_Order_2022_Amendment_order_for_various_Chemicals_dated_25_November_2022_Vinyl_Acetate_Monomer_Quality_Control_Amendment_Order_2023_S_O_2334_E_dated_23rd_May_2023_Methyl_Acrylate_Ethyl_Acrylate_Quality_Control_Amendment_Order_2023_S_O_2335_E_dated_23rd_May_2023_Vinyl_Acetate_Monomer_Quality_Control_Amendment_Order_2024_S_O_927_E_dated_27th_February_2024_Vinyl_Acetate_Monomer_Quality_Control_Amendment_Order_2025_S_O_1555_E_Dated_01_April_2025_Rescind_order_of_Vinyl_Acetate_Monomer_Quality_Control_Order_2021_S_O_5530_E_Dated_01_December_2025,"Vinyl Acetate Monomer (Quality Control) Order, 2020 (S.O. No. 4003 (E) 04/11/2020) Amendment Orders for various chemical Products Vinyl Acetate Monomer(Quality Control) Order, 2021 Amendment order for various chemicals, dated 22/12/2021 Vinyl Acetate Monomer (Quality Control) Amendment Order, 2022 ( Amendment order for various chemicals, dated 30 May 2022) Vinyl Acetate Monomer (Quality Control) Second Amendment Order, 2022 ( Amendment order for various Chemicals, dated 25 November 2022) Vinyl Acetate Monomer (Quality Control) Amendment Order, 2023 (S.O. 2334(E), dated 23rd May, 2023) Methyl Acrylate, Ethyl Acrylate (Quality Control) Amendment Order, 2023 (S.O, 2335(E), dated 23rd May, 2023) Vinyl Acetate Monomer (Quality Control) Amendment Order, 2024 S.O. 927(E), dated 27th February 2024 Vinyl Acetate Monomer (Quality Control) Amendment Order, 2025 S.O.1555(E) Dated 01 April, 2025 Rescind order of Vinyl Acetate Monomer (Quality Control) Order, 2021 S.O. 5530(E) Dated 01 December, 2025",S.O. No.,d 22,d 22,Scheme-I,Ministry_of_Chemicals_and_Petrochemicals,"Mandatory conformity to Indian Standard with BIS Standard Mark (ISI Mark) under Section 16 of the Bureau of Indian Standards Act, 2016."
Styrene_Vinyl_Benzene_Quality_Control_Order_2020_S_O_No_4002_E_04_11_2020_Amendment_Orders_for_various_chemical_Products_Styrene_Vinyl_Benzene_Quality_Control_Order_2020_Amendment_order_for_various_Petrochemicals_dated_08_10_2021_Styrene_Vinyl_Benzene_Quality_Control_Order_2022_Amendment_order_for_various_chemicals_dated_05_04_2022_Styrene_Vinyl_Benzene_Quality_Control_Amendment_Order_2022_Amendment_order_for_various_Petrochemicals_dated_29_September_2022_Styrene_Vinyl_Benzene_Quality_Control_Amendment_Order_2023_S_O_1786_E_dated_18_04_2023_Styrene_Vinyl_Benzene_Quality_Control_Amendment_Order_2024_S_O_1465_E_dated_18th_March_2024_Styrene_Vinyl_Benzene_Quality_Control_Second_Amendment_Order_2024_S_O_4653_E_dated_24th_October_2024_Rescind_order_of_Styrene_Vinyl_Benzene_Quality_Control_Order_2022_S_O_4864_E_Dated_24_October_2025,"Styrene (Vinyl Benzene) (Quality Control) Order, 2020 (S.O. No. 4002 (E) 04/11/2020) Amendment Orders for various chemical Products Styrene (Vinyl Benzene)(Quality Control) Order, 2020 Amendment order for various Petrochemicals, dated 08/10/2021 Styrene (Vinyl Benzene)(Quality Control) Order, 2022 Amendment order for various chemicals, dated 05/04/2022 Styrene (Vinyl Benzene) (Quality Control) Amendment Order, 2022 Amendment order for various Petrochemicals, dated 29 September 2022 Styrene(Vinyl Benzene) (Quality Control) Amendment Order, 2023 (S.O. 1786(E), dated 18/04/2023) Styrene (Vinyl Benzene) (Quality Control) Amendment Order, 2024 (S.O. 1465(E), dated 18th March 2024) Styrene (Vinyl Benzene) (Quality Control) Second Amendment Order, 2024 S.O. 4653(E), dated 24th October 2024 Rescind order of Styrene (Vinyl Benzene) (Quality Control) Order, 2022 S.O. 4864 (E) Dated 24 October, 2025",S.O. No.,d 08,d 08,Scheme-I,Ministry_of_Chemicals_and_Petrochemicals,"Mandatory conformity to Indian Standard with BIS Standard Mark (ISI Mark) under Section 16 of the Bureau of Indian Standards Act, 2016."
Maleic_Anhydride_Quality_Control_Order_2020_S_O_No_4000_E_04_11_2020_Amendment_Orders_for_various_chemical_Products_Maleic_Anhydride_Quality_Control_Order_2021_Amendment_order_for_various_Petrochemicals_dated_08_10_2021_Maleic_Anhydride_Quality_Control_Order_2022_Amendment_order_for_various_chemicals_dated_05_04_2022_Maleic_Anhydride_Quality_Control_Amendment_Order_2022_Amendment_order_for_various_Petrochemicals_dated_29_September_2022_Maleic_Anhydride_Quality_Control_Amendment_Order_2023_S_O_1788_E_dated_18_04_2023_Amendment_in_Maleic_Anhydride_Quality_Control_Amendment_Order_2023_S_O_1986_E_dated_01_05_2023_Maleic_Anhydride_Quality_Control_Amendment_Order_2023_S_O_4233_E_dated_26th_September_2023_Maleic_Anhydride_Quality_Control_Amendment_Order_2024_S_O_1466_E_dated_18th_March_2024_Maleic_Anhydride_Quality_Control_Second_Amendment_Order_2024_S_O_4652_E_dated_24th_October_2024_Rescind_order_of_Maleic_Anhydride_Quality_Control_Order_2022_S_O_4863_E_Dated_24_October_2025,"Maleic Anhydride (Quality Control) Order, 2020 (S.O. No. 4000 (E) 04/11/2020) Amendment Orders for various chemical Products Maleic Anhydride (Quality Control) Order, 2021 Amendment order for various Petrochemicals, dated 08/10/2021 Maleic Anhydride (Quality Control) Order, 2022 Amendment order for various chemicals, dated 05/04/2022 Maleic Anhydride (Quality Control) Amendment Order, 2022 Amendment order for various Petrochemicals, dated 29 September 2022 Maleic Anhydride (Quality Control) Amendment Order, 2023 (S.O. 1788(E), dated 18/04/2023) Amendment in Maleic Anhydride (Quality Control) Amendment Order, 2023 (S.O. 1986(E), dated 01/05/2023) Maleic Anhydride (Quality Control) Amendment Order, 2023 (S.O. 4233(E), dated 26th September, 2023) Maleic Anhydride (Quality Control) Amendment Order, 2024 (S.O. 1466(E), dated 18th March 2024) Maleic Anhydride (Quality Control) Second Amendment Order, 2024 S.O. 4652(E), dated 24th October 2024 Rescind order of Maleic Anhydride (Quality Control) Order, 2022 S.O. 4863 (E) Dated 24 October, 2025",S.O. No.,d 08,d 08,Scheme-I,Ministry_of_Chemicals_and_Petrochemicals,"Mandatory conformity to Indian Standard with BIS Standard Mark (ISI Mark) under Section 16 of the Bureau of Indian Standards Act, 2016."
Acrylonitrile_Quality_Control_Order_2020_S_O_No_3999_E_04_11_2020_Acrylonitrile_Quality_Control_Amendment_Order_2020_Amendment_Orders_for_various_chemical_Products_Acrylonitrile_Quality_Control_Order_2021_Amendment_order_for_various_Petrochemicals_dated_08_10_2021_Acrylonitrile_Quality_Control_Order_2022_Amendment_order_for_various_chemicals_dated_05_04_2022_Acrylonitrile_Quality_Control_Amendment_Order_2022_Amendment_order_for_various_Petrochemicals_dated_29_September_2022_Acrylonitrile_Quality_Control_Amendment_Order_2023_S_O_1787_E_dated_18_04_2023_Acrylonitrile_Quality_Control_Amendment_Order_2024_S_O_1464_E_dated_18th_March_2024_Acrylonitrile_Quality_Control_Second_Amendment_Order_2024_S_O_4651_E_dated_24th_October_2024_Rescind_order_of_Acrylonitrile_Quality_Control_Order_2022_S_O_4862_E_Dated_24_October_2025,"Acrylonitrile (Quality Control) Order, 2020 (S.O. No. 3999 (E) 04/11/2020) Acrylonitrile (Quality Control) Amendment Order, 2020 Amendment Orders for various chemical Products Acrylonitrile (Quality Control) Order, 2021 Amendment order for various Petrochemicals, dated 08/10/2021 Acrylonitrile (Quality Control) Order, 2022 Amendment order for various chemicals, dated 05/04/2022 Acrylonitrile (Quality Control) Amendment Order, 2022 Amendment order for various Petrochemicals, dated 29 September 2022 Acrylonitrile (Quality Control) Amendment Order, 2023 (S.O. 1787(E), dated 18/04/2023) Acrylonitrile (Quality Control) Amendment Order, 2024 (S.O. 1464(E), dated 18th March 2024) Acrylonitrile (Quality Control) Second Amendment Order, 2024 S.O. 4651(E), dated 24th October 2024 Rescind order of Acrylonitrile (Quality Control) Order, 2022 S.O. 4862 (E) Dated 24 October, 2025",S.O. No.,d 08,d 08,Scheme-I,Ministry_of_Chemicals_and_Petrochemicals,"Mandatory conformity to Indian Standard with BIS Standard Mark (ISI Mark) under Section 16 of the Bureau of Indian Standards Act, 2016."
100_Percent_Polyester_Spun_Grey_and_White_Yarn_Quality_Control_Order_2021_S_O_1618_E_dated_15_04_2021_100_percent_Polyester_Spun_Grey_and_White_Yarn_PSY_Quality_Control_Amendment_Order_2021_S_O_4180_E_dated_08_10_2021_100_percent_Polyester_Spun_Gray_and_White_Yarn_Quality_Control_Order_2022_Amendment_order_for_various_chemicals_dated_05_04_2022_100_Percent_Polyester_Spun_Grey_and_White_Yarn_Quality_Control_Amendment_Order_2022_Amendment_order_for_various_Petrochemicals_dated_29_September_2022_100_Percent_Polyester_Spun_Grey_and_White_Yarn_Quality_Control_Amendment_Order_2023_S_O_1561_E_dated_31_03_2023_100_Percent_Polyester_Spun_Grey_and_White_Yarn_Quality_Control_Order_2023_S_O_3195_E_dated_17th_July_2023_Rescind_order_of_100_Percent_Polyester_Spun_Grey_and_White_Yarn_Quality_Control_Order_2023_S_O_5131_E_Dated_12_November_2025,"100 Percent Polyester Spun Grey and White Yarn (Quality Control) Order, 2021 (S.O. 1618 (E) dated 15.04.2021) 100 percent Polyester Spun Grey and White Yarn (PSY) (Quality Control) Amendment Order, 2021 (S.O. 4180(E) dated 08.10.2021) 100 percent Polyester Spun Gray and White Yarn (Quality Control) Order, 2022 Amendment order for various chemicals, dated 05/04/2022 100 Percent Polyester Spun Grey and White Yarn (Quality Control)Amendment Order, 2022 Amendment order for various Petrochemicals, dated 29 September 2022 100 Percent Polyester Spun Grey and White Yarn (Quality Control) Amendment Order, 2023 (S.O. 1561(E), dated 31/03/2023) 100 Percent Polyester Spun Grey and White Yarn (Quality Control) Order, 2023 (S.O. 3195(E), dated 17th July, 2023) Rescind order of 100 Percent. Polyester Spun Grey and White Yarn (Quality Control) Order, 2023 S.O. 5131 (E) Dated 12 November, 2025",S.O. 1618,d 15.04.2021,d 15.04.2021,Scheme-I,Ministry_of_Chemicals_and_Petrochemicals,"Mandatory conformity to Indian Standard with BIS Standard Mark (ISI Mark) under Section 16 of the Bureau of Indian Standards Act, 2016."
Polyester_Continuous_Filament_Fully_Drawn_Yarn_Quality_Control_Order_2021_S_O_1621_E_dated_15_04_2021_Polyester_Continuous_Filament_Fully_Drawn_Yarn_Quality_Control_Amendment_Order_2021_S_O_4183_E_dated_08_10_2021_Polyester_Continuous_Filament_Fully_Drawn_Yarn_Quality_Control_Order_2022_Amendment_order_for_various_chemicals_dated_05_04_2022_Polyester_Continuous_Filament_Fully_Drawn_Yarn_Quality_Control_Amendment_Order_2022_Amendment_order_for_various_Petrochemicals_dated_29_September_2022_Polyester_Continuous_Filament_Fully_Drawn_Yarn_Quality_Control_Amendment_Order_2023_S_O_1558_E_dated_31_03_2023_Polyester_Continuous_Filament_Fully_Drawn_Yarn_Quality_Control_Order_2023_S_O_3193_E_dated_17th_July_2023_Polyester_Continuous_Filament_Fully_Drawn_Yarn_Quality_Control_Amendment_Order_2024_S_O_2878_E_dated_18th_July_2024_Rescind_order_of_Polyester_Continuous_Filament_Fully_Drawn_Yarn_Quality_Control_Order_2023_S_O_5134_E_Dated_12_November_2025,"Polyester Continuous Filament Fully Drawn Yarn (Quality Control) Order, 2021 (S.O. 1621 (E) dated 15.04.2021) Polyester Continuous Filament Fully Drawn Yarn (Quality Control) Amendment Order, 2021 (S.O. 4183(E) dated 08.10.2021) Polyester Continuous Filament Fully Drawn Yarn (Quality Control) Order, 2022 Amendment order for various chemicals, dated 05/04/2022 Polyester Continuous Filament Fully Drawn Yarn (Quality Control) Amendment Order, 2022 Amendment order for various Petrochemicals, dated 29 September 2022 Polyester Continuous Filament Fully Drawn Yarn (Quality Control) Amendment Order, 2023 (S.O. 1558(E), dated 31/03/2023) Polyester Continuous Filament Fully Drawn Yarn (Quality Control) Order, 2023 (S.O. 3193(E), dated 17th July, 2023) Polyester Continuous Filament Fully Drawn Yarn (Quality Control) Amendment Order, 2024 S.O. 2878(E), dated 18th July 2024 Rescind order of Polyester Continuous Filament Fully Drawn Yarn (Quality Control) Order, 2023 S.O. 5134 (E) Dated 12 November, 2025",S.O. 1621,d 15.04.2021,d 15.04.2021,Scheme-I,Ministry_of_Chemicals_and_Petrochemicals,"Mandatory conformity to Indian Standard with BIS Standard Mark (ISI Mark) under Section 16 of the Bureau of Indian Standards Act, 2016."
Polyester_Industrial_Yarn_Quality_Control_Order_2021_S_O_1622_E_dated_15_04_2021_Polyester_Industrial_Yarn_Quality_Control_Amendment_Order_2021_S_O_4184_E_dated_08_10_2021_Polyester_Industrial_Yarn_Quality_Control_Order_2022_Amendment_order_for_various_chemicals_dated_05_04_2022_Polyester_Industrial_Yarn_Quality_Control_Amendment_Order_2022_Amendment_order_for_various_Petrochemicals_dated_29_September_2022_Polyester_Industrial_Yarn_Quality_Control_Amendment_Order_2023_S_O_1560_E_dated_31_03_2023_Polyester_Industrial_Yarn_Quality_Control_Second_Amendment_Order_2023_S_O_3196_E_dated_17th_July_2023_Rescind_order_of_Polyester_Industrial_Yarn_IDY_Quality_Control_Order_2022_S_O_5132_E_Dated_12_November_2025,"Polyester Industrial Yarn (Quality Control) Order, 2021 (S.O. 1622 (E) dated 15.04.2021) Polyester Industrial Yarn (Quality Control) Amendment Order, 2021 (S.O. 4184(E) dated 08.10.2021) Polyester Industrial Yarn (Quality Control) Order, 2022 Amendment order for various chemicals, dated 05/04/2022 Polyester Industrial Yarn (Quality Control) Amendment Order, 2022 Amendment order for various Petrochemicals, dated 29 September 2022 Polyester Industrial Yarn (Quality Control) Amendment Order, 2023 (S.O. 1560(E), dated 31/03/2023) Polyester Industrial Yarn (Quality Control) Second Amendment Order, 2023 (S.O. 3196(E), dated 17th July, 2023) Rescind order of Polyester Industrial Yarn (IDY) (Quality Control) Order, 2022 S.O. 5132 (E) Dated 12 November, 2025",S.O. 1622,d 15.04.2021,d 15.04.2021,Scheme-I,Ministry_of_Chemicals_and_Petrochemicals,"Mandatory conformity to Indian Standard with BIS Standard Mark (ISI Mark) under Section 16 of the Bureau of Indian Standards Act, 2016."
Polyester_Partially_Oriented_Yarn_Quality_Control_Order_2021_S_O_1623_E_dated_15_04_2021_Polyester_Partially_Oriented_Yarn_Quality_Control_Amendment_Order_2021_S_O_4185_E_dated_08_10_2021_Polyester_Partially_Oriented_Yarn_Quality_Control_Order_2022_Amendment_order_for_various_chemicals_dated_05_04_2022_Polyester_Partially_Oriented_Yarns_Quality_Control_Amendment_Order_2022_Amendment_order_for_various_Petrochemicals_dated_29_September_2022_Polyester_Partially_Oriented_Yarn_Quality_Control_Amendment_Order_2023_S_O_1559_E_dated_31_03_2023_Polyester_Partially_Oriented_Yarn_Quality_Control_Order_2023_S_O_3194_E_dated_17th_July_2023_Rescind_order_of_Polyester_Partially_Oriented_Yarn_Quality_Control_Order_2023_S_O_5135_E_Dated_12_November_2025,"Polyester Partially Oriented Yarn (Quality Control) Order, 2021 (S.O. 1623 (E) dated 15.04.2021) Polyester Partially Oriented Yarn (Quality Control) Amendment Order, 2021 (S.O. 4185(E) dated 08.10.2021) Polyester Partially Oriented Yarn(Quality Control) Order, 2022 Amendment order for various chemicals, dated 05/04/2022 Polyester Partially Oriented Yarns (Quality Control) Amendment Order, 2022 Amendment order for various Petrochemicals, dated 29 September 2022 Polyester Partially Oriented Yarn (Quality Control) Amendment Order, 2023 (S.O. 1559(E), dated 31/03/2023) Polyester Partially Oriented Yarn (Quality Control) Order, 2023 (S.O. 3194(E), dated 17th July, 2023) Rescind order of Polyester Partially Oriented Yarn (Quality Control) Order, 2023 S.O. 5135 (E) Dated 12 November, 2025",S.O. 1623,d 15.04.2021,d 15.04.2021,Scheme-I,Ministry_of_Chemicals_and_Petrochemicals,"Mandatory conformity to Indian Standard with BIS Standard Mark (ISI Mark) under Section 16 of the Bureau of Indian Standards Act, 2016."
Polyester_Staple_Fibres_Quality_Control_Order_2021_S_O_1624_E_dated_15_04_2021_Polyester_Staple_Fibers_Quality_Control_Amendment_Order_2021_S_O_4186_E_dated_08_10_2021_Polyester_Staple_Fibres_Quality_Control_Order_2022_Amendment_order_for_various_chemicals_dated_05_04_2022_Polyester_Staple_Fibres_PSF_Quality_Control_Amendment_Order_2022_Amendment_order_for_various_Petrochemicals_dated_29_September_2022_Polyester_Staple_Fibres_Quality_Control_Amendment_Order_2023_S_O_2333_E_dated_26th_May_2023_Rescind_order_of_Polyester_Staple_Fibres_PSF_Quality_Control_Order_2022_S_O_5133_E_Dated_12_November_2025,"Polyester Staple Fibres (Quality Control) Order, 2021 (S.O. 1624 (E) dated 15.04.2021) Polyester Staple Fibers (Quality Control) Amendment Order, 2021 (S.O. 4186(E) dated 08.10.2021) Polyester Staple Fibres (Quality Control) Order, 2022 Amendment order for various chemicals, dated 05/04/2022 Polyester Staple Fibres (PSF) (Quality Control) Amendment Order, 2022 Amendment order for various Petrochemicals, dated 29 September 2022 Polyester Staple Fibres (Quality Control) Amendment Order, 2023 S.O. 2333(E), dated 26th May 2023 Rescind order of Polyester Staple Fibres (PSF) (Quality Control) Order, 2022 S.O. 5133 (E) Dated 12 November, 2025",S.O. 1624,d 15.04.2021,d 15.04.2021,Scheme-I,Ministry_of_Chemicals_and_Petrochemicals,"Mandatory conformity to Indian Standard with BIS Standard Mark (ISI Mark) under Section 16 of the Bureau of Indian Standards Act, 2016."
Polyethylene_Material_for_Moulding_and_Extrusion_Quality_Control_Order_2021_S_O_1625_E_dated_15_04_2021_Polyethylene_Material_for_moulding_and_extrusion_Quality_Control_Amendment_Order_2021_S_O_4187_E_dated_08_10_2021_Polyethylene_Material_for_Moulding_and_Extrusion_Quality_Control_Order_2022_Amendment_order_for_various_chemicals_dated_05_04_2022_Polyethylene_Material_for_Moulding_and_Extrusion_Quality_Control_Amendment_Order_2022_Amendment_order_for_various_Petrochemicals_dated_29_September_2022_Polyethylene_Material_for_Moulding_and_Extrusion_Quality_Control_Amendment_Order_2023_S_O_1557_E_dated_31_03_2023_Polyethylene_Material_for_Moulding_and_Extrusion_Quality_Control_Amendment_Order_2023_S_O_4235_E_26th_September_2023_Polyethylene_Material_for_Moulding_and_Extrusion_Quality_Control_Amendment_Order_2024_S_O_68_E_dated_04th_January_2024_Polyethylene_Material_for_Moulding_and_Extrusion_Quality_Control_Amendment_Order_2025_S_O_2560_E_Dated_12_June_2025_Rescind_order_of_Polyethylene_Material_for_moulding_and_extrusion_Quality_Control_Order_2022_S_O_5136_E_Dated_12_November_2025,"Polyethylene Material for Moulding and Extrusion (Quality Control) Order, 2021 (S.O. 1625 (E) dated 15.04.2021) Polyethylene Material for moulding and extrusion (Quality Control) Amendment Order, 2021 (S.O. 4187(E) dated 08.10.2021) Polyethylene Material for Moulding and Extrusion (Quality Control) Order, 2022 Amendment order for various chemicals, dated 05/04/2022 Polyethylene Material for Moulding and Extrusion (Quality Control) Amendment Order, 2022 Amendment order for various Petrochemicals, dated 29 September 2022 Polyethylene Material for Moulding and Extrusion (Quality Control) Amendment Order, 2023 (S.O. 1557(E), dated 31/03/2023) Polyethylene Material for Moulding and Extrusion(Quality Control) Amendment Order, 2023 (S.O. 4235(E), 26th September, 2023) Polyethylene Material for Moulding and Extrusion (Quality Control) Amendment Order, 2024 (S.O. 68(E), dated 04th January, 2024) Polyethylene Material for Moulding and Extrusion (Quality Control) Amendment Order, 2025 S.O.2560 (E) Dated 12 June, 2025 Rescind order of Polyethylene Material for moulding and extrusion (Quality Control) Order, 2022 S.O. 5136 (E) Dated 12 November, 2025",S.O. 1625,d 15.04.2021,d 15.04.2021,Scheme-I,Ministry_of_Chemicals_and_Petrochemicals,"Mandatory conformity to Indian Standard with BIS Standard Mark (ISI Mark) under Section 16 of the Bureau of Indian Standards Act, 2016."
34_Styrene_Butadiene_Rubber_Latex_Quality_Control_Order_2021_S_O_1626_E_dated_15_04_2021_Styrene_Butadiene_Rubber_Latex_Quality_Control_Amendment_Order_2024_S_O_3957_E_dated_18th_September_2024,"34. Styrene-Butadiene Rubber Latex (Quality Control) Order, 2021 (S.O. 1626 (E) dated 15.04.2021) Styrene-Butadiene Rubber Latex (Quality Control) Amendment Order, 2024 S.O. 3957(E), dated 18th September 2024",S.O. 1626,d 15.04.2021,d 15.04.2021,Scheme-I,Ministry_of_Consumer_Affairs_Food_and_Public_Distribution,"Mandatory conformity to Indian Standard with BIS Standard Mark (ISI Mark) under Section 16 of the Bureau of Indian Standards Act, 2016."
35_Synthetic_Micro_Fibres_for_use_in_Cement_Based_Matrix_Quality_Control_Order_2021_S_O_1627_E_dated_15_04_2021_Synthetic_Micro_Fibres_for_use_in_Cement_Based_Matrix_Quality_Control_Amendment_Order_2021_S_O_4188_E_dated_08_10_2021_Synthetic_Micro_Fibres_for_use_in_Cement_Based_Matrix_Quality_Control_Order_2022_Amendment_order_for_various_chemicals_dated_05_04_2022_Synthetic_Micro_Fibres_for_use_in_Cement_Based_Matrix_Quality_Control_Amendment_Order_2022_Amendment_order_for_various_Petrochemicals_dated_29_September_2022,"35. Synthetic Micro-Fibres for use in Cement Based Matrix (Quality Control) Order, 2021 (S.O. 1627 (E) dated 15.04.2021) Synthetic Micro-Fibres for use in Cement Based Matrix (Quality Control) Amendment Order, 2021 (S.O. 4188(E) dated 08.10.2021) Synthetic Micro-Fibres for use in Cement Based Matrix (Quality Control) Order, 2022 Amendment order for various chemicals, dated 05/04/2022 Synthetic Micro- Fibres for use in Cement Based Matrix (Quality Control) Amendment Order, 2022 Amendment order for various Petrochemicals, dated 29 September 2022",S.O. 1627,d 15.04.2021,d 15.04.2021,Scheme-I,Department_for_Promotion_of_Industry_and_Internal_Trade_DPIIT,"Mandatory conformity to Indian Standard with BIS Standard Mark (ISI Mark) under Section 16 of the Bureau of Indian Standards Act, 2016."
36_Linear_Alkyl_Benzene_Quality_Control_Order_2021_S_O_1664_E_dated_15_04_2021_Linear_Alkyl_Benzene_Quality_Control_Amendment_Order_2021_S_O_4182_E_dated_08_10_2021_Linear_Alkyl_Benzene_Quality_Control_Order_2022_Amendment_order_for_various_chemicals_dated_05_04_2022_Linear_Alkyl_Benzene_Quality_Control_Amendment_Order_2022_Amendment_order_for_various_Petrochemicals_dated_29_September_2022_Linear_Alkyl_Benzene_Quality_Control_Amendment_Order_2022_S_O_1655_E_Dated_30_March_2026_Temporary_Suspension_of_Linear_Alkyl_Benzene_Quality_Control_Order_2022_S_O_3456_E_Dated_25_June_2026,"36. Linear Alkyl Benzene (Quality Control) Order, 2021 (S.O. 1664 (E) dated 15.04.2021) Linear Alkyl Benzene (Quality Control) Amendment Order, 2021 (S.O. 4182(E) dated 08.10.2021) Linear Alkyl Benzene (Quality Control) Order, 2022 Amendment order for various chemicals, dated 05/04/2022 Linear Alkyl Benzene (Quality Control) Amendment Order, 2022 Amendment order for various Petrochemicals, dated 29 September 2022 Linear Alkyl Benzene (Quality Control) Amendment Order, 2022 S.O.1655 (E) Dated 30 March, 2026 Temporary Suspension of Linear Alkyl Benzene (Quality Control) Order, 2022 S.O.3456 (E) Dated 25 June, 2026",S.O. 1664,d 15.04.2021,d 15.04.2021,Scheme-I,Ministry_of_Chemicals_and_Petrochemicals,"Mandatory conformity to Indian Standard with BIS Standard Mark (ISI Mark) under Section 16 of the Bureau of Indian Standards Act, 2016."
Ethylene_Vinyl_Acetate_Copolymers_Quality_Control_Order_2021_S_O_1620_E_dated_15_04_2021_Ethylene_Vinyl_Acetate_Copolymers_Quality_Control_Amendment_Order_2021_S_O_4181_E_dated_08_10_2021_Ethylene_Vinyl_Acetate_Copolymers_Quality_Control_Order_2022_Amendment_order_for_various_chemicals_dated_05_04_2022_Ethylene_Vinyl_Acetate_Copolymers_Quality_Control_Amendment_Order_2022_Amendment_order_for_various_Petrochemicals_dated_29_September_2022_Ethylene_Vinyl_Acetate_Copolymers_Quality_Control_Amendment_Order_2023_S_O_1556_E_dated_31_03_2023_Ethylene_Vinyl_Acetate_Copolymers_Quality_Control_Amendment_Order_2023_S_O_4234_E_26th_September_2023_Ethylene_Vinyl_Acetate_Copolymers_Quality_Control_Amendment_Order_2024_S_O_1463_E_dated_18th_March_2024_Ethylene_Vinyl_Acetate_Copolymers_Quality_Control_Second_Amendment_Order_2024_S_O_4286_E_dated_01st_October_2024_Ethylene_Vinyl_Acetate_Copolymers_Quality_Control_Amendment_Order_2025_S_O_4495_E_Dated_01_October_2025_Rescind_order_of_Ethylene_Vinyl_Acetate_EVA_Copolymers_Quality_Control_Order_2022_S_O_5140_E_Dated_12_November_2025,"Ethylene Vinyl Acetate Copolymers (Quality Control) Order, 2021 (S.O. 1620 (E) dated 15.04.2021) Ethylene Vinyl Acetate Copolymers (Quality Control) Amendment Order, 2021 (S.O. 4181(E) dated 08.10.2021) Ethylene Vinyl Acetate Copolymers (Quality Control) Order, 2022 Amendment order for various chemicals, dated 05/04/2022 Ethylene Vinyl Acetate Copolymers (Quality Control) Amendment Order, 2022 Amendment order for various Petrochemicals, dated 29 September 2022 Ethylene Vinyl Acetate Copolymers (Quality Control) Amendment Order, 2023 (S.O. 1556(E), dated 31/03/2023) Ethylene Vinyl Acetate Copolymers(Quality Control) Amendment Order, 2023 (S.O. 4234(E), 26th September, 2023) Ethylene Vinyl Acetate Copolymers (Quality Control) Amendment Order, 2024 (S.O. 1463(E), dated 18th March 2024) Ethylene Vinyl Acetate Copolymers (Quality Control) Second Amendment Order, 2024 S.O. 4286(E), dated 01st October 2024 Ethylene Vinyl Acetate Copolymers (Quality Control) Amendment Order, 2025 S.O. 4495 (E) Dated 01 October, 2025 Rescind order of Ethylene Vinyl Acetate (EVA) Copolymers (Quality Control) Order, 2022 S.O. 5140 (E) Dated 12 November, 2025",S.O. 1620,d 15.04.2021,d 15.04.2021,Scheme-I,Ministry_of_Chemicals_and_Petrochemicals,"Mandatory conformity to Indian Standard with BIS Standard Mark (ISI Mark) under Section 16 of the Bureau of Indian Standards Act, 2016."
37_3_N_N_Di_Ethyl_Aminophenol_Quality_Control_Order_2021_S_O_No_2031_E_25_05_2021,"37. 3 (N, N Di-Ethyl) Aminophenol (Quality Control) Order, 2021 (S.O. No. 2031 (E) 25/05/2021 )",S.O. No.,,,Scheme-I,Ministry_of_Consumer_Affairs_Food_and_Public_Distribution,"Mandatory conformity to Indian Standard with BIS Standard Mark (ISI Mark) under Section 16 of the Bureau of Indian Standards Act, 2016."
38_Methylene_Chloride_Dichloromethane_Quality_Control_Order_2021_S_O_No_2032_E_25_05_2021_Methylene_Chloride_Dichloromethane_Quality_Control_Amendment_Order_2021_S_O_4913_E_dated_29_11_2021_Methylene_Chloride_Dichloromethane_Quality_Control_Order_2021_Amendment_order_for_various_chemicals_dated_13_05_2022_Amendment_in_Methylene_Chloride_Dichloromethane_Quality_Control_Order_2021_S_O_5396_E_dated_18_November_2022_Methylene_Chloride_Dichloromethane_Quality_Control_Amendment_Order_2023_S_O_1870_E_dated_24_04_2023,"38. Methylene Chloride (Dichloromethane) (Quality Control) Order, 2021 (S.O. No. 2032 (E) 25/05/2021 ) Methylene Chloride (Dichloromethane) (Quality Control) Amendment Order, 2021 (S.O. 4913(E) dated 29.11.2021) Methylene Chloride (Dichloromethane)(Quality Control) Order, 2021 (Amendment order for various chemicals, dated 13/05/2022) Amendment in Methylene Chloride (Dichloromethane) (Quality Control) Order, 2021 S.O. 5396(E), dated 18 November 2022 Methylene Chloride (Dichloromethane) (Quality Control) Amendment Order, 2023 (S.O. 1870(E), dated 24/04/2023)",S.O. No.,d 29.11.2021,d 29.11.2021,Scheme-I,Ministry_of_Chemicals_and_Petrochemicals,"Mandatory conformity to Indian Standard with BIS Standard Mark (ISI Mark) under Section 16 of the Bureau of Indian Standards Act, 2016."
39_Red_Phosphorus_Quality_Control_Order_2021_S_O_No_2033_E_25_05_2021,"39. Red Phosphorus (Quality Control) Order, 2021 (S.O. No. 2033 (E) 25/05/2021 )",S.O. No.,,,Scheme-I,Ministry_of_Consumer_Affairs_Food_and_Public_Distribution,"Mandatory conformity to Indian Standard with BIS Standard Mark (ISI Mark) under Section 16 of the Bureau of Indian Standards Act, 2016."
Acrylonitrile_Butadiene_Styrene_ABS_Quality_Control_Order_2021_S_O_3927_E_dated_13_09_2021_Acrylonitrile_Butadiene_Styrene_ABS_Quality_Control_Amendment_Order_2022_Amendment_order_for_various_Petrochemicals_dated_07_01_2022_Acrylonitrile_Butadiene_Styrene_ABS_Quality_Control_Order_2022_Amendment_order_for_various_chemicals_dated_10_03_2022_Acrylonitrile_Butadiene_Styrene_ABS_Quality_Control_Third_Amendment_Order_2022_Amendment_order_for_various_Petrochemicals_dated_02_September_2022_Acrylonitrile_Butadiene_Styrene_ABS_Quality_Control_Amendment_Order_2023_S_O_1121_E_dated_09_03_2023_Acrylonitrile_Butadiene_Styrene_ABS_Quality_Control_Amendment_Order_2024_S_O_4988_E_dated_20th_November_2024_Rescind_order_of_Acrylonitrile_Butadiene_Styrene_ABS_Quality_Control_Order_2021_S_O_5137_E_Dated_12_November_2025,"Acrylonitrile-Butadiene Styrene (ABS) (Quality Control) Order, 2021 (S.O. 3927 (E) dated 13.09.2021) Acrylonitrile- Butadiene Styrene (ABS) (Quality Control) Amendment Order, 2022 Amendment order for various Petrochemicals, dated 07/01/2022 Acrylonitrile Butadiene Styrene (ABS) (Quality Control) Order, 2022 ( Amendment order for various chemicals, dated 10/03/2022) Acrylonitrile- Butadiene Styrene (ABS)(Quality Control) Third Amendment Order, 2022 ( Amendment order for various Petrochemicals, dated 02 September 2022) Acrylonitrile- Butadiene Styrene (ABS) (Quality Control) Amendment Order, 2023 (S.O. 1121(E), dated 09/03/2023) Acrylonitrile-Butadiene Styrene (ABS) (Quality Control) Amendment Order, 2024 S.O. 4988(E), dated 20th November 2024 Rescind order of Acrylonitrile Butadiene Styrene (ABS)(Quality Control) Order, 2021 S.O. 5137 (E) Dated 12 November, 2025",S.O. 3927,d 13.09.2021,d 13.09.2021,Scheme-I,Ministry_of_Chemicals_and_Petrochemicals,"Mandatory conformity to Indian Standard with BIS Standard Mark (ISI Mark) under Section 16 of the Bureau of Indian Standards Act, 2016."
Ethylene_Dichloride_Quality_Control_Order_2021_S_O_3928_E_dated_13_09_2021_Ethylene_Dichloride_Quality_Control_Order_2022_Amendment_order_for_various_chemicals_dated_10_03_2022_Ethylene_Dichloride_Quality_Control_Second_Amendment_Order_2022_Amendment_order_for_various_Petrochemicals_dated_02_September_2022_Ethylene_Dichloride_Quality_Control_Amendment_Order_2023_S_O_1124_E_dated_09_03_2023_Ethylene_Dichloride_Quality_Control_Amendment_Order_2024_S_O_1108_E_dated_06th_March_2024_Ethylene_Dichloride_Quality_Control_Second_Amendment_Order_2024_S_O_3936_E_dated_13th_September_2024_Ethylene_Dichloride_Quality_Control_Amendment_Order_2025_S_O_1126_E_Dated_11_March_2025_Ethylene_Dichloride_Quality_Control_Amendment_Order_2025_S_O_4177_E_Dated_16_September_2025_Rescind_order_of_Ethylene_Dichloride_Quality_Control_Order_2021_S_O_5531_E_Dated_01_December_2025,"Ethylene Dichloride (Quality Control) Order, 2021 (S.O. 3928 (E) dated 13.09.2021) Ethylene Dichloride (Quality Control) Order, 2022 ( Amendment order for various chemicals, dated 10/03/2022) Ethylene Dichloride(Quality Control) Second Amendment Order, 2022 ( Amendment order for various Petrochemicals, dated 02 September 2022) Ethylene Dichloride (Quality Control) Amendment Order, 2023 (S.O. 1124(E), dated 09/03/2023) Ethylene Dichloride (Quality Control) Amendment Order, 2024 S.O. 1108(E), dated 06th March 2024 Ethylene Dichloride (Quality Control) Second Amendment Order, 2024 S.O. 3936(E), dated 13th September 2024 Ethylene Dichloride (Quality Control) Amendment Order,2025 S.O.1126(E) Dated 11 March, 2025 Ethylene Dichloride (Quality Control) Amendment Order, 2025 S.O. 4177(E) Dated 16 September, 2025 Rescind order of Ethylene Dichloride (Quality Control) Order, 2021 S.O. 5531(E) Dated 01 December, 2025",S.O. 3928,d 13.09.2021,d 13.09.2021,Scheme-I,Ministry_of_Chemicals_and_Petrochemicals,"Mandatory conformity to Indian Standard with BIS Standard Mark (ISI Mark) under Section 16 of the Bureau of Indian Standards Act, 2016."
p_Xylene_Quality_Control_Order_2021_S_O_3929_E_dated_13_09_2021_p_Xylene_Quality_Control_Order_2022_Amendment_order_for_various_Petrochemicals_dated_23_03_2022_p_Xylene_Quality_Control_Second_Amendment_Order_2022_Amendment_order_for_various_Petrochemicals_dated_02_September_2022_p_Xylene_Quality_Control_Amendment_Order_2023_S_O_1239_E_dated_15_03_2023_p_Xylene_Quality_Control_Amendment_Order_2024_S_O_1111_E_dated_06th_March_2024_p_Xylene_Quality_Control_Second_Amendment_Order_2024_S_O_4173_E_dated_23rd_September_2024_p_Xylene_Quality_Control_Amendment_Order_2025_S_O_1252_E_Dated_19_March_2025_Rescind_order_of_p_Xylene_Quality_Control_Order_2021_S_O_5527_E_Dated_01_December_2025,"p-Xylene (Quality Control) Order, 2021 (S.O. 3929 (E) dated 13.09.2021) p-Xylene(Quality Control) Order, 2022 (Amendment order for various Petrochemicals, dated 23/03/2022) p-Xylene(Quality Control) Second Amendment Order, 2022 ( Amendment order for various Petrochemicals, dated 02 September 2022) p-Xylene (Quality Control) Amendment Order, 2023 (S.O. 1239(E) dated 15/03/2023) p-Xylene (Quality Control) Amendment Order, 2024 S.O. 1111(E), dated 06th March 2024 p-Xylene (Quality Control) Second Amendment Order, 2024 S.O. 4173(E), dated 23rd September 2024 p-Xylene (Quality Control) Amendment Order, 2025 S.O.1252(E) Dated 19 March, 2025 Rescind order of p-Xylene (Quality Control) Order, 2021 S.O. 5527(E) Dated 01 December, 2025",S.O. 3929,d 13.09.2021,d 13.09.2021,Scheme-I,Ministry_of_Chemicals_and_Petrochemicals,"Mandatory conformity to Indian Standard with BIS Standard Mark (ISI Mark) under Section 16 of the Bureau of Indian Standards Act, 2016."
Polycarbonate_Quality_Control_Order_2021_S_O_3930_E_dated_13_09_2021_Polycarbonate_Quality_Control_Order_2022_Amendment_order_for_various_chemicals_dated_10_03_2022_Polycarbonate_Quality_Control_Second_Amendment_Order_2022_Amendment_order_for_various_Petrochemicals_dated_02_September_2022_Polycarbonate_Quality_Control_Amendment_Order_2023_S_O_1122_E_dated_09_03_2023_Polycarbonate_Quality_Control_Amendment_Order_2024_S_O_1109_E_dated_06th_March_2024_Polycarbonate_Quality_Control_Second_Amendment_Order_2024_S_O_3953_E_dated_17th_September_2024_Polycarbonate_Quality_Control_Amendment_Order_2025_S_O_1128_E_Dated_11_March_2025_Polycarbonate_Quality_Control_Amendment_Order_2025_S_O_4176_E_Dated_16_September_2025_Rescind_order_of_Polycarbonate_Quality_Control_Order_2021_S_O_5142_E_Dated_12_November_2025,"Polycarbonate (Quality Control) Order, 2021 (S.O. 3930 (E) dated 13.09.2021) Polycarbonate (Quality Control) Order, 2022 ( Amendment order for various chemicals, dated 10/03/2022) Polycarbonate (Quality Control) Second Amendment Order, 2022 ( Amendment order for various Petrochemicals, dated 02 September 2022) Polycarbonate (Quality Control) Amendment Order, 2023 (S.O. 1122(E), dated 09/03/2023) Polycarbonate (Quality Control) Amendment Order, 2024 S.O. 1109(E), dated 06th March 2024 Polycarbonate (Quality Control) Second Amendment Order, 2024 S.O. 3953(E), dated 17th September 2024 Polycarbonate (Quality Control) Amendment Order, 2025 S.O.1128(E) Dated 11 March, 2025 Polycarbonate (Quality Control) Amendment Order, 2025 S.O. 4176(E) Dated 16 September, 2025 Rescind order of Polycarbonate (Quality Control) Order, 2021 S.O. 5142 (E) Dated 12 November, 2025",S.O. 3930,d 13.09.2021,d 13.09.2021,Scheme-I,Ministry_of_Chemicals_and_Petrochemicals,"Mandatory conformity to Indian Standard with BIS Standard Mark (ISI Mark) under Section 16 of the Bureau of Indian Standards Act, 2016."
Polyurethanes_Quality_Control_Order_2021_S_O_3931_E_dated_13_09_2021_Polyurethanes_Quality_Control_Amendment_Order_2022_Amendment_order_for_various_Petrochemicals_dated_07_01_2022_Polyurethanes_Quality_Control_Order_2022_Amendment_order_for_various_Petrochemicals_dated_23_03_2022_Polyurethanes_Quality_Control_Third_Amendment_Order_2022_Amendment_order_for_various_Petrochemicals_dated_02_September_2022_Polyurethanes_Quality_Control_Amendment_Order_2023_S_O_1238_E_dated_15_03_2023_Polyurethanes_Quality_Control_Amendment_Order_2024_S_O_1112_E_dated_06th_March_2024_Polyurethanes_Quality_Control_Second_Amendment_Order_2024_S_O_4172_E_dated_23rd_September_2024_Polyurethanes_Quality_Control_Amendment_Order_2025_S_O_1253_E_Dated_19_March_2025_Rescind_order_of_Polyurethanes_Quality_Control_Order_2021_S_O_5141_E_Dated_12_November_2025,"Polyurethanes (Quality Control) Order, 2021 (S.O. 3931 (E) dated 13.09.2021) Polyurethanes (Quality Control) Amendment Order, 2022. Amendment order for various Petrochemicals, dated 07/01/2022 Polyurethanes(Quality Control) Order, 2022 Amendment order for various Petrochemicals, dated 23/03/2022 Polyurethanes (Quality Control) Third Amendment Order, 2022 ( Amendment order for various Petrochemicals, dated 02 September 2022) Polyurethanes (Quality Control) Amendment Order, 2023 (S.O. 1238(E) dated 15/03/2023) Polyurethanes (Quality Control) Amendment Order, 2024 S.O. 1112(E), dated 06th March 2024 Polyurethanes (Quality Control) Second Amendment Order, 2024 S.O. 4172(E), dated 23rd September 2024 Polyurethanes (Quality Control) Amendment Order, 2025 S.O.1253(E) Dated 19 March, 2025 Rescind order of Polyurethanes (Quality Control) Order, 2021 S.O. 5141 (E) Dated 12 November, 2025",S.O. 3931,d 13.09.2021,d 13.09.2021,Scheme-I,Ministry_of_Chemicals_and_Petrochemicals,"Mandatory conformity to Indian Standard with BIS Standard Mark (ISI Mark) under Section 16 of the Bureau of Indian Standards Act, 2016."
Vinyl_Chloride_Monomer_Quality_Control_Order_2020_S_O_3932_E_dated_13_09_2021_Vinyl_Chloride_Monomer_Quality_Control_Order_2021_Amendment_order_dated_25_02_2022_Vinyl_Chloride_Monomer_Quality_Control_Order_2022_Amendment_order_for_various_chemicals_dated_10_03_2022_Vinyl_Chloride_Monomer_Quality_Control_Third_Amendment_Order_2022_Amendment_order_for_various_Petrochemicals_dated_02_September_2022_Vinyl_Chloride_Monomer_Quality_Control_Amendment_Order_2023_S_O_1123_E_dated_09_03_2023_Vinyl_Chloride_Monomer_Quality_Control_Amendment_Order_2024_S_O_1110_E_dated_06th_March_2024_Vinyl_Chloride_Monomer_Quality_Control_Second_Amendment_Order_2024_S_O_3937_E_dated_13th_September_2024_Vinyl_Chloride_Monomer_Quality_Control_Amendment_Order_2025_S_O_1127_E_Dated_11_March_2025_Vinyl_Chloride_Monomer_Quality_Control_Amendment_Order_2025_S_O_4175_E_Dated_16_September_2025_Rescind_order_of_Vinyl_Chloride_Monomer_Quality_Control_Order_2020_S_O_5532_E_Dated_01_December_2025,"Vinyl Chloride Monomer (Quality Control) Order, 2020 (S.O. 3932 (E) dated 13.09.2021) Vinyl Chloride Monomer Quality Control Order, 2021 ( Amendment order, dated 25/02/2022) Vinyl Chloride Monomer (Quality Control) Order, 2022 ( Amendment order for various chemicals, dated 10/03/2022) Vinyl Chloride Monomer(Quality Control) Third Amendment Order, 2022 ( Amendment order for various Petrochemicals, dated 02 September 2022) Vinyl Chloride Monomer (Quality Control) Amendment Order, 2023 (S.O. 1123(E), dated 09/03/2023) Vinyl Chloride Monomer (Quality Control) Amendment Order, 2024 S.O. 1110(E), dated 06th March 2024 Vinyl Chloride Monomer (Quality Control) Second Amendment Order, 2024 S.O. 3937(E), dated 13th September 2024 Vinyl Chloride Monomer (Quality Control) Amendment Order, 2025 S.O. 1127(E) Dated 11 March, 2025 Vinyl Chloride Monomer (Quality Control) Amendment Order, 2025 S.O. 4175(E) Dated 16 September, 2025 Rescind order of Vinyl Chloride Monomer (Quality Control) Order, 2020 S.O. 5532(E) Dated 01 December, 2025",S.O. 3932,d 13.09.2021,d 13.09.2021,Scheme-I,Ministry_of_Chemicals_and_Petrochemicals,"Mandatory conformity to Indian Standard with BIS Standard Mark (ISI Mark) under Section 16 of the Bureau of Indian Standards Act, 2016."
40_1_3_Phenylenediamine_Quality_Control_Order_2022_S_O_1960_E_dated_27_04_2022,"40. 1,3 Phenylenediamine (Quality Control) Order, 2022 (S.O. 1960(E), dated 27/04/2022)",S.O. 1960(E),d 27,d 27,Scheme-I,Ministry_of_Consumer_Affairs_Food_and_Public_Distribution,"Mandatory conformity to Indian Standard with BIS Standard Mark (ISI Mark) under Section 16 of the Bureau of Indian Standards Act, 2016."
Lauric_Acid_Quality_Control_Order_2022_S_O_1961_E_dated_27_04_2022_Lauric_Acid_Quality_Control_Amendment_Order_2022_Amendment_order_for_various_Chemicals_dated_21_October_2022_Lauric_Acid_Quality_Control_Amendment_Order_2023_S_O_1864_E_dated_24_04_2023_Lauric_Acid_Quality_Control_Amendment_Order_2023_S_O_4608_E_dated_19th_October_2023_Lauric_Acid_Quality_Control_Amendment_Order_2024_S_O_1136_E_dated_07th_March_2024_Lauric_Acid_Quality_Control_Second_Amendment_Order_2024_S_O_4611_E_dated_22nd_October_2024_Lauric_Acid_Quality_Control_Amendment_Order_2025_S_O_1870_E_Dated_25_April_2025_Rescinds_order_of_Lauric_Acid_Quality_Control_Order_2022_S_O_4780_E_Dated_22_October_2025,"Lauric Acid (Quality Control) Order, 2022 (S.O. 1961(E), dated 27/04/2022) Lauric Acid(Quality Control) Amendment Order, 2022 (Amendment order for various Chemicals, dated 21 October 2022) Lauric Acid (Quality Control) Amendment Order, 2023 (S.O. 1864(E), dated 24/04/2023) Lauric Acid (Quality Control) Amendment Order, 2023 (S.O. 4608(E), dated 19th October, 2023) Lauric Acid (Quality Control) Amendment Order, 2024 S.O. 1136(E), dated 07th March 2024 Lauric Acid (Quality Control) Second Amendment Order, 2024 S.O. 4611(E), dated 22nd October 2024 Lauric Acid (Quality Control Amendment Order, 2025 S.O. 1870 (E) Dated 25 April, 2025 Rescinds order of Lauric Acid (Quality Control) Order, 2022 S.O. 4780 (E) Dated 22 October, 2025",S.O. 1961(E),d 27,d 27,Scheme-I,Ministry_of_Chemicals_and_Petrochemicals,"Mandatory conformity to Indian Standard with BIS Standard Mark (ISI Mark) under Section 16 of the Bureau of Indian Standards Act, 2016."
Acid_Oil_Quality_Control_Order_2022_S_O_1961_E_dated_27_04_2022_Acid_Oil_Quality_Control_Amendment_Order_2022_Amendment_order_for_various_Chemicals_dated_21_October_2022_Acid_Oil_Quality_Control_Amendment_Order_2023_S_O_1865_E_dated_24_04_2023_Acid_Oil_Quality_Control_Amendment_Order_2023_S_O_4609_E_19th_October_2023_Acid_Oil_Quality_Control_Amendment_Order_2024_S_O_1137_E_dated_07th_March_2024_Acid_Oil_Quality_Control_Second_Amendment_Order_2024_S_O_4612_E_dated_22nd_October_2024_Acid_Oil_Quality_Control_Amendment_Order_2025_S_O_1871_E_Dated_25_April_2025_Rescinds_order_of_Acid_Oil_Quality_Control_Order_2022_S_O_4781_E_Dated_22_October_2025,"Acid Oil (Quality Control) Order, 2022 (S.O. 1961(E), dated 27/04/2022) Acid Oil (Quality Control) Amendment Order, 2022 (Amendment order for various Chemicals, dated 21 October 2022) Acid Oil (Quality Control) Amendment Order, 2023 (S.O. 1865(E), dated 24/04/2023) Acid Oil(Quality Control) Amendment Order, 2023 (S.O. 4609(E), 19th October, 2023) Acid Oil (Quality Control) Amendment Order, 2024 S.O. 1137(E), dated 07th March 2024 Acid Oil (Quality Control) Second Amendment Order, 2024 S.O. 4612(E), dated 22nd October 2024 Acid Oil (Quality Control) Amendment Order, 2025 S.O. 1871 (E) Dated 25 April, 2025 Rescinds order of Acid Oil (Quality Control) Order, 2022 S.O. 4781 (E) Dated 22 October, 2025",S.O. 1961(E),d 27,d 27,Scheme-I,Ministry_of_Chemicals_and_Petrochemicals,"Mandatory conformity to Indian Standard with BIS Standard Mark (ISI Mark) under Section 16 of the Bureau of Indian Standards Act, 2016."
Palm_Fatty_Acids_Quality_Control_Order_2022_S_O_1961_E_dated_27_04_2022_Palm_Fatty_Acids_Quality_Control_Amendment_Order_2022_Amendment_order_for_various_Chemicals_dated_21_October_2022_Palm_Fatty_Acids_Quality_Control_Amendment_Order_2023_S_O_1866_E_dated_24_04_2023_Palm_Fatty_Acids_Quality_Control_Amendment_Order_2023_S_O_4610_E_19th_October_2023_Palm_Fatty_Acids_Quality_Control_Amendment_Order_2024_S_O_1138_E_dated_07th_March_2024_Palm_Fatty_Acids_Quality_Control_Second_Amendment_Order_2024_S_O_4613_E_dated_22nd_October_2024_Palm_Fatty_Acids_Quality_Control_Amendment_Order_2025_S_O_1872_E_Dated_25_April_2025_Rescinds_order_of_Palm_Fatty_Acids_Quality_Control_Order_2022_S_O_4782_E_Dated_22_October_2025,"Palm Fatty Acids (Quality Control) Order, 2022 (S.O. 1961(E), dated 27/04/2022) Palm Fatty Acids (Quality Control) Amendment Order, 2022 (Amendment order for various Chemicals, dated 21 October 2022) Palm Fatty Acids (Quality Control) Amendment Order, 2023 (S.O. 1866(E), dated 24/04/2023) Palm Fatty Acids (Quality Control) Amendment Order, 2023 (S.O. 4610(E), 19th October, 2023) Palm Fatty Acids (Quality Control) Amendment Order, 2024 S.O. 1138(E), dated 07th March 2024 Palm Fatty Acids (Quality Control) Second Amendment Order, 2024 S.O. 4613(E), dated 22nd October 2024 Palm Fatty Acids (Quality Control) Amendment Order, 2025 S.O. 1872 (E) Dated 25 April, 2025 Rescinds order of Palm Fatty Acids (Quality Control) Order, 2022 S.O. 4782 (E) Dated 22 October, 2025",S.O. 1961(E),d 27,d 27,Scheme-I,Ministry_of_Chemicals_and_Petrochemicals,"Mandatory conformity to Indian Standard with BIS Standard Mark (ISI Mark) under Section 16 of the Bureau of Indian Standards Act, 2016."
Rice_Bran_Fatty_Acids_Quality_Control_Order_2022_S_O_1961_E_dated_27_04_2022_Rice_Bran_Fatty_Acids_Quality_Control_Amendment_Order_2022_Amendment_order_for_various_Chemicals_dated_21_October_2022_Rice_Bran_Fatty_Acids_Quality_Control_Amendment_Order_2023_S_O_1867_E_dated_24_04_2023_Rice_Bran_Fatty_Acids_Quality_Control_Amendment_Order_2023_S_O_4611_E_19th_October_2023_Rice_Bran_Fatty_Acids_Quality_Control_Amendment_Order_2024_S_O_1139_E_dated_07th_March_2024_Rice_Bran_Fatty_Acids_Quality_Control_Second_Amendment_Order_2024_S_O_4614_E_dated_22nd_October_2024_Rice_Bran_Fatty_Acids_Quality_Control_Amendment_Order_2025_S_O_1873_E_Dated_25_April_2025_Rescinds_order_of_Rice_Bran_Fatty_Acids_Quality_Control_Order_2022_S_O_4783_E_Dated_22_October_2025,"Rice Bran Fatty Acids (Quality Control) Order, 2022 (S.O. 1961(E), dated 27/04/2022) Rice Bran Fatty Acids (Quality Control) Amendment Order, 2022 (Amendment order for various Chemicals, dated 21 October 2022) Rice Bran Fatty Acids (Quality Control) Amendment Order, 2023 (S.O. 1867(E), dated 24/04/2023) Rice Bran Fatty Acids (Quality Control) Amendment Order, 2023 (S.O. 4611(E), 19th October, 2023) Rice Bran Fatty Acids (Quality Control) Amendment Order, 2024 S.O. 1139(E), dated 07th March 2024 Rice Bran Fatty Acids (Quality Control) Second Amendment Order, 2024 S.O. 4614(E), dated 22nd October 2024 Rice Bran Fatty Acids (Quality Control) Amendment Order, 2025 S.O. 1873 (E) Dated 25 April, 2025 Rescinds order of Rice Bran Fatty Acids (Quality Control) Order, 2022 S.O. 4783 (E) Dated 22 October, 2025",S.O. 1961(E),d 27,d 27,Scheme-I,Ministry_of_Chemicals_and_Petrochemicals,"Mandatory conformity to Indian Standard with BIS Standard Mark (ISI Mark) under Section 16 of the Bureau of Indian Standards Act, 2016."
Coconut_Fatty_Acids_Quality_Control_Order_2022_S_O_1961_E_dated_27_04_2022_Coconut_Fatty_Acids_Quality_Control_Amendment_Order_2022_Amendment_order_for_various_Chemicals_dated_21_October_2022_Coconut_Fatty_Acids_Quality_Control_Amendment_Order_2023_S_O_1868_E_dated_24_04_2023_Coconut_Fatty_Acids_Quality_Control_Amendment_Order_2023_S_O_4612_E_19th_October_2023_Coconut_Fatty_Acids_Quality_Control_Amendment_Order_2024_S_O_1140_E_dated_07th_March_2024_Coconut_Fatty_Acids_Quality_Control_Second_Amendment_Order_2024_S_O_4615_E_dated_22nd_October_2024_Coconut_Fatty_Acids_Quality_Control_Amendment_Order_2025_S_O_1874_E_Dated_25_April_2025_Rescinds_order_of_Coconut_Fatty_Acids_Quality_Control_Order_2022_S_O_4784_E_Dated_22_October_2025,"Coconut Fatty Acids (Quality Control) Order, 2022 (S.O. 1961(E), dated 27/04/2022) Coconut Fatty Acids (Quality Control) Amendment Order, 2022 (Amendment order for various Chemicals, dated 21 October 2022) Coconut Fatty Acids (Quality Control) Amendment Order, 2023 (S.O. 1868(E), dated 24/04/2023) Coconut Fatty Acids (Quality Control) Amendment Order, 2023 (S.O. 4612(E), 19th October, 2023) Coconut Fatty Acids (Quality Control) Amendment Order, 2024 S.O. 1140(E), dated 07th March 2024 Coconut Fatty Acids (Quality Control) Second Amendment Order, 2024 S.O. 4615(E), dated 22nd October 2024 Coconut Fatty Acids (Quality Control) Amendment Order, 2025 S.O. 1874 (E) Dated 25 April, 2025 Rescinds order of Coconut Fatty Acids (Quality Control) Order, 2022 S.O. 4784 (E) Dated 22 October, 2025",S.O. 1961(E),d 27,d 27,Scheme-I,Ministry_of_Chemicals_and_Petrochemicals,"Mandatory conformity to Indian Standard with BIS Standard Mark (ISI Mark) under Section 16 of the Bureau of Indian Standards Act, 2016."
41_Rubberseed_Fatty_Acids_Quality_Control_Order_2022_S_O_1961_E_dated_27_04_2022,"41. Rubberseed Fatty Acids (Quality Control) Order, 2022 (S.O. 1961(E), dated 27/04/2022)",S.O. 1961(E),d 27,d 27,Scheme-I,Ministry_of_Consumer_Affairs_Food_and_Public_Distribution,"Mandatory conformity to Indian Standard with BIS Standard Mark (ISI Mark) under Section 16 of the Bureau of Indian Standards Act, 2016."
Hydrogenated_Rice_Bran_Fatty_Acids_Quality_Control_Order_2022_S_O_1961_E_dated_27_04_2022_Hydrogenated_Rice_Bran_Fatty_Acids_Quality_Control_Amendment_Order_2022_Amendment_order_for_various_Chemicals_dated_21_October_2022_Hydrogenated_Rice_Bran_Fatty_Acids_Quality_Control_Amendment_Order_2023_S_O_1869_E_dated_24_04_2023_Hydrogenated_Rice_Bran_Fatty_Acids_Quality_Control_Amendment_Order_2023_S_O_4613_E_19th_October_2023_Hydrogenated_Rice_Bran_Fatty_Acids_Quality_Control_Amendment_Order_2024_S_O_1141_E_dated_07th_March_2024_Hydrogenated_Rice_Bran_Fatty_Acids_Quality_Control_Second_Amendment_Order_2024_S_O_4616_E_dated_22nd_October_2024_Hydrogenated_Rice_Bran_Fatty_Acids_Quality_Control_Amendment_Order_2025_S_O_1875_E_Dated_25_April_2025_Rescinds_order_of_Hydrogeneted_Rice_Bran_Fatty_Acids_Quality_Control_Order_2022_S_O_4785_E_Dated_22_October_2025,"Hydrogenated Rice Bran Fatty Acids (Quality Control) Order, 2022 (S.O. 1961(E), dated 27/04/2022) Hydrogenated Rice Bran Fatty Acids (Quality Control) Amendment Order, 2022 (Amendment order for various Chemicals, dated 21 October 2022 ) Hydrogenated Rice Bran Fatty Acids (Quality Control) Amendment Order, 2023 (S.O. 1869(E), dated 24/04/2023) Hydrogenated Rice Bran Fatty Acids (Quality Control) Amendment Order, 2023 (S.O. 4613(E), 19th October, 2023) Hydrogenated Rice Bran Fatty Acids (Quality Control) Amendment Order, 2024 S.O. 1141(E), dated 07th March 2024 Hydrogenated Rice Bran Fatty Acids (Quality Control) Second Amendment Order, 2024 S.O. 4616(E), dated 22nd October 2024 Hydrogenated Rice Bran Fatty Acids (Quality Control) Amendment Order, 2025 S.O. 1875 (E) Dated 25 April, 2025 Rescinds order of Hydrogeneted Rice Bran Fatty Acids (Quality Control) Order, 2022 S.O. 4785 (E) Dated 22 October, 2025",S.O. 1961(E),d 27,d 27,Scheme-I,Ministry_of_Chemicals_and_Petrochemicals,"Mandatory conformity to Indian Standard with BIS Standard Mark (ISI Mark) under Section 16 of the Bureau of Indian Standards Act, 2016."
42_Bureau_of_Indian_Standards_Kitchen_Appliances_Quality_Control_Order_2018_S_O_5243_E_dated_10th_October_2018,"42. Bureau of Indian Standards Kitchen Appliances (Quality Control) Order, 2018 S.O. 5243(E) dated 10th October, 2018",S.O. 5243(E),"d 10th October, 2018","d 10th October, 2018",Scheme-I,Ministry_of_Consumer_Affairs_Food_and_Public_Distribution,"Mandatory conformity to Indian Standard with BIS Standard Mark (ISI Mark) under Section 16 of the Bureau of Indian Standards Act, 2016."
43_Bureau_of_Indian_Standards_Domestic_Water_Heater_for_Use_with_Liquefied_Petroleum_Gas_Quality_Control_Order_2018_S_O_5244_E_dated_10th_October_2018,"43. Bureau of Indian Standards Domestic Water Heater for Use with Liquefied Petroleum Gas (Quality Control) Order, 2018 S.O. 5244(E) dated 10th October, 2018",S.O. 5244(E),"d 10th October, 2018","d 10th October, 2018",Scheme-I,Ministry_of_Consumer_Affairs_Food_and_Public_Distribution,"Mandatory conformity to Indian Standard with BIS Standard Mark (ISI Mark) under Section 16 of the Bureau of Indian Standards Act, 2016."
44_Air_Conditioner_and_its_related_Parts_Hermetic_Compressor_and_Temperature_Sensing_Controls_Quality_Control_Order_2019_S_O_4354_E_dated_05th_December_2019_The_Air_Conditioner_and_its_related_Parts_Hermetic_Compressor_and_Temperature_Sensing_Controls_Quality_Control_Amendment_Order_2020_S_O_1518_E_dated_18th_May_2020_The_Air_Conditioner_and_its_related_Parts_Hermetic_Compressor_and_Temperature_Sensing_Controls_Quality_Control_Second_Amendment_Order_2020_Air_Conditioner_and_its_related_parts_Hermetic_Compressor_and_Temperature_Sensing_Controls_Quality_Control_Amendment_Order_2021_S_O_5095_E_dated_08_December_2021_Air_Conditioner_and_its_related_Parts_Hermetic_Compressors_and_Temperature_Sensing_Controls_Quality_Control_Amendment_Order_2022_S_O_5972_E_dated_21_12_2022_Air_Conditioner_and_its_related_Parts_Hermetic_Compressor_and_Temperature_Sensing_Controls_Quality_Control_Amendment_Order_2023_S_O_32_E_dated_29th_December_2023_Air_Conditioner_and_its_related_Parts_Hermetic_Compressor_and_Temperature_Sensing_Controls_Quality_Control_Amendment_Order_2025_S_O_695_E_Dated_11_February_2025_Air_Conditioner_and_its_related_Parts_Hermetic_Compressor_and_Temperature_Sensing_Controls_Quality_Control_Amendment_Order_2025_Air_Conditioner_and_its_related_Parts_Hermetic_Compressor_and_Temperature_Sensing_Controls_Quality_Control_Amendment_Order_2025_S_O_1815_E_Dated_22_April_2025_Air_Conditioner_and_its_related_Parts_Hermetic_Compressor_and_Temperature_Sensing_Controls_Quality_Control_Amendment_Order_2026_S_O_2324_E_Dated_08_May_2026_Transition_Facilitation_Quality_Control_Order_2026_S_O_3417_E_Dated_25_June_2026,"44. Air Conditioner and its related Parts, Hermetic Compressor and Temperature Sensing Controls (Quality Control) Order, 2019 S.O. 4354(E) dated 05th December, 2019 The Air Conditioner and its related Parts, Hermetic Compressor and Temperature Sensing Controls (Quality Control) Amendment Order, 2020. (S.O. 1518(E) dated 18th May, 2020) The Air Conditioner and its related Parts, Hermetic Compressor and Temperature Sensing Controls (Quality Control) Second Amendment Order, 2020. Air Conditioner and its related parts, Hermetic Compressor and Temperature Sensing Controls (Quality Control) Amendment Order, 2021 S.O. 5095(E), dated 08 December, 2021 Air Conditioner and its related Parts, Hermetic Compressors and Temperature Sensing Controls (Quality Control) Amendment Order, 2022 (S.O. 5972(E), dated 21/12/2022) Air Conditioner and its related Parts, Hermetic Compressor and Temperature Sensing Controls (Quality Control) Amendment Order, 2023 (S.O. 32(E), dated 29th December, 2023) Air Conditioner and its related Parts, Hermetic Compressor and Temperature Sensing Controls (Quality Control) Amendment Order, 2025 S.O. 695(E) Dated 11 February, 2025 Air Conditioner and its related Parts, Hermetic Compressor and Temperature Sensing Controls (Quality Control) Amendment Order, 2025 Air Conditioner and its related Parts, Hermetic Compressor and Temperature Sensing Controls (Quality Control) Amendment Order, 2025 S.O.1815 (E) Dated 22 April, 2025 Air Conditioner and its related Parts, Hermetic Compressor and Temperature Sensing Controls (Quality Control) Amendment Order, 2026 S.O.2324 (E) Dated 08 May, 2026 Transition Facilitation (Quality Control) Order, 2026 S.O. 3417 (E) Dated 25 June, 2026",S.O. 4354(E),"d 05th December, 2019 The Air Conditioner and its related Parts, Hermetic Compressor and Temperature Sensing Controls","d 05th December, 2019 The Air Conditioner and its related Parts, Hermetic Compressor and Temperature Sensing Controls",Scheme-I,Department_for_Promotion_of_Industry_and_Internal_Trade_DPIIT,"Mandatory conformity to Indian Standard with BIS Standard Mark (ISI Mark) under Section 16 of the Bureau of Indian Standards Act, 2016."
Plugs_and_Socket_Outlets_and_Alternating_Current_Direct_Connected_Static_Prepayment_Meters_for_Active_Energy_Quality_Control_Order_2019_S_O_4353_E_dated_04th_December_2019_The_Plugs_and_Socket_Outlets_and_Alternating_Current_Direct_Connected_Static_Prepayment_Meters_for_Active_Energy_Quality_Control_Amendment_Order_2020_S_O_1517_E_dated_18th_May_2020_45_Superseded_by_Plugs_and_Socket_Outlets_and_AC_Direct_Connected_Static_Prepayment_Meters_for_Active_Energy_Quality_Control_Order_2021,"Plugs and Socket-Outlets and Alternating Current Direct Connected Static Prepayment Meters for Active Energy (Quality Control) Order, 2019 S.O. 4353(E) dated 04th December, 2019 The Plugs and Socket-Outlets and Alternating Current Direct Connected Static Prepayment Meters for Active Energy (Quality Control) Amendment Order, 2020 (S.O. 1517(E) dated 18th May, 2020 ) 45. Superseded by Plugs and Socket-Outlets and AC Direct Connected Static Prepayment Meters for Active Energy (Quality Control) Order, 2021",S.O. 4353(E),"d 04th December, 2019 The Plugs and Socket-Outlets and Alternating Current Direct Connected Static Prepayment Meters for Active Energy","d 04th December, 2019 The Plugs and Socket-Outlets and Alternating Current Direct Connected Static Prepayment Meters for Active Energy",Scheme-I,Department_for_Promotion_of_Industry_and_Internal_Trade_DPIIT,"Mandatory conformity to Indian Standard with BIS Standard Mark (ISI Mark) under Section 16 of the Bureau of Indian Standards Act, 2016."
46_Domestic_Gas_Stoves_for_use_with_Liquefied_Petroleum_Gases_Quality_Control_Order_2019_S_O_4345_E_dated_03th_December_2019,"46. Domestic Gas Stoves for use with Liquefied Petroleum Gases (Quality Control) Order, 2019 S.O. 4345(E) dated 03th December, 2019",S.O. 4345(E),"d 03th December, 2019","d 03th December, 2019",Scheme-I,Ministry_of_Petroleum_and_Natural_Gas,"Mandatory conformity to Indian Standard with BIS Standard Mark (ISI Mark) under Section 16 of the Bureau of Indian Standards Act, 2016."
Transparent_Float_Glass_Quality_Control_Order_2019_S_O_03_E_dated_31_12_2019_Transparent_Float_Glass_Quality_Control_Amendment_Order_2020_S_O_2016_E_dated_23_06_2020_47_Superseded_by_Transparent_Float_Glass_Quality_Control_Order_2021_S_O_1928_E_dated_17_05_2021,"Transparent Float Glass (Quality Control) Order, 2019 (S.O. 03 (E) dated 31/12/2019 Transparent Float Glass (Quality Control) (Amendment) Order, 2020 (S.O.2016(E) dated 23/06/2020) 47. Superseded by Transparent Float Glass (Quality Control) Order, 2021 (S.O. 1928 (E) dated 17.05.2021)",S.O. 03,d 31,d 31,Scheme-I,Department_for_Promotion_of_Industry_and_Internal_Trade_DPIIT,"Mandatory conformity to Indian Standard with BIS Standard Mark (ISI Mark) under Section 16 of the Bureau of Indian Standards Act, 2016."
48_Quality_Control_Order_2020_S_O_294_E_dated_21_01_2020_Domestic_Pressure_Cooker_Quality_Control_Amendment_Order_2020_S_O_2019_E_dated_23_06_2020,"48. (Quality Control) Order, 2020 (S.O. 294 (E) dated 21/01/2020) Domestic Pressure Cooker (Quality Control) (Amendment) Order, 2020 (S.O.2019(E) dated 23/06/2020)",S.O. 294,d 21,d 21,Scheme-I,Department_for_Promotion_of_Industry_and_Internal_Trade_DPIIT,"Mandatory conformity to Indian Standard with BIS Standard Mark (ISI Mark) under Section 16 of the Bureau of Indian Standards Act, 2016."
49_Cables_Quality_Control_Order_2020_S_O_280_E_dated_21_01_2020,"49. Cables (Quality Control) Order, 2020 (S.O. 280 (E) dated 21/01/2020 )",S.O. 280,d 21,d 21,Scheme-I,Ministry_of_Heavy_Industries,"Mandatory conformity to Indian Standard with BIS Standard Mark (ISI Mark) under Section 16 of the Bureau of Indian Standards Act, 2016."
50_Rubber_Hose_for_Liquefied_Petroleum_Gas_LPG_Quality_Control_Order_2020_S_O_478_E_dated_28th_January_2020,"50. Rubber Hose for Liquefied Petroleum Gas (LPG) (Quality Control ) Order, 2020 (S.O. 478(E) dated 28th January 2020)",S.O. 478(E),d 28th January 2020,d 28th January 2020,Scheme-I,Ministry_of_Petroleum_and_Natural_Gas,"Mandatory conformity to Indian Standard with BIS Standard Mark (ISI Mark) under Section 16 of the Bureau of Indian Standards Act, 2016."
51_Aluminium_Foil_Quality_Control_Order_2020_S_O_687_E_dated_13_02_2020,"51. Aluminium Foil (Quality Control) Order, 2020 (S.O. 687 (E) dated 13/02/2020 )",S.O. 687,d 13,d 13,Scheme-I,Ministry_of_Consumer_Affairs_Food_and_Public_Distribution,"Mandatory conformity to Indian Standard with BIS Standard Mark (ISI Mark) under Section 16 of the Bureau of Indian Standards Act, 2016."
52_Toys_Quality_Control_Order_2020_S_O_853_E_dated_25th_February_2020_Toys_Quality_Control_Amendment_Order_2020_Toys_Quality_Control_Amendment_Order_2020_Toys_Quality_Control_Second_Amendment_Order_2020_Toys_Quality_Control_Second_Amendment_Order_2020_Toys_Quality_Control_Amendment_Order_2024_S_O_4277_E_dated_01th_October_2024_Transition_Facilitation_Quality_Control_Order_2026_S_O_3417_E_Dated_25_June_2026,"52. Toys (Quality Control ) Order, 2020 (S.O. 853(E) dated 25th February 2020) Toys (Quality Control) Amendment Order, 2020 Toys (Quality Control) Amendment Order, 2020 Toys (Quality Control) Second Amendment Order 2020 Toys (Quality Control) Second Amendment Order 2020 Toys (Quality Control) Amendment Order, 2024 S.O. 4277(E), dated 01th October 2024 Transition Facilitation (Quality Control) Order, 2026 S.O. 3417 (E) Dated 25 June, 2026",S.O. 853(E),d 25th February 2020,d 25th February 2020,Scheme-I,Department_for_Promotion_of_Industry_and_Internal_Trade_DPIIT,"Mandatory conformity to Indian Standard with BIS Standard Mark (ISI Mark) under Section 16 of the Bureau of Indian Standards Act, 2016."
Toys_Quality_Control_Order_2020_S_O_853_E_dated_25th_February_2020_Toys_Quality_Control_Amendment_Order_2020_Toys_Quality_Control_Amendment_Order_2020_Toys_Quality_Control_Second_Amendment_Order_2020_Toys_Quality_Control_Second_Amendment_Order_2020_Toys_Quality_Control_Amendment_Order_2024_S_O_4277_E_dated_01th_October_2024_Transition_Facilitation_Quality_Control_Order_2026_S_O_3417_E_Dated_25_June_2026,"Toys (Quality Control ) Order, 2020 (S.O. 853(E) dated 25th February 2020) Toys (Quality Control) Amendment Order, 2020 Toys (Quality Control) Amendment Order, 2020 Toys (Quality Control) Second Amendment Order 2020 Toys (Quality Control) Second Amendment Order 2020 Toys (Quality Control) Amendment Order, 2024 S.O. 4277(E), dated 01th October 2024 Transition Facilitation (Quality Control) Order, 2026 S.O. 3417 (E) Dated 25 June, 2026",S.O. 853(E),d 25th February 2020,d 25th February 2020,Scheme-I,Department_for_Promotion_of_Industry_and_Internal_Trade_DPIIT,"Mandatory conformity to Indian Standard with BIS Standard Mark (ISI Mark) under Section 16 of the Bureau of Indian Standards Act, 2016."
Flat_Transparent_Sheet_Glass_Quality_Control_Order_2020_S_O_738_E_dated_14th_February_2020_Flat_transparent_Sheet_Glass_Quality_Control_Amendment_Order_2020_S_O_2017_E_dated_23_06_2020_53_Superseded_by_Flat_Transparent_Sheet_Glass_Quality_Control_Order_2021_S_O_4144_E_dated_7th_October_2021,"Flat Transparent Sheet Glass (Quality Control ) Order, 2020 (S.O. 738(E) dated 14th February 2020) Flat transparent Sheet Glass (Quality Control) (Amendment) Order, 2020 (S.O.2017(E) dated 23/06/2020) 53. Superseded by Flat Transparent Sheet Glass (Quality Control) Order, 2021 (S.O. 4144(E) dated 7th October, 2021)",S.O. 738(E),d 14th February 2020,d 14th February 2020,Scheme-I,Department_for_Promotion_of_Industry_and_Internal_Trade_DPIIT,"Mandatory conformity to Indian Standard with BIS Standard Mark (ISI Mark) under Section 16 of the Bureau of Indian Standards Act, 2016."
54_Safety_Glass_Quality_Control_Order_2020_S_O_1045_E_dated_12th_March_2020_Safety_Glass_Quality_Control_Amendment_Order_2020_S_O_2018_E_dated_23_06_2020_Safety_Glass_Quality_Control_Second_Amendment_Order_2020_S_O_No_3190_E_dated_18_09_2020_Safety_Glass_Quality_Control_Amendment_Order_2021_Safety_Glass_Quality_Control_Amendment_Order_2022_S_O_No_620_E_dated_10_02_2022_Safety_Glass_Quality_Control_Amendment_Order_2023_S_O_1431_E_dated_24_March_2023,"54. Safety Glass (Quality Control ) Order, 2020 (S.O. 1045(E) dated 12th March 2020) Safety Glass (Quality Control) Amendment Order, 2020 (S.O.2018(E) dated 23/06/2020) Safety Glass (Quality Control) Second Amendment Order, 2020 (S.O. No. 3190 (E) dated 18/09/2020) Safety Glass (Quality Control) Amendment Order, 2021 Safety Glass (Quality Control ) Amendment Order, 2022 (S.O. No. 620 (E) dated 10/02/2022) Safety Glass(Quality Control) Amendment Order, 2023 (S.O. 1431(E), dated 24 March 2023)",S.O. 1045(E),d 12th March 2020,d 12th March 2020,Scheme-I,Department_for_Promotion_of_Industry_and_Internal_Trade_DPIIT,"Mandatory conformity to Indian Standard with BIS Standard Mark (ISI Mark) under Section 16 of the Bureau of Indian Standards Act, 2016."
55_The_Textiles_High_Density_Polyethylene_and_Polypropylene_woven_sacks_for_packaging_or_filling_quality_control_Order_2020_S_O_1403_E_dated_23rd_April_2020,"55. The Textiles-High Density Polyethylene and Polypropylene woven sacks for packaging or filling (quality control) Order, 2020 S.O. 1403(E) dated 23rd April, 2020",S.O. 1403(E),"d 23rd April, 2020","d 23rd April, 2020",Scheme-I,Ministry_of_Textiles,"Mandatory conformity to Indian Standard with BIS Standard Mark (ISI Mark) under Section 16 of the Bureau of Indian Standards Act, 2016."
56_Butterfly_valves_Quality_Control_Order_2020_S_O_1920_E_dated_17_June_2020,"56. Butterfly valves (Quality Control) Order, 2020. (S.O. 1920 (E) dated 17 June, 2020)",S.O. 1920,"d 17 June, 2020","d 17 June, 2020",Scheme-I,Department_for_Promotion_of_Industry_and_Internal_Trade_DPIIT,"Mandatory conformity to Indian Standard with BIS Standard Mark (ISI Mark) under Section 16 of the Bureau of Indian Standards Act, 2016."
58_Plain_Copier_Paper_Quality_Control_Order_2020_S_O_2149_E_dated_05_06_2020,"58. Plain Copier Paper (Quality Control) Order, 2020. (S.O. 2149(E) dated 05/06/2020)",S.O. 2149(E),d 05,d 05,Scheme-I,Department_for_Promotion_of_Industry_and_Internal_Trade_DPIIT,"Mandatory conformity to Indian Standard with BIS Standard Mark (ISI Mark) under Section 16 of the Bureau of Indian Standards Act, 2016."
Automobile_Wheel_Rim_Component_Quality_Control_Order_2020_S_O_3227_E_dated_21_09_2020_60_Superseded_by_Automobile_Wheel_Rim_Component_Quality_Control_Amendment_Order_2021_Automobile_Wheel_Rim_Component_Quality_Control_Second_Amendment_Order_2021_S_O_4493_E_dated_22_October_2021_Automobile_Wheel_Rim_Component_Quality_Control_Amendment_Order_2022_Amendment_order_S_O_2634_E_dated_8th_June_2022_Automobile_Wheel_Rim_Component_Quality_Control_Amendment_Order_2023_S_O_2657_E_dated_15th_June_2023_Automobile_Wheel_Rim_Component_Quality_Control_Amendment_Order_II_2023_S_O_5379_E_dated_19th_December_2023,"Automobile Wheel Rim Component (Quality Control) Order, 2020 (S.O. 3227(E) dated 21/09/2020) 60. Superseded by Automobile Wheel Rim Component (Quality Control) Amendment Order,2021 Automobile Wheel Rim Component (Quality Control) Second Amendment Order, 2021 (S.O. 4493(E), dated 22 October 2021) Automobile Wheel Rim Component (Quality Control) Amendment Order, 2022. (Amendment order S.O.2634(E), dated 8th June 2022) Automobile Wheel Rim Component (Quality Control) Amendment Order, 2023 (S.O. 2657 (E), dated 15th June 2023) Automobile Wheel Rim Component (Quality Control) Amendment Order- II, 2023 (S.O. 5379(E), dated 19th December, 2023)",S.O. 3227(E),d 21,d 21,Scheme-I,Ministry_of_Road_Transport_and_Highways_MoRTH,"Mandatory conformity to Indian Standard with BIS Standard Mark (ISI Mark) under Section 16 of the Bureau of Indian Standards Act, 2016."
Footwear_made_from_all_Rubber_and_all_Polymeric_material_and_its_components_Quality_Control_Order_2020_S_O_No_3858_E_27_10_2020_Footwear_made_from_all_Rubber_and_all_Polymeric_material_and_its_components_Quality_Control_Amendment_Order_2020_S_O_4378_E_dated_04_12_2020_Footwear_made_from_all_Rubber_and_all_Polymeric_material_and_its_components_Quality_Control_Amendment_Order_2021_Rescind_order_for_the_Footwear_made_from_all_Rubber_and_all_Polymeric_material_and_its_components_Quality_Control_Order_2020_S_O_2597_E_dated_3rd_June_2022_61_Footwear_made_from_all_Rubber_and_all_Polymeric_material_and_its_components_Quality_Control_Order_2022_S_O_2600_E_dated_3rd_June_2022_Footwear_Made_from_all_Rubber_and_all_Polymeric_Material_and_its_Components_Quality_Control_Amendment_Order_2022_S_O_3880_E_dated_11_August_2022_Footwear_made_from_all_Rubber_and_all_Polymeric_Material_and_its_Components_Quality_Control_Amendment_Order_2023_S_O_3893_E_dated_1st_September_2023_Footwear_made_from_All_Rubber_and_all_Polymeric_Material_and_its_Components_Quality_Control_Order_2024_S_O_1422_E_dated_15th_March_2024_Footwear_made_from_All_Rubber_and_all_Polymeric_Material_and_its_Components_Quality_Control_Amendment_Order_2024_S_O_3701_E_dated_30th_August_2024_Order_for_Goods_038_Articles_Exemption_against_Import_S_O_775_E_Dated_13th_February_2026_Order_for_Goods_038_Articles_Exemption_against_Purchase_S_O_776_E_Dated_13th_February_2026_Footwear_made_from_All_Rubber_and_all_Polymeric_Material_and_its_Components_Quality_Control_Amendment_Order_2026_S_O_3037_E_Dated_12_June_2026_Transition_Facilitation_Quality_Control_Order_2026_S_O_3417_E_Dated_25_June_2026,"Footwear made from all-Rubber and all Polymeric material and its components (Quality Control) Order, 2020 (S.O. No. 3858 (E) 27/10/2020) Footwear made from all-Rubber and all Polymeric material and its components (Quality Control) Amendment Order, 2020 (S.O. 4378 (E) dated 04/12/2020) Footwear made from all Rubber and all Polymeric material and its components (Quality Control) Amendment Order, 2021 Rescind order for the Footwear made from all-Rubber and all Polymeric material and its components (Quality Control) Order, 2020 (S.O. 2597(E), dated 3rd June 2022) 61. Footwear made from all-Rubber and all Polymeric material and its components (Quality Control) Order, 2022 (S.O. 2600(E), dated 3rd June 2022 ) Footwear Made from all Rubber and all Polymeric Material and its Components (Quality Control) Amendment Order, 2022 S.O. 3880(E), dated 11 August 2022 Footwear made from all Rubber and all Polymeric Material and its Components (Quality Control) Amendment Order, 2023 S.O.3893(E), dated 1st September, 2023 Footwear made from All Rubber and all Polymeric Material and its Components (Quality Control) Order, 2024 S.O. 1422(E), dated 15th March 2024 Footwear made from All Rubber and all Polymeric Material and its Components (Quality Control) Amendment Order, 2024 S.O. 3701(E), dated 30th August 2024 Order for Goods &#038; Articles Exemption against Import S.O. 775(E) Dated 13th February, 2026 Order for Goods &#038; Articles Exemption against Purchase S.O. 776(E) Dated 13th February, 2026 Footwear made from All Rubber and all Polymeric Material and its Components (Quality Control) Amendment Order, 2026 S.O. 3037 (E) Dated 12 June, 2026 Transition Facilitation (Quality Control) Order, 2026 S.O. 3417 (E) Dated 25 June, 2026",S.O. No.,d 04,d 04,Scheme-I,Department_for_Promotion_of_Industry_and_Internal_Trade_DPIIT,"Mandatory conformity to Indian Standard with BIS Standard Mark (ISI Mark) under Section 16 of the Bureau of Indian Standards Act, 2016."
Footwear_made_from_Leather_and_other_materials_Quality_Control_Order_2020_S_O_No_3860_E_dated_27_10_2020_Footwear_made_from_Leather_and_other_materials_Quality_Control_Amendment_Order_2020_S_O_4379_E_dated_04_12_2020_Footwear_made_from_Leather_and_other_materials_Quality_Control_Amendment_Order_2021_Rescind_order_for_the_Footwear_made_from_Leather_and_other_materials_Quality_Control_Order_2020_S_O_2598_E_dated_3rd_June_2022_62_Footwear_made_from_Leather_and_other_materials_Quality_Control_Order_2022_S_O_2599_E_dated_3rd_June_2022_Footwear_Made_from_Leather_and_Other_Materials_Quality_Control_Amendment_Order_2022_S_O_3775_E_dated_11_August_2022_Footwear_made_from_Leather_and_other_Materials_Quality_Control_Order_2024_S_O_1421_E_dated_15th_March_2024_Footwear_made_from_Leather_and_other_Materials_Quality_Control_Amendment_Order_2024_S_O_3700_E_dated_30th_August_2024_Order_for_Goods_038_Articles_Exemption_against_Import_S_O_775_E_Dated_13th_February_2026_Order_for_Goods_038_Articles_Exemption_against_Purchase_S_O_776_E_Dated_13th_February_2026_Footwear_made_from_Leather_and_other_Materials_Quality_Control_Amendment_Order_2026_S_O_3038_E_Dated_12_June_2026_Transition_Facilitation_Quality_Control_Order_2026_S_O_3417_E_Dated_25_June_2026,"Footwear made from Leather and other materials (Quality Control) Order, 2020 (S.O. No. 3860(E) dated 27/10/2020) Footwear made from Leather and other materials (Quality Control) Amendment Order 2020 (S.O. 4379 (E) dated 04/12/2020) Footwear made from Leather and other materials (Quality Control) Amendment Order, 2021 Rescind order for the Footwear made from Leather and other materials(Quality Control)Order, 2020 (S.O. 2598(E), dated 3rd June 2022 ) 62. Footwear made from Leather and other materials(Quality Control)Order, 2022 (S.O. 2599(E), dated 3rd June 2022 ) Footwear Made from Leather and Other Materials (Quality Control) Amendment Order, 2022 S.O. 3775(E), dated 11 August 2022 Footwear made from Leather and other Materials (Quality Control) Order, 2024 S.O. 1421(E), dated 15th March 2024 Footwear made from Leather and other Materials (Quality Control) Amendment Order, 2024 S.O. 3700(E), dated 30th August 2024 Order for Goods &#038; Articles Exemption against Import S.O. 775(E) Dated 13th February, 2026 Order for Goods &#038; Articles Exemption against Purchase S.O. 776(E) Dated 13th February, 2026 Footwear made from Leather and other Materials (Quality Control) Amendment Order, 2026 S.O. 3038 (E) Dated 12 June, 2026 Transition Facilitation (Quality Control) Order, 2026 S.O. 3417 (E) Dated 25 June, 2026",S.O. No.,d 27,d 27,Scheme-I,Department_for_Promotion_of_Industry_and_Internal_Trade_DPIIT,"Mandatory conformity to Indian Standard with BIS Standard Mark (ISI Mark) under Section 16 of the Bureau of Indian Standards Act, 2016."
63_Personal_Protective_Equipment_Footwear_Quality_Control_Order_2020_S_O_No_3857_E_dated_27_10_2020_Personal_Protective_Equipment_Footwear_Quality_Control_Amendment_Order_2020_S_O_4377_E_dated_04_12_2020_Personal_Protective_Equipment_Footwear_Quality_Control_Amendment_Order_2021_Transition_Facilitation_Quality_Control_Order_2026_S_O_3417_E_Dated_25_June_2026,"63. Personal Protective Equipment – Footwear (Quality Control) Order, 2020 (S.O. No. 3857(E) dated 27/10/2020) Personal Protective Equipment – Footwear (Quality Control) Amendment Order, 2020 (S.O. 4377 (E) dated 04/12/2020) Personal Protective Equipment-Footwear (Quality Control) Amendment Order, 2021 Transition Facilitation (Quality Control) Order, 2026 S.O. 3417 (E) Dated 25 June, 2026",S.O. No.,d 27,d 27,Scheme-I,Department_for_Promotion_of_Industry_and_Internal_Trade_DPIIT,"Mandatory conformity to Indian Standard with BIS Standard Mark (ISI Mark) under Section 16 of the Bureau of Indian Standards Act, 2016."
64_Press_Tool_Punches_Quality_Control_Order_2020_S_O_No_3994_E_04_11_2020,"64. Press Tool- Punches (Quality Control) Order, 2020 (S.O. No. 3994 (E) 04/11/2020)",S.O. No.,,,Scheme-I,Department_for_Promotion_of_Industry_and_Internal_Trade_DPIIT,"Mandatory conformity to Indian Standard with BIS Standard Mark (ISI Mark) under Section 16 of the Bureau of Indian Standards Act, 2016."
65_Helmet_for_riders_of_Two_Wheeler_Motor_Vehicles_Quality_Control_Order_2020_S_O_No_4252_E_26_11_2020,"65. Helmet for riders of Two Wheeler Motor Vehicles (Quality Control) Order, 2020 (S.O. No. 4252 (E) 26/11/2020)",S.O. No.,,,Scheme-I,Ministry_of_Heavy_Industries,"Mandatory conformity to Indian Standard with BIS Standard Mark (ISI Mark) under Section 16 of the Bureau of Indian Standards Act, 2016."
Refrigerating_Appliances_Quality_Control_Order_2020_S_O_No_4489_E_10_12_2020_66_Refrigerating_Appliances_Quality_Control_Amendment_Order_2021_S_O_5339_E_dated_22_December_2021_Refrigerating_Appliances_Quality_Control_Amendment_Order_2021_Refrigerating_Appliances_Quality_Control_Amendment_Order_2022_S_O_5850_E_dated_14_December_2022_Refrigerating_Appliances_Quality_Control_Amendment_Order_2025_S_O_358_E_dated_21st_January_2025,"Refrigerating Appliances (Quality Control) Order, 2020 (S.O. No. 4489 (E) 10/12/2020) 66. Refrigerating Appliances (Quality Control) Amendment Order, 2021 (S.O. 5339(E), dated 22 December 2021) Refrigerating Appliances (Quality Control) Amendment Order, 2021 Refrigerating Appliances (Quality Control) Amendment Order, 2022 S.O. 5850(E), dated 14 December, 2022 Refrigerating Appliances (Quality Control) Amendment Order, 2025 S.O. 358(E), dated 21st January 2025",S.O. No.,d 22 December 2021,d 22 December 2021,Scheme-I,Department_for_Promotion_of_Industry_and_Internal_Trade_DPIIT,"Mandatory conformity to Indian Standard with BIS Standard Mark (ISI Mark) under Section 16 of the Bureau of Indian Standards Act, 2016."
67_Centrifugally_Cast_Spun_Iron_Pipes_Quality_Control_Order_2021_S_O_No_116_E_12_01_2021,"67. Centrifugally Cast (Spun) Iron Pipes (Quality Control) Order, 2021 (S.O. No. 116 (E) 12/01/2021)",S.O. No.,,,Scheme-I,Ministry_of_Steel,"Mandatory conformity to Indian Standard with BIS Standard Mark (ISI Mark) under Section 16 of the Bureau of Indian Standards Act, 2016."
68_Flux_Cored_Tubular_Electrodes_Quality_Control_Order_2021_S_O_No_1203_E_12_03_2021,"68. Flux Cored (Tubular) Electrodes (Quality Control) Order, 2021 (S.O. No. 1203 (E) 12/03/2021)",S.O. No.,,,Scheme-I,Ministry_of_Steel,"Mandatory conformity to Indian Standard with BIS Standard Mark (ISI Mark) under Section 16 of the Bureau of Indian Standards Act, 2016."
69_Sewing_Machines_Quality_Control_Order_2021_S_O_No_1239_E_15_03_2021,"69. Sewing Machines (Quality Control) Order, 2021 (S.O. No. 1239 (E) 15.03.2021)",S.O. No.,,,Scheme-I,Department_for_Promotion_of_Industry_and_Internal_Trade_DPIIT,"Mandatory conformity to Indian Standard with BIS Standard Mark (ISI Mark) under Section 16 of the Bureau of Indian Standards Act, 2016."
70_Environment_Protection_115_Amendment_Rules_2021_Notification_of_water_Purification_system_G_S_R_724_E_dated_04_10_2021_Water_Purification_System_Regulation_of_USE_Rules_2023_G_S_R_833_E_dated_10th_November_2023,"70. Environment (Protection) 115 Amendment Rules, 2021 (Notification of water Purification system G.S.R.724(E) dated 04.10.2021) Water Purification System (Regulation of USE) Rules, 2023 G.S.R. 833(E), dated 10th November, 2023)",G.S.R.724(E),d 04.10.2021,d 04.10.2021,Scheme-I,Ministry_of_Steel,"Mandatory conformity to Indian Standard with BIS Standard Mark (ISI Mark) under Section 16 of the Bureau of Indian Standards Act, 2016."
71_Jute_Bags_Quality_Control_Order_2022_S_O_2601_E_dated_6th_June_2022,"71. Jute Bags (Quality Control)Order, 2022 (S.O. 2601(E), dated 6th June 2022)",S.O. 2601(E),d 6th June 2022,d 6th June 2022,Scheme-I,Department_for_Promotion_of_Industry_and_Internal_Trade_DPIIT,"Mandatory conformity to Indian Standard with BIS Standard Mark (ISI Mark) under Section 16 of the Bureau of Indian Standards Act, 2016."
Viscose_Staple_Fibres_Quality_Control_Order_2022_S_O_6143_E_dated_29_12_2022_Viscose_Staple_Fibre_Quality_Control_Amendment_Order_2023_S_O_443_E_dated_27_01_2023_Rescind_Viscose_Staple_Fibres_Quality_Control_Order_2022_S_O_5267_E_Dated_18_November_2025,"Viscose Staple Fibres (Quality Control) Order, 2022 (S.O.6143(E), dated 29/12/2022) Viscose Staple Fibre (Quality Control) Amendment Order, 2023 (S.O. 443(E), dated 27/01/2023) Rescind Viscose Staple Fibres (Quality Control) Order, 2022 S.O. 5267(E) Dated 18 November, 2025",S.O.6143(E),d 29,d 29,Scheme-I,Department_for_Promotion_of_Industry_and_Internal_Trade_DPIIT,"Mandatory conformity to Indian Standard with BIS Standard Mark (ISI Mark) under Section 16 of the Bureau of Indian Standards Act, 2016."
72_Geo_Textiles_Quality_Control_Order_2022_S_O_1706_E_dated_10th_April_2023_Geo_Textiles_Quality_Control_Amendment_Order_2022_S_O_2331_E_dated_24th_May_2023_Ministry_of_Textiles_Order_2023_No_6_1_2021_8211_R_D_Pt_dated_06_October_2023,"72. Geo Textiles (Quality Control) Order, 2022 (S.O. 1706 (E), dated 10th April, 2023) Geo Textiles (Quality Control) Amendment Order, 2022 (S.O. 2331(E), dated 24th May, 2023) Ministry of Textiles Order, 2023 No. 6/1/2021 &#8211; R&D (Pt.) , dated 06 October, 2023",S.O. 1706,"d 10th April, 2023","d 10th April, 2023",Scheme-I,Ministry_of_Textiles,"Mandatory conformity to Indian Standard with BIS Standard Mark (ISI Mark) under Section 16 of the Bureau of Indian Standards Act, 2016."
73_Geotextiles_Quality_Control_Order_2024_S_O_4332_E_dated_03rd_October_2024,"73. Geotextiles (Quality Control) Order, 2024 S.O. 4332(E), dated 03rd October 2024",S.O. 4332(E),d 03rd October 2024,d 03rd October 2024,Scheme-I,Ministry_of_Textiles,"Mandatory conformity to Indian Standard with BIS Standard Mark (ISI Mark) under Section 16 of the Bureau of Indian Standards Act, 2016."
74_Protective_Textiles_Quality_Control_Order_2022_S_O_1707_E_dated_10th_April_2023_Protective_Textiles_Quality_Control_Amendment_Order_2022_S_O_2332_E_24th_May_2023_Protective_Textiles_Quality_Control_Amendment_Order_2024_S_O_3896_E_dated_12th_September_2024,"74. Protective Textiles (Quality Control) Order, 2022 (S.O. 1707(E), dated 10th April, 2023) Protective Textiles (Quality Control) Amendment Order, 2022 (S.O. 2332(E), 24th May, 2023) Protective Textiles (Quality Control) Amendment Order, 2024 S.O. 3896(E), dated 12th September 2024",S.O. 1707(E),"d 10th April, 2023","d 10th April, 2023",Scheme-I,Ministry_of_Textiles,"Mandatory conformity to Indian Standard with BIS Standard Mark (ISI Mark) under Section 16 of the Bureau of Indian Standards Act, 2016."
75_Protective_Textiles_Quality_Control_Upholstered_Composites_used_for_Non_Domestic_Furniture_Order_2024_S_O_3916_E_dated_12th_September_2024,"75. Protective Textiles Quality Control (Upholstered Composites used for Non-Domestic Furniture) Order, 2024 S.O. 3916(E), dated 12th September 2024",S.O. 3916(E),d 12th September 2024,d 12th September 2024,Scheme-I,Ministry_of_Textiles,"Mandatory conformity to Indian Standard with BIS Standard Mark (ISI Mark) under Section 16 of the Bureau of Indian Standards Act, 2016."
77_Potable_Water_Bottles_Quality_Control_Order_2023_S_O_2988_E_dated_5th_July_2023_Potable_Water_Bottles_Quality_Control_Order_2024_S_O_1071_E_dated_05th_March_2024_Potable_Water_Bottles_Quality_Control_Amendment_Order_2024_S_O_3702_E_dated_29th_August_2024_Amendment_in_the_Quality_Control_Order_S_O_777_E_Dated_13th_February_2026,"77. Potable Water Bottles (Quality Control) Order, 2023 S.O. 2988(E), dated 5th July 2023 Potable Water Bottles (Quality Control) Order, 2024 S.O. 1071(E), dated 05th March 2024 Potable Water Bottles (Quality Control) Amendment Order, 2024 S.O. 3702(E), dated 29th August 2024 Amendment in the Quality Control Order S.O. 777(E) Dated 13th February, 2026",S.O. 2988(E),d 5th July 2023 Potable Water Bottles,d 5th July 2023 Potable Water Bottles,Scheme-I,Ministry_of_Steel,"Mandatory conformity to Indian Standard with BIS Standard Mark (ISI Mark) under Section 16 of the Bureau of Indian Standards Act, 2016."
78_Welding_Rods_and_Electrodes_Quality_Control_Order_2023_S_O_3153_E_dated_14th_July_2023_Amendment_in_the_Quality_Control_Order_S_O_777_E_Dated_13th_February_2026,"78. Welding Rods and Electrodes (Quality Control) Order, 2023 S.O. 3153(E), dated 14th July 2023 Amendment in the Quality Control Order S.O. 777(E) Dated 13th February, 2026",S.O. 3153(E),d 14th July 2023 Amendment in the Quality Control Order S.O. 777,d 14th July 2023 Amendment in the Quality Control Order S.O. 777,Scheme-I,Ministry_of_Steel,"Mandatory conformity to Indian Standard with BIS Standard Mark (ISI Mark) under Section 16 of the Bureau of Indian Standards Act, 2016."
79_Smart_Meters_Quality_Control_Order_2023_S_O_3154_E_dated_14th_July_2023,"79 . Smart Meters (Quality Control) Order, 2023 S.O. 3154(E), dated 14th July 2023",S.O. 3154(E),d 14th July 2023,d 14th July 2023,Scheme-I,Department_for_Promotion_of_Industry_and_Internal_Trade_DPIIT,"Mandatory conformity to Indian Standard with BIS Standard Mark (ISI Mark) under Section 16 of the Bureau of Indian Standards Act, 2016."
80_Insulated_Flask_Bottles_and_Containers_for_Domestic_Use_Quality_Control_Order_2023_S_O_3140_E_dated_14th_July_2023_Insulated_Flask_Bottles_and_Containers_for_Domestic_Use_Quality_Control_Order_2024_S_O_1072_E_dated_05th_March_2024_Insulated_Flask_Bottles_and_Containers_for_Domestic_Use_Quality_Control_Amendment_Order_2024_S_O_3705_E_dated_29th_August_2024_Amendment_in_the_Quality_Control_Order_S_O_777_E_Dated_13th_February_2026,"80. Insulated Flask, Bottles and Containers for Domestic Use (Quality Control) Order, 2023 S.O. 3140(E), dated 14th July 2023 Insulated Flask, Bottles and Containers for Domestic Use (Quality Control) Order, 2024 S.O. 1072(E), dated 05th March 2024 Insulated Flask, Bottles and Containers for Domestic Use (Quality Control) Amendment Order, 2024 S.O. 3705(E), dated 29th August 2024 Amendment in the Quality Control Order S.O. 777(E) Dated 13th February, 2026",S.O. 3140(E),"d 14th July 2023 Insulated Flask, Bottles and Containers for Domestic Use","d 14th July 2023 Insulated Flask, Bottles and Containers for Domestic Use",Scheme-I,Department_for_Promotion_of_Industry_and_Internal_Trade_DPIIT,"Mandatory conformity to Indian Standard with BIS Standard Mark (ISI Mark) under Section 16 of the Bureau of Indian Standards Act, 2016."
81_Resin_treated_compressed_wood_laminates_Quality_Control_Order_2023_S_O_3139_E_dated_14th_July_2023_Resin_Treated_Compressed_Wood_Laminates_Quality_Control_Order_2024_S_O_1018_E_dated_29th_February_2024_Order_for_Goods_038_Articles_Exemption_against_Import_S_O_775_E_Dated_13th_February_2026_Order_for_Goods_038_Articles_Exemption_against_Purchase_S_O_776_E_Dated_13th_February_2026,"81. Resin treated compressed wood laminates (Quality Control) Order, 2023 S.O. 3139(E), dated 14th July 2023 Resin Treated Compressed Wood Laminates (Quality Control) Order, 2024 S.O. 1018(E), dated 29th February 2024 Order for Goods &#038; Articles Exemption against Import S.O. 775(E) Dated 13th February, 2026 Order for Goods &#038; Articles Exemption against Purchase S.O. 776(E) Dated 13th February, 2026",S.O. 3139(E),d 14th July 2023 Resin Treated Compressed Wood Laminates,d 14th July 2023 Resin Treated Compressed Wood Laminates,Scheme-I,Department_for_Promotion_of_Industry_and_Internal_Trade_DPIIT,"Mandatory conformity to Indian Standard with BIS Standard Mark (ISI Mark) under Section 16 of the Bureau of Indian Standards Act, 2016."
82_Bolts_Nuts_and_Fasteners_Quality_Control_Order_2023_S_O_3267_E_dated_21st_July_2023_Bolts_Nuts_and_Fasteners_Quality_Control_Order_2024_S_O_2771_E_dated_12th_July_2024,"82. Bolts, Nuts and Fasteners (Quality Control) Order, 2023 S.O. 3267(E), dated 21st July 2023 Bolts, Nuts and Fasteners (Quality Control) Order, 2024 S.O. 2771(E), dated 12th July 2024",S.O. 3267(E),"d 21st July 2023 Bolts, Nuts and Fasteners","d 21st July 2023 Bolts, Nuts and Fasteners",Scheme-I,Department_for_Promotion_of_Industry_and_Internal_Trade_DPIIT,"Mandatory conformity to Indian Standard with BIS Standard Mark (ISI Mark) under Section 16 of the Bureau of Indian Standards Act, 2016."
83_Cookware_and_Utensils_Quality_Control_Order_2023_S_O_3583_E_dated_9th_August_2023_Cookware_Utensils_and_Cans_for_foods_and_beverages_Quality_Control_Order_2024_S_O_1365_E_dated_14th_March_2024_Cookware_Utensils_and_Cans_for_Foods_and_Beverages_Quality_Control_Order_2024_S_O_4494_E_dated_14th_October_2024_Cookware_Utensils_and_Cans_for_Foods_and_Beverages_Quality_Control_Order_2024_S_O_4494_E_dated_14th_October_2024_Cookware_Utensils_and_Cans_for_Foods_and_Beverages_Quality_Control_Order_2025_S_O_3850_E_Dated_22_August_2025_Cookware_Utensils_and_Cans_for_Foods_and_Beverages_Quality_Control_Order_2026_S_O_219_E_Dated_15_January_2026_Cookware_Utensils_and_Cans_for_Foods_and_Beverages_Quality_Control_Order_2026_S_O_1661_E_Dated_30_March_2026,"83. Cookware and Utensils (Quality Control) Order, 2023 S.O. 3583(E), dated 9th August 2023 Cookware, Utensils and Cans for foods and beverages (Quality Control) Order , 2024 S.O. 1365(E), dated 14th March 2024 Cookware, Utensils and Cans for Foods and Beverages (Quality Control) Order, 2024 S.O. 4494(E), dated 14th October 2024 Cookware, Utensils and Cans for Foods and Beverages (Quality Control) Order, 2024 S.O. 4494(E), dated 14th October 2024 Cookware, Utensils and Cans for Foods and Beverages (Quality Control) Order, 2025 S.O. 3850 (E) Dated 22 August, 2025 Cookware, Utensils and Cans for Foods and Beverages (Quality Control) Order, 2026 S.O.219(E) Dated 15 January, 2026 Cookware, Utensils and Cans for Foods and Beverages (Quality Control) Order, 2026 S.O.1661 (E) Dated 30 March, 2026",S.O. 3583(E),"d 9th August 2023 Cookware, Utensils and Cans for foods and beverages","d 9th August 2023 Cookware, Utensils and Cans for foods and beverages",Scheme-I,Ministry_of_Steel,"Mandatory conformity to Indian Standard with BIS Standard Mark (ISI Mark) under Section 16 of the Bureau of Indian Standards Act, 2016."
84_Domestic_Gas_Stoves_for_use_with_Piped_Natural_Gas_Quality_Control_Order_2023_S_O_3584_E_dated_9th_August_2023,"84. Domestic Gas Stoves for use with Piped Natural Gas (Quality Control) Order, 2023 S.O. 3584(E), dated 9th August 2023",S.O. 3584(E),d 9th August 2023,d 9th August 2023,Scheme-I,Ministry_of_Petroleum_and_Natural_Gas,"Mandatory conformity to Indian Standard with BIS Standard Mark (ISI Mark) under Section 16 of the Bureau of Indian Standards Act, 2016."
85_Fire_Extinguishers_Quality_Control_Order_2023_S_O_3585_E_dated_9th_August_2023,"85. Fire Extinguishers (Quality Control) Order, 2023 S.O. 3585(E), dated 9th August 2023",S.O. 3585(E),d 9th August 2023,d 9th August 2023,Scheme-I,Department_for_Promotion_of_Industry_and_Internal_Trade_DPIIT,"Mandatory conformity to Indian Standard with BIS Standard Mark (ISI Mark) under Section 16 of the Bureau of Indian Standards Act, 2016."
86_Electric_Ceiling_Type_Fans_Quality_Control_Order_2023_S_O_3641_E_dated_9th_August_2023_Amendment_in_the_Quality_Control_Order_S_O_777_E_Dated_13th_February_2026,"86. Electric Ceiling Type Fans (Quality Control) Order, 2023 S.O. 3641(E), dated 9th August 2023 Amendment in the Quality Control Order S.O. 777(E) Dated 13th February, 2026",S.O. 3641(E),d 9th August 2023 Amendment in the Quality Control Order S.O. 777,d 9th August 2023 Amendment in the Quality Control Order S.O. 777,Scheme-I,Department_for_Promotion_of_Industry_and_Internal_Trade_DPIIT,"Mandatory conformity to Indian Standard with BIS Standard Mark (ISI Mark) under Section 16 of the Bureau of Indian Standards Act, 2016."
87_Wood_Based_Boards_Quality_Control_Order_2023_S_O_3604_E_dated_10th_August_2023_Wood_Based_Products_Quality_Control_Order_2024_S_O_No_1307_E_dated_12th_March_2024_Order_for_Goods_038_Articles_Exemption_against_Import_S_O_775_E_Dated_13th_February_2026_Order_for_Goods_038_Articles_Exemption_against_Purchase_S_O_776_E_Dated_13th_February_2026,"87. Wood Based Boards (Quality Control) Order, 2023 S.O. 3604(E), dated 10th August 2023 Wood Based Products (Quality Control) Order, 2024 S.O. No. 1307(E), dated 12th March 2024 Order for Goods &#038; Articles Exemption against Import S.O. 775(E) Dated 13th February, 2026 Order for Goods &#038; Articles Exemption against Purchase S.O. 776(E) Dated 13th February, 2026",S.O. 3604(E),d 10th August 2023 Wood Based Products,d 10th August 2023 Wood Based Products,Scheme-I,Department_for_Promotion_of_Industry_and_Internal_Trade_DPIIT,"Mandatory conformity to Indian Standard with BIS Standard Mark (ISI Mark) under Section 16 of the Bureau of Indian Standards Act, 2016."
88_Cast_Iron_Products_Quality_Control_Order_2023_S_O_3806_E_dated_24th_August_2023_Cast_Iron_Products_Quality_Control_Order_2024_S_O_2287_E_dated_13th_June_2024,"88. Cast Iron Products (Quality Control) Order, 2023 S.O. 3806(E), dated 24th August 2023 Cast Iron Products (Quality Control) Order, 2024 S.O. 2287(E), dated 13th June 2024",S.O. 3806(E),d 24th August 2023 Cast Iron Products,d 24th August 2023 Cast Iron Products,Scheme-I,Ministry_of_Steel,"Mandatory conformity to Indian Standard with BIS Standard Mark (ISI Mark) under Section 16 of the Bureau of Indian Standards Act, 2016."
89_Solar_DC_Cable_and_Fire_Survival_Cable_Quality_Control_Order_2023_S_O_3807_E_dated_24th_August_2023,"89. Solar DC Cable and Fire Survival Cable (Quality Control) Order, 2023 S.O. 3807(E), dated 24th August 2023",S.O. 3807(E),d 24th August 2023,d 24th August 2023,Scheme-I,Ministry_of_Heavy_Industries,"Mandatory conformity to Indian Standard with BIS Standard Mark (ISI Mark) under Section 16 of the Bureau of Indian Standards Act, 2016."
Aluminium_and_Aluminium_Alloys_Quality_Control_Order_2023_S_O_3846_E_dated_31st_August_2023_Aluminium_and_Aluminium_Alloys_Quality_Control_Amendment_Order_2023_S_O_5090_E_dated_30th_November_2023_Aluminium_and_Aluminium_Alloys_Quality_Control_Amendment_Order_2024_S_O_1902_E_dated_03rd_May_2024_Withdrawal_of_Aluminium_and_Aluminium_Alloys_Quality_Control_Order_2023_S_O_5173_E_Dated_13_November_2025,"Aluminium and Aluminium Alloys (Quality Control) Order, 2023 S.O. 3846(E), dated 31st August 2023 Aluminium and Aluminium Alloys (Quality Control) Amendment Order, 2023 (S.O. 5090(E), dated 30th November, 2023) Aluminium and Aluminium Alloys (Quality Control) Amendment Order, 2024 S.O. 1902(E), dated 03rd May 2024 Withdrawal of Aluminium and Aluminium Alloys (Quality Control) Order, 2023 S.O. 5173(E) Dated 13 November, 2025",S.O. 3846(E),d 31st August 2023 Aluminium and Aluminium Alloys,d 31st August 2023 Aluminium and Aluminium Alloys,Scheme-I,Department_for_Promotion_of_Industry_and_Internal_Trade_DPIIT,"Mandatory conformity to Indian Standard with BIS Standard Mark (ISI Mark) under Section 16 of the Bureau of Indian Standards Act, 2016."
Copper_Quality_Control_Order_2023_S_O_3847_E_dated_31st_August_2023_Copper_Quality_Control_Amendment_Order_2023_S_O_4796_E_dated_3rd_November_2023_Copper_Quality_Control_Amendment_Order_2024_S_O_1901_E_dated_03rd_May_2024_Withdrawal_of_Copper_Quality_Control_Order_2023_S_O_5174_E_Dated_13_November_2025,"Copper (Quality Control) Order, 2023 S.O. 3847(E), dated 31st August 2023 Copper (Quality Control) Amendment Order, 2023 (S.O. 4796(E), dated 3rd November, 2023) Copper (Quality Control) Amendment Order, 2024 S.O. 1901(E), dated 03rd May 2024 Withdrawal of Copper (Quality Control) Order, 2023 S.O. 5174(E) Dated 13 November, 2025",S.O. 3847(E),d 31st August 2023 Copper,d 31st August 2023 Copper,Scheme-I,Department_for_Promotion_of_Industry_and_Internal_Trade_DPIIT,"Mandatory conformity to Indian Standard with BIS Standard Mark (ISI Mark) under Section 16 of the Bureau of Indian Standards Act, 2016."
Nickel_Quality_Control_Order_2023_S_O_3848_E_dated_31st_August_2023_Nickel_Quality_Control_Amendment_Order_2023_S_O_5091_E_dated_30th_November_2023_Nickel_Quality_Control_Amendment_Order_2024_S_O_1900_E_dated_03rd_May_2024_Withdrawal_of_Nickel_Quality_Control_Order_2023_S_O_5166_E_Dated_13_November_2025,"Nickel (Quality Control) Order, 2023 S.O. 3848(E), dated 31st August 2023 Nickel (Quality Control) Amendment Order, 2023 (S.O. 5091(E), dated 30th November, 2023) Nickel (Quality Control) Amendment Order, 2024 S.O. 1900(E), dated 03rd May 2024 Withdrawal of Nickel (Quality Control) Order, 2023 S.O. 5166(E) Dated 13 November, 2025",S.O. 3848(E),d 31st August 2023 Nickel,d 31st August 2023 Nickel,Scheme-I,Department_for_Promotion_of_Industry_and_Internal_Trade_DPIIT,"Mandatory conformity to Indian Standard with BIS Standard Mark (ISI Mark) under Section 16 of the Bureau of Indian Standards Act, 2016."
90_Plywood_and_Wooden_flush_door_shutters_Quality_Control_Order_2023_S_O_3841_E_dated_29th_August_2023_Plywood_and_Wooden_flush_door_shutters_Quality_Control_Order_2024_S_O_1377_E_dated_15th_March_2024_Order_for_Goods_038_Articles_Exemption_against_Import_S_O_775_E_Dated_13th_February_2026_Order_for_Goods_038_Articles_Exemption_against_Purchase_S_O_776_E_Dated_13th_February_2026,"90. Plywood and Wooden flush door shutters (Quality Control) Order, 2023 S.O. 3841(E), dated 29th August 2023 Plywood and Wooden flush door shutters (Quality Control) Order, 2024 S.O. 1377(E), dated 15th March 2024 Order for Goods &#038; Articles Exemption against Import S.O. 775(E) Dated 13th February, 2026 Order for Goods &#038; Articles Exemption against Purchase S.O. 776(E) Dated 13th February, 2026",S.O. 3841(E),d 29th August 2023 Plywood and Wooden flush door shutters,d 29th August 2023 Plywood and Wooden flush door shutters,Scheme-I,Department_for_Promotion_of_Industry_and_Internal_Trade_DPIIT,"Mandatory conformity to Indian Standard with BIS Standard Mark (ISI Mark) under Section 16 of the Bureau of Indian Standards Act, 2016."
Flux_Cored_Solder_Wire_Quality_Control_Order_2023_S_O_4092_E_dated_18th_September_2023_Rescind_Flux_Cored_Solder_Wire_Quality_Control_Order_2023_S_O_165_E_Dated_12_January_2026,"Flux Cored Solder Wire (Quality Control) Order, 2023 S.O. 4092(E), dated 18th September 2023 Rescind Flux Cored Solder Wire (Quality Control) Order, 2023 S.O. 165(E) Dated 12 January, 2026",S.O. 4092(E),d 18th September 2023 Rescind Flux Cored Solder Wire,d 18th September 2023 Rescind Flux Cored Solder Wire,Scheme-I,Department_for_Promotion_of_Industry_and_Internal_Trade_DPIIT,"Mandatory conformity to Indian Standard with BIS Standard Mark (ISI Mark) under Section 16 of the Bureau of Indian Standards Act, 2016."
91_Miscellaneous_Steel_Products_Quality_Control_Order_2023_S_O_4240_E_dated_25th_September_2023,"91. Miscellaneous Steel Products (Quality Control) Order, 2023 S.O. 4240(E), dated 25th September 2023",S.O. 4240(E),d 25th September 2023,d 25th September 2023,Scheme-I,Ministry_of_Steel,"Mandatory conformity to Indian Standard with BIS Standard Mark (ISI Mark) under Section 16 of the Bureau of Indian Standards Act, 2016."
92_Aluminium_and_Aluminium_Alloy_Products_Quality_Control_Order_2023_S_O_4241_E_dated_25th_September_2023_Aluminum_and_Aluminum_Alloy_Products_Quality_Control_Amendment_Order_2024_S_O_1512_E_dated_22nd_March_2024_Aluminium_and_Aluminium_Alloy_Products_Quality_Control_Order_2024_S_O_4696_E_dated_28th_October_2024_Aluminium_and_Aluminium_Alloy_Products_Quality_Control_Order_2025_S_O_2021_E_Dated_06_May_2025_Corrigendum_S_O_2682_E_Dated_16_June_2025_S_O_2683_E_Dated_16_June_2025_Order_for_Goods_038_Articles_Exemption_against_Import_S_O_775_E_Dated_13th_February_2026_Order_for_Goods_038_Articles_Exemption_against_Purchase_S_O_776_E_Dated_13th_February_2026_Aluminium_and_Aluminium_Alloy_Products_Quality_Control_Order_2026_S_O_1319_E_Dated_13_March_2026,"92. Aluminium and Aluminium Alloy Products (Quality Control) Order, 2023 S.O. 4241(E), dated 25th September 2023 Aluminum and Aluminum Alloy Products (Quality Control) Amendment Order, 2024 S.O. 1512(E), dated 22nd March 2024 Aluminium and Aluminium Alloy Products (Quality Control) Order, 2024 S.O. 4696(E), dated 28th October 2024 Aluminium and Aluminium Alloy Products (Quality Control) Order, 2025 S.O. 2021 (E) Dated 06 May, 2025 Corrigendum S.O. 2682 (E) Dated 16 June, 2025 शुद्धिपत्र S.O. 2683 (E) Dated 16 June, 2025 Order for Goods &#038; Articles Exemption against Import S.O. 775(E) Dated 13th February, 2026 Order for Goods &#038; Articles Exemption against Purchase S.O. 776(E) Dated 13th February, 2026 Aluminium and Aluminium Alloy Products (Quality Control) Order, 2026 S.O. 1319 (E) Dated 13 March, 2026",S.O. 4241(E),d 25th September 2023 Aluminum and Aluminum Alloy Products,d 25th September 2023 Aluminum and Aluminum Alloy Products,Scheme-I,Department_for_Promotion_of_Industry_and_Internal_Trade_DPIIT,"Mandatory conformity to Indian Standard with BIS Standard Mark (ISI Mark) under Section 16 of the Bureau of Indian Standards Act, 2016."
93_Precision_Roller_and_Bush_Chains_attachments_and_associated_chain_sprockets_Quality_Control_Order_2023_S_O_4242_E_dated_25th_September_2023_Precision_Roller_and_Bush_Chains_attachments_and_associated_Chains_sprockets_Quality_Control_Order_2024_S_O_2174_E_dated_03rd_June_2024,"93. Precision Roller and Bush Chains, attachments and associated chain sprockets (Quality Control) Order, 2023 S.O. 4242(E), dated 25th September 2023 Precision Roller and Bush Chains, attachments and associated Chains sprockets (Quality Control) Order, 2024 S.O. 2174(E), dated 03rd June 2024",S.O. 4242(E),"d 25th September 2023 Precision Roller and Bush Chains, attachments and associated Chains sprockets","d 25th September 2023 Precision Roller and Bush Chains, attachments and associated Chains sprockets",Scheme-I,Department_for_Promotion_of_Industry_and_Internal_Trade_DPIIT,"Mandatory conformity to Indian Standard with BIS Standard Mark (ISI Mark) under Section 16 of the Bureau of Indian Standards Act, 2016."
94_Self_Contained_Drinking_Water_Coolers_Quality_Control_Order_2023_S_O_4243_E_dated_25th_September_2023_Self_Contained_Drinking_Water_Cooler_Quality_Control_Order_2024_S_O_2112_E_dated_24th_May_2024_Order_for_Goods_038_Articles_Exemption_against_Import_S_O_775_E_Dated_13th_February_2026_Order_for_Goods_038_Articles_Exemption_against_Purchase_S_O_776_E_Dated_13th_February_2026,"94. Self- Contained Drinking Water Coolers (Quality Control) Order, 2023 S.O. 4243(E), dated 25th September 2023 Self-Contained Drinking Water Cooler (Quality Control) Order, 2024 S.O. 2112(E), dated 24th May 2024 Order for Goods &#038; Articles Exemption against Import S.O. 775(E) Dated 13th February, 2026 Order for Goods &#038; Articles Exemption against Purchase S.O. 776(E) Dated 13th February, 2026",S.O. 4243(E),d 25th September 2023 Self-Contained Drinking Water Cooler,d 25th September 2023 Self-Contained Drinking Water Cooler,Scheme-I,Ministry_of_Consumer_Affairs_Food_and_Public_Distribution,"Mandatory conformity to Indian Standard with BIS Standard Mark (ISI Mark) under Section 16 of the Bureau of Indian Standards Act, 2016."
95_Medical_Textiles_Quality_Control_Order_2023_S_O_4247_E_dated_27th_September_2023_Medical_Textiles_Quality_Control_Amendment_Order_2024_S_O_830_E_dated_22nd_February_2024_Medical_Textiles_Quality_Control_Order_2024_S_O_4634_E_dated_23rd_October_2024_Medical_Textiles_Quality_Control_Amendment_Order_2025_S_O_04_E_dated_02nd_January_2025_Medical_Textiles_Quality_Control_Second_Amendment_Order_2025_S_O_3526_E_Dated_30_July_2025,"95. Medical Textiles (Quality Control) Order, 2023 S.O. 4247(E), dated 27th September 2023 Medical Textiles (Quality Control) Amendment Order, 2024 (S.O. 830(E), dated 22nd February, 2024) Medical Textiles (Quality Control) Order, 2024 S.O. 4634(E), dated 23rd October 2024 Medical Textiles (Quality Control) Amendment Order, 2025 S.O. 04(E), dated 02nd January 2025 Medical Textiles (Quality Control) Second Amendment Order, 2025 S.O.3526 (E) Dated 30 July, 2025",S.O. 4247(E),d 27th September 2023 Medical Textiles,d 27th September 2023 Medical Textiles,Scheme-I,Ministry_of_Textiles,"Mandatory conformity to Indian Standard with BIS Standard Mark (ISI Mark) under Section 16 of the Bureau of Indian Standards Act, 2016."
96_Agro_Textiles_Quality_Control_Order_2023_S_O_4248_E_dated_27th_September_2023_Agro_Textiles_Quality_Control_Amendment_Order_2024_S_O_1579_E_dated_28th_March_2024,"96. Agro Textiles (Quality Control) Order, 2023 S.O. 4248(E), dated 27th September 2023 Agro Textiles (Quality Control) Amendment Order, 2024 S.O. 1579(E), dated 28th March 2024",S.O. 4248(E),d 27th September 2023 Agro Textiles,d 27th September 2023 Agro Textiles,Scheme-I,Ministry_of_Textiles,"Mandatory conformity to Indian Standard with BIS Standard Mark (ISI Mark) under Section 16 of the Bureau of Indian Standards Act, 2016."
97_Copper_Products_Quality_Control_Order_2023_S_O_4595_E_dated_17th_October_2023_Copper_Products_Quality_Control_Order_2024_S_O_1801_E_dated_25th_April_2024_Copper_Product_Quality_Control_Amendment_Order_2025_S_O_884_E_Dated_19_February_2025_Order_for_Goods_038_Articles_Exemption_against_Import_S_O_775_E_Dated_13th_February_2026_Order_for_Goods_038_Articles_Exemption_against_Purchase_S_O_776_E_Dated_13th_February_2026_Copper_Products_Quality_Control_Amendment_Order_2026_S_O_3503_E_Dated_30_June_2026,"97. Copper Products (Quality Control) Order, 2023 S.O. 4595(E), dated 17th October 2023 Copper Products (Quality Control) Order, 2024 S.O. 1801(E), dated 25th April 2024 Copper Product (Quality Control) Amendment Order, 2025. S.O. 884(E) Dated 19 February, 2025 Order for Goods &#038; Articles Exemption against Import S.O. 775(E) Dated 13th February, 2026 Order for Goods &#038; Articles Exemption against Purchase S.O. 776(E) Dated 13th February, 2026 Copper Products (Quality Control) Amendment Order, 2026 S.O. 3503 (E) Dated 30 June, 2026",S.O. 4595(E),d 17th October 2023 Copper Products,d 17th October 2023 Copper Products,Scheme-I,Department_for_Promotion_of_Industry_and_Internal_Trade_DPIIT,"Mandatory conformity to Indian Standard with BIS Standard Mark (ISI Mark) under Section 16 of the Bureau of Indian Standards Act, 2016."
98_Drums_and_Tins_Quality_Control_Order_2023_S_O_4596_E_dated_17th_October_2023,"98. Drums and Tins (Quality Control) Order, 2023 S.O. 4596(E), dated 17th October 2023",S.O. 4596(E),d 17th October 2023,d 17th October 2023,Scheme-I,Department_for_Promotion_of_Industry_and_Internal_Trade_DPIIT,"Mandatory conformity to Indian Standard with BIS Standard Mark (ISI Mark) under Section 16 of the Bureau of Indian Standards Act, 2016."
99_Door_Fittings_Quality_Control_Order_2023_S_O_4646_E_dated_23rd_October_2023,"99. Door Fittings (Quality Control) Order, 2023 S.O. 4646(E), dated 23rd October 2023",S.O. 4646(E),d 23rd October 2023,d 23rd October 2023,Scheme-I,Department_for_Promotion_of_Industry_and_Internal_Trade_DPIIT,"Mandatory conformity to Indian Standard with BIS Standard Mark (ISI Mark) under Section 16 of the Bureau of Indian Standards Act, 2016."
100_Bottled_Water_Dispenser_Quality_Control_Order_2023_S_O_4647_E_dated_23rd_October_2023_Bottled_Water_Dispensers_Quality_Control_Order_2024_S_O_2173_E_dated_03rd_June_2024_Order_for_Goods_038_Articles_Exemption_against_Import_S_O_775_E_Dated_13th_February_2026_Order_for_Goods_038_Articles_Exemption_against_Purchase_S_O_776_E_Dated_13th_February_2026,"100. Bottled Water Dispenser (Quality Control) Order, 2023 S.O. 4647(E), dated 23rd October 2023 Bottled Water Dispensers (Quality Control) Order, 2024 S.O. 2173(E), dated 03rd June 2024 Order for Goods &#038; Articles Exemption against Import S.O. 775(E) Dated 13th February, 2026 Order for Goods &#038; Articles Exemption against Purchase S.O. 776(E) Dated 13th February, 2026",S.O. 4647(E),d 23rd October 2023 Bottled Water Dispensers,d 23rd October 2023 Bottled Water Dispensers,Scheme-I,Ministry_of_Consumer_Affairs_Food_and_Public_Distribution,"Mandatory conformity to Indian Standard with BIS Standard Mark (ISI Mark) under Section 16 of the Bureau of Indian Standards Act, 2016."
101_Helmet_for_Police_Force_Civil_Defence_and_Personal_Protection_Quality_Control_Order_2023_S_O_4649_E_dated_23rd_October_2023,"101. Helmet for Police Force, Civil Defence and Personal Protection (Quality Control) Order, 2023 S.O. 4649(E), dated 23rd October 2023",S.O. 4649(E),d 23rd October 2023,d 23rd October 2023,Scheme-I,Ministry_of_Road_Transport_and_Highways_MoRTH,"Mandatory conformity to Indian Standard with BIS Standard Mark (ISI Mark) under Section 16 of the Bureau of Indian Standards Act, 2016."
102_Steel_Wires_or_Strands_Nylon_or_Wire_Ropes_and_Wire_mesh_Quality_Control_Order_2023_S_O_5022_E_dated_21st_November_2023_Steel_Wires_or_Strands_Nylon_or_Wire_Ropes_and_Wire_mesh_Quality_Control_Order_2024_S_O_2581_E_dated_03rd_July_2024,"102. Steel Wires or Strands, Nylon or Wire Ropes and Wire mesh (Quality Control) Order, 2023 S.O. 5022(E), dated 21st November 2023 Steel Wires or Strands, Nylon or Wire Ropes and Wire mesh (Quality Control) Order, 2024 S.O. 2581(E), dated 03rd July 2024",S.O. 5022(E),"d 21st November 2023 Steel Wires or Strands, Nylon or Wire Ropes and Wire mesh","d 21st November 2023 Steel Wires or Strands, Nylon or Wire Ropes and Wire mesh",Scheme-I,Ministry_of_Steel,"Mandatory conformity to Indian Standard with BIS Standard Mark (ISI Mark) under Section 16 of the Bureau of Indian Standards Act, 2016."
103_Legal_Metrology_8211_Material_Measures_of_Length_Quality_Control_Order_2023_S_O_5029_E_dated_21st_November_2023,"103. Legal Metrology &#8211; Material Measures of Length (Quality Control) Order, 2023 S.O. 5029(E), dated 21st November 2023",S.O. 5029(E),d 21st November 2023,d 21st November 2023,Scheme-I,Department_for_Promotion_of_Industry_and_Internal_Trade_DPIIT,"Mandatory conformity to Indian Standard with BIS Standard Mark (ISI Mark) under Section 16 of the Bureau of Indian Standards Act, 2016."
104_Textiles_High_Density_Polyethylene_HDPE_Polypropylene_PP_Woven_Sacks_for_Packaging_Fertilizers_Quality_Control_Order_2023_S_O_5177_E_dated_06th_December_2023_Textiles_High_Density_Polyethylene_HDPE_Polypropylene_PP_Woven_Sacks_for_Packaging_Fertilizers_Quality_Control_Amendment_Order_2024_S_O_2180_E_dated_04th_June_2024,"104. Textiles—High Density Polyethylene (HDPE) /Polypropylene (PP) Woven Sacks for Packaging Fertilizers (Quality Control) Order, 2023 S.O. 5177(E), dated 06th December 2023 Textiles—High Density Polyethylene (HDPE) /Polypropylene (PP) Woven Sacks for Packaging Fertilizers (Quality Control) Amendment Order, 2024 S.O. 2180(E), dated 04th June 2024",S.O. 5177(E),d 06th December 2023 Textiles,d 06th December 2023 Textiles,Scheme-I,Ministry_of_Chemicals_and_Petrochemicals,"Mandatory conformity to Indian Standard with BIS Standard Mark (ISI Mark) under Section 16 of the Bureau of Indian Standards Act, 2016."
105_Textiles_High_Density_Polyethylene_HDPE_Polypropylene_PP_Woven_Sacks_for_Packaging_of_50_kg_Cement_Quality_Control_Order_2023_S_O_5178_E_dated_06th_December_2023_Textiles_High_Density_Polyethylene_HDPE_Polypropylene_PP_Woven_Sacks_for_Packaging_of_50_kg_Cement_Quality_Control_Amendment_Order_2024_S_O_2181_E_dated_04th_June_2024_Textiles_High_Density_Polyethylene_HDPE_Polypropylene_PP_Woven_Sacks_for_Packaging_of_50_kg_Cement_Quality_Control_Second_Amendment_Order_2024_S_O_3938_E_dated_13th_September_2024_Textiles_High_Density_Polyethylene_HDPE_Polypropylene_PP_Woven_Sacks_for_Packaging_of_50_kg_Cement_Quality_Control_Third_Amendment_Order_2024_S_O_5261_E_dated_06th_December_2024_Textiles_High_Density_Polyethylene_Hdpe_Polypropylene_Pp_Woven_Sacks_For_Packaging_Of_50_Kg_Cement_Quality_Control_Amendment_Order_2025_S_O_2551_E_Dated_11_June_2025_Textiles_High_Density_Polyethylene_HDPE_Polypropylene_PP_Woven_Sacks_For_Packaging_Of_50_Kg_Cement_Quality_Control_Amendment_Order_2025_S_O_4066_E_Dated_04_September_2025_Textiles_High_Density_Polyethylene_HDPE_Polypropylene_PP_Woven_Sacks_For_Packaging_Of_50_Kg_Cement_Quality_Control_Amendment_Order_2026_S_O_51_E_Dated_05_January_2026,"105. Textiles—High Density Polyethylene (HDPE) /Polypropylene (PP) Woven Sacks for Packaging of 50 kg Cement (Quality Control) Order, 2023 S.O. 5178(E), dated 06th December 2023 Textiles — High Density Polyethylene (HDPE)/ Polypropylene (PP) Woven Sacks for Packaging of 50 kg Cement (Quality Control) Amendment Order, 2024 S.O. 2181(E), dated 04th June 2024 Textiles — High Density Polyethylene (HDPE) /Polypropylene (PP) Woven Sacks for Packaging of 50 kg Cement (Quality Control) Second Amendment Order, 2024 S.O. 3938(E), dated 13th September 2024 Textiles — High Density Polyethylene (HDPE)/ Polypropylene (PP) Woven Sacks for Packaging of 50 kg Cement (Quality Control) Third Amendment Order, 2024 S.O. 5261(E), dated 06th December 2024 Textiles — High Density Polyethylene (Hdpe) / Polypropylene (Pp) Woven Sacks For Packaging Of 50 Kg Cement (Quality Control) Amendment Order, 2025 S.O.2551 (E) Dated 11 June, 2025 Textiles — High Density Polyethylene (HDPE) / Polypropylene (PP) Woven Sacks For Packaging Of 50 Kg Cement (Quality Control) Amendment Order, 2025 S.O.4066 (E) Dated 04 September, 2025 Textiles — High Density Polyethylene (HDPE) / Polypropylene (PP) Woven Sacks For Packaging Of 50 Kg Cement (Quality Control) Amendment Order, 2026 S.O.51(E) Dated 05 January, 2026",S.O. 5178(E),d 06th December 2023 Textiles,d 06th December 2023 Textiles,Scheme-I,Department_for_Promotion_of_Industry_and_Internal_Trade_DPIIT,"Mandatory conformity to Indian Standard with BIS Standard Mark (ISI Mark) under Section 16 of the Bureau of Indian Standards Act, 2016."
106_Textiles_Polypropylene_PP_Woven_Laminated_Block_Bottom_Valve_Sacks_for_Packaging_of_50_kg_Cement_Quality_Control_Order_2023_S_O_5179_E_dated_06th_December_2023_Textiles_Polypropylene_PP_Woven_Laminated_Block_Bottom_Valve_Sacks_for_Packaging_of_50_kg_Cement_Quality_Control_Amendment_Order_2024_S_O_2182_E_dated_04th_June_2024_Textiles_Polypropylene_PP_Woven_Laminated_Block_Bottom_Valve_Sacks_for_Packaging_of_50_kg_Cement_Quality_Control_Second_Amendment_Order_2024_S_O_3939_E_dated_13th_September_2024_Textiles_Polypropylene_PP_Woven_Laminated_Block_Bottom_Valve_Sacks_for_Packaging_of_50_kg_Cement_Quality_Control_Third_Amendment_Order_2024_S_O_5262_E_dated_06th_December_2024_Textiles_Polypropylene_Pp_Woven_Laminated_Block_Bottom_Valve_Sacks_For_Packaging_50_Kg_Cement_Quality_Control_Amendment_Order_2025_S_O_2552_E_Dated_11_June_2025_Textiles_Polypropylene_PP_Woven_Laminated_Block_Bottom_Valve_Sacks_For_Packaging_50_Kg_Cement_Quality_Control_Amendment_Order_2025_S_O_4067_E_Dated_04_September_2025_Textiles_Polypropylene_PP_Woven_Laminated_Block_Bottom_Valve_Sacks_For_Packaging_50_Kg_Cement_Quality_Control_Amendment_Order_2026_S_O_52_E_Dated_05_January_2026,"106. Textiles—Polypropylene (PP) Woven, Laminated, Block Bottom Valve Sacks for Packaging of 50 kg Cement (Quality Control) Order, 2023 S.O. 5179(E), dated 06th December 2023 Textiles — Polypropylene (PP) Woven, Laminated, Block Bottom Valve Sacks for Packaging of 50 kg Cement (Quality Control) Amendment Order, 2024 S.O. 2182(E), dated 04th June 2024 Textiles — Polypropylene (PP) Woven, Laminated, Block Bottom Valve Sacks for Packaging of 50 kg Cement (Quality Control) Second Amendment Order, 2024 S.O. 3939(E), dated 13th September 2024 Textiles — Polypropylene (PP) Woven, Laminated, Block Bottom Valve Sacks for Packaging of 50 kg Cement (Quality Control) Third Amendment Order, 2024 S.O. 5262(E), dated 06th December 2024 Textiles —Polypropylene (Pp) Woven, Laminated, Block Bottom Valve Sacks For Packaging 50 Kg Cement (Quality Control) Amendment Order, 2025 ​S.O.2552 (E) Dated 11 June, 2025 Textiles —Polypropylene (PP) Woven, Laminated, Block Bottom Valve Sacks For Packaging 50 Kg Cement (Quality Control) Amendment Order, 2025 S.O.4067 (E) Dated 04 September, 2025 Textiles —Polypropylene (PP) Woven, Laminated, Block Bottom Valve Sacks For Packaging 50 Kg Cement (Quality Control) Amendment Order, 2026 S.O.52(E) Dated 05 January, 2026",S.O. 5179(E),d 06th December 2023 Textiles,d 06th December 2023 Textiles,Scheme-I,Department_for_Promotion_of_Industry_and_Internal_Trade_DPIIT,"Mandatory conformity to Indian Standard with BIS Standard Mark (ISI Mark) under Section 16 of the Bureau of Indian Standards Act, 2016."
107_Textiles_High_Density_Polyethylene_HDPE_Polypropylene_PP_Woven_Sacks_for_Packaging_of_25_kg_Polymer_Materials_Quality_Control_Order_2023_S_O_5180_E_dated_06th_December_2023,"107. Textiles— High Density Polyethylene (HDPE) Polypropylene (PP) Woven Sacks for Packaging of 25 kg Polymer Materials (Quality Control) Order, 2023 S.O. 5180(E), dated 06th December 2023",S.O. 5180(E),d 06th December 2023,d 06th December 2023,Scheme-I,Ministry_of_Textiles,"Mandatory conformity to Indian Standard with BIS Standard Mark (ISI Mark) under Section 16 of the Bureau of Indian Standards Act, 2016."
108_Textiles_Polypropylene_PP_High_Density_Polyethylene_HDPE_Laminated_Woven_Sacks_for_Mail_Sorting_Storage_Transport_and_Distribution_Quality_Control_Order_2023_S_O_5181_E_dated_06th_December_2023_Textiles_Polypropylene_PP_High_Density_Polyethylene_HDPE_Laminated_Woven_Sacks_for_Mail_Sorting_Storage_Transport_and_Distribution_Quality_Control_Amendment_Order_2024_S_O_2183_E_dated_04th_June_2024_Textiles_Polypropylene_PP_High_Density_Polyethylene_HDPE_Laminated_Woven_Sacks_for_Mail_Sorting_Storage_Transport_and_Distribution_Quality_Control_Second_Amendment_Order_2024_S_O_3940_E_dated_13th_September_2024_Textiles_Polypropylene_PP_Woven_Laminated_Block_Bottom_Valve_Sacks_for_Packaging_of_50_kg_Cement_Quality_Control_Third_Amendment_Order_2024_S_O_5263_E_dated_06th_December_2024_Texiles_Polypropylene_Pp_High_Density_Polyethylene_Hdpe_Laminated_Woven_Sacks_For_Mail_Sorting_Storage_Transport_And_Distribution_Quality_Control_Amendment_Order_2025_S_O_2553_E_Dated_11_June_2025_Texiles_Polypropylene_PP_High_Density_Polyethylene_HDPE_Laminated_Woven_Sacks_For_Mail_Sorting_Storage_Transport_And_Distribution_Quality_Control_Amendment_Order_2025_S_O_4068_E_Dated_04_September_2025_Texiles_Polypropylene_PP_High_Density_Polyethylene_HDPE_Laminated_Woven_Sacks_For_Mail_Sorting_Storage_Transport_And_Distribution_Quality_Control_Amendment_Order_2026_S_O_53_E_Dated_05_January_2026,"108. Textiles— Polypropylene (PP)/High Density Polyethylene (HDPE) Laminated Woven Sacks for Mail Sorting, Storage, Transport and Distribution (Quality Control) Order, 2023 S.O. 5181(E), dated 06th December 2023 Textiles — Polypropylene (PP)/High Density Polyethylene (HDPE) Laminated Woven Sacks for Mail Sorting, Storage, Transport and Distribution (Quality Control) Amendment Order, 2024 S.O. 2183(E), dated 04th June 2024 Textiles — Polypropylene (PP)/ High Density Polyethylene (HDPE) Laminated Woven Sacks for Mail Sorting, Storage, Transport and Distribution (Quality Control) Second Amendment Order, 2024 S.O. 3940(E), dated 13th September 2024 Textiles — Polypropylene (PP) Woven, Laminated, Block Bottom Valve Sacks for Packaging of 50 kg Cement (Quality Control) Third Amendment Order, 2024 S.O. 5263(E), dated 06th December 2024 Texiles —Polypropylene (Pp)/ High Density Polyethylene (Hdpe) Laminated Woven Sacks For Mail Sorting, Storage, Transport And Distribution (Quality Control) Amendment Order, 2025 S.O.2553 (E) Dated 11 June, 2025 Texiles —Polypropylene (PP)/ High Density Polyethylene (HDPE) Laminated Woven Sacks For Mail Sorting, Storage, Transport And Distribution (Quality Control) Amendment Order, 2025 S.O.4068 (E) Dated 04 September, 2025 Texiles —Polypropylene (PP)/ High Density Polyethylene (HDPE) Laminated Woven Sacks For Mail Sorting, Storage, Transport And Distribution (Quality Control) Amendment Order, 2026 S.O.53(E) Dated 05 January, 2026",S.O. 5181(E),d 06th December 2023 Textiles,d 06th December 2023 Textiles,Scheme-I,Department_for_Promotion_of_Industry_and_Internal_Trade_DPIIT,"Mandatory conformity to Indian Standard with BIS Standard Mark (ISI Mark) under Section 16 of the Bureau of Indian Standards Act, 2016."
109_Safes_Safe_Deposit_Locker_Cabinets_and_key_locks_Quality_Control_Order_2023_S_O_5293_E_dated_08th_December_2023,"109. Safes, Safe Deposit Locker Cabinets and key locks (Quality Control) Order, 2023 S.O. 5293(E), dated 08th December 2023",S.O. 5293(E),d 08th December 2023,d 08th December 2023,Scheme-I,Department_for_Promotion_of_Industry_and_Internal_Trade_DPIIT,"Mandatory conformity to Indian Standard with BIS Standard Mark (ISI Mark) under Section 16 of the Bureau of Indian Standards Act, 2016."
110_Hinges_Quality_Control_Order_2023_S_O_5294_E_dated_08th_December_2023_Hinges_Quality_Control_Order_2024_S_O_2982_E_dated_26th_July_2024_Hinges_Quality_Control_Order_2025_S_O_1368_E_Dated_24_March_2025_Order_for_Goods_038_Articles_Exemption_against_Import_S_O_775_E_Dated_13th_February_2026_Order_for_Goods_038_Articles_Exemption_against_Purchase_S_O_776_E_Dated_13th_February_2026_Transition_Facilitation_Quality_Control_Order_2026_S_O_3417_E_Dated_25_June_2026,"110. Hinges (Quality Control) Order, 2023 S.O. 5294(E), dated 08th December 2023 Hinges (Quality Control) Order, 2024 S.O. 2982(E), dated 26th July 2024 Hinges (Quality Control) Order, 2025 S.O.1368 (E). Dated 24 March, 2025 Order for Goods &#038; Articles Exemption against Import S.O. 775(E) Dated 13th February, 2026 Order for Goods &#038; Articles Exemption against Purchase S.O. 776(E) Dated 13th February, 2026 Transition Facilitation (Quality Control) Order, 2026 S.O. 3417 (E) Dated 25 June, 2026",S.O. 5294(E),d 08th December 2023 Hinges,d 08th December 2023 Hinges,Scheme-I,Ministry_of_Steel,"Mandatory conformity to Indian Standard with BIS Standard Mark (ISI Mark) under Section 16 of the Bureau of Indian Standards Act, 2016."
111_Cycle_and_Rickshaw_Tyres_and_Tubes_Quality_Control_Order_2023_S_O_5323_E_dated_11th_December_2023,"111. Cycle and Rickshaw Tyres and Tubes (Quality Control) Order, 2023 S.O. 5323(E), dated 11th December 2023",S.O. 5323(E),d 11th December 2023,d 11th December 2023,Scheme-I,Department_for_Promotion_of_Industry_and_Internal_Trade_DPIIT,"Mandatory conformity to Indian Standard with BIS Standard Mark (ISI Mark) under Section 16 of the Bureau of Indian Standards Act, 2016."
112_Rubber_Gaskets_for_Pressure_Cookers_Quality_Control_Order_2023_S_O_5371_E_dated_14th_December_2023,"112. Rubber Gaskets for Pressure Cookers (Quality Control) Order, 2023 S.O. 5371(E), dated 14th December 2023",S.O. 5371(E),d 14th December 2023,d 14th December 2023,Scheme-I,Ministry_of_Petroleum_and_Natural_Gas,"Mandatory conformity to Indian Standard with BIS Standard Mark (ISI Mark) under Section 16 of the Bureau of Indian Standards Act, 2016."
113_Laboratory_Glassware_Quality_Control_Order_2023_S_O_44_E_dated_1st_January_2024_Laboratory_Glassware_Quality_Control_Amendment_Order_2024_S_O_5358_E_dated_11th_December_2024_Amendment_in_the_Quality_Control_Order_Order_for_Goods_038_Articles_Exemption_against_Import_S_O_775_E_Dated_13th_February_2026_Amendment_in_the_Quality_Control_Order_Order_for_Goods_038_Articles_Exemption_against_Purchase_S_O_776_E_Dated_13th_February_2026_Amendment_in_the_Quality_Control_Order_S_O_777_E_Dated_13th_February_2026,"113. Laboratory Glassware (Quality Control) Order, 2023 S.O. 44(E), dated 1st January 2024 Laboratory Glassware (Quality Control) Amendment Order, 2024 S.O. 5358(E), dated 11th December 2024 Amendment in the Quality Control Order Order for Goods &#038; Articles Exemption against Import S.O. 775(E) Dated 13th February, 2026 Amendment in the Quality Control Order Order for Goods &#038; Articles Exemption against Purchase S.O. 776(E) Dated 13th February, 2026 Amendment in the Quality Control Order S.O. 777(E) Dated 13th February, 2026",S.O. 44(E),d 1st January 2024 Laboratory Glassware,d 1st January 2024 Laboratory Glassware,Scheme-I,Department_for_Promotion_of_Industry_and_Internal_Trade_DPIIT,"Mandatory conformity to Indian Standard with BIS Standard Mark (ISI Mark) under Section 16 of the Bureau of Indian Standards Act, 2016."
Electrical_Accessories_Quality_Control_Order_2023_S_O_43_E_dated_1st_January_2024_Electrical_Accessories_Quality_Control_Amendment_2026_S_O_187_E_Dated_13_January_2026_Order_for_Goods_038_Articles_Exemption_against_Import_S_O_775_E_Dated_13th_February_2026_Order_for_Goods_038_Articles_Exemption_against_Purchase_S_O_776_E_Dated_13th_February_2026,"Electrical Accessories (Quality Control) Order, 2023 S.O. 43(E), dated 1st January 2024 Electrical Accessories (Quality Control) Amendment, 2026 S.O. 187(E) Dated 13 January, 2026 Order for Goods &#038; Articles Exemption against Import S.O. 775(E) Dated 13th February, 2026 Order for Goods &#038; Articles Exemption against Purchase S.O. 776(E) Dated 13th February, 2026",S.O. 43(E),d 1st January 2024 Electrical Accessories,d 1st January 2024 Electrical Accessories,Scheme-I,Department_for_Promotion_of_Industry_and_Internal_Trade_DPIIT,"Mandatory conformity to Indian Standard with BIS Standard Mark (ISI Mark) under Section 16 of the Bureau of Indian Standards Act, 2016."
Poly_Vinyl_Chloride_PVC_Homopolymers_Quality_Control_Order_2024_S_O_920_E_dated_26th_February_2024_Poly_Vinyl_Chloride_PVC_Homopolymers_Quality_Control_Amendment_Order_2024_S_O_3595_E_dated_23rd_August_2024_Poly_Vinyl_Chloride_PVC_Homopolymers_Quality_Control_Order_Third_Amendment_Order_2024_S_O_5552_E_dated_24th_December_2024_Poly_Vinyl_Chloride_PVC_Homopolymers_Quality_Control_Amendment_Order_2025_S_O_2746_E_Dated_20_June_2025_Rescind_order_of_Poly_Vinyl_Chloride_PVC_Homopolymers_Quality_Control_Order_2024_S_O_5139_E_Dated_12_November_2025,"Poly Vinyl Chloride (PVC) Homopolymers (Quality Control) Order, 2024 S.O. 920(E), dated 26th February 2024 Poly Vinyl Chloride (PVC) Homopolymers (Quality Control) Amendment Order, 2024 S.O. 3595(E), dated 23rd August 2024 Poly Vinyl Chloride (PVC) Homopolymers (Quality Control) Order Third Amendment Order, 2024 S.O. 5552(E), dated 24th December 2024 Poly Vinyl Chloride (PVC) Homopolymers (Quality Control) Amendment Order, 2025. S.O.2746 (E) Dated 20 June, 2025 Rescind order of Poly Vinyl Chloride (PVC) Homopolymers (Quality Control) Order, 2024 S.O. 5139 (E) Dated 12 November, 2025",S.O. 920(E),d 26th February 2024 Poly Vinyl Chloride,d 26th February 2024 Poly Vinyl Chloride,Scheme-I,Department_for_Promotion_of_Industry_and_Internal_Trade_DPIIT,"Mandatory conformity to Indian Standard with BIS Standard Mark (ISI Mark) under Section 16 of the Bureau of Indian Standards Act, 2016."
Polypropylene_PP_Materials_for_Moulding_and_Extrusion_Quality_Control_Order_2024_S_O_921_E_dated_26th_February_2024_Polypropylene_PP_Materials_for_Moulding_and_Extrusion_Quality_Control_Amendment_Order_2024_S_O_3594_E_dated_23rd_August_2024_Polypropylene_PP_Materials_for_Mouldingand_Extrusion_Quality_Control_Order_Third_Amendment_Order_2024_S_O_5553_E_dated_24th_December_2024_Polypropylene_PP_Materials_for_Moulding_and_Extrusion_Quality_Control_Amendment_Order_2025_S_O_2788_E_Dated_23_June_2025_Polypropylene_PP_Materials_for_Moulding_and_Extrusion_Quality_Control_Second_Amendment_Order_2025_S_O_4779_E_Dated_22_October_2025_Rescind_order_of_Polypropylene_PP_Materials_for_Moulding_and_Extrusion_Quality_Control_Order_2024_S_O_5138_E_Dated_12_November_2025,"Polypropylene (PP) Materials for Moulding and Extrusion (Quality Control) Order, 2024 S.O. 921(E), dated 26th February 2024 Polypropylene (PP) Materials for Moulding and Extrusion (Quality Control) Amendment Order, 2024 S.O. 3594(E), dated 23rd August 2024 Polypropylene (PP) Materials for Mouldingand Extrusion (Quality Control) Order Third Amendment Order, 2024 S.O. 5553(E), dated 24th December 2024 Polypropylene (PP) Materials for Moulding and Extrusion (Quality Control) Amendment Order, 2025 S.O.2788 (E) Dated 23 June, 2025 Polypropylene (PP) Materials for Moulding and Extrusion (Quality Control) Second Amendment Order, 2025 S.O.4779 (E) Dated 22 October, 2025 Rescind order of Polypropylene (PP) Materials for Moulding and Extrusion (Quality Control) Order, 2024 S.O. 5138 (E) Dated 12 November, 2025",S.O. 921(E),d 26th February 2024 Polypropylene,d 26th February 2024 Polypropylene,Scheme-I,Department_for_Promotion_of_Industry_and_Internal_Trade_DPIIT,"Mandatory conformity to Indian Standard with BIS Standard Mark (ISI Mark) under Section 16 of the Bureau of Indian Standards Act, 2016."
114_Diesel_Engines_NOx_Reduction_Agent_AUS_32_Quality_Control_Order_2024_S_O_922_E_dated_26th_February_2024,"114. Diesel Engines – NOx Reduction Agent AUS 32 (Quality Control) Order, 2024 S.O. 922(E), dated 26th February 2024",S.O. 922(E),d 26th February 2024,d 26th February 2024,Scheme-I,Department_for_Promotion_of_Industry_and_Internal_Trade_DPIIT,"Mandatory conformity to Indian Standard with BIS Standard Mark (ISI Mark) under Section 16 of the Bureau of Indian Standards Act, 2016."
115_Air_Cooler_and_Air_Filters_Quality_Control_Order_2023_S_O_1114_E_dated_05th_March_2024_Air_Cooler_and_Air_Filters_Quality_Control_Order_2025_S_O_529_E_dated_30th_January_2025_Amendment_in_the_Quality_Control_Order_S_O_777_E_Dated_13th_February_2026_Order_for_Goods_038_Articles_Exemption_against_Import_S_O_775_E_Dated_13th_February_2026_Order_for_Goods_038_Articles_Exemption_against_Purchase_S_O_776_E_Dated_13th_February_2026_Amendment_in_the_Quality_Control_Order_S_O_777_E_Dated_13th_February_2026,"115. Air Cooler and Air Filters (Quality Control) Order, 2023 S.O. 1114(E), dated 05th March 2024 Air Cooler and Air Filters (Quality Control) Order, 2025 S.O. 529(E), dated 30th January 2025 Amendment in the Quality Control Order S.O. 777(E) Dated 13th February, 2026 Order for Goods &#038; Articles Exemption against Import S.O. 775(E) Dated 13th February, 2026 Order for Goods &#038; Articles Exemption against Purchase S.O. 776(E) Dated 13th February, 2026 Amendment in the Quality Control Order S.O. 777(E) Dated 13th February, 2026",S.O. 1114(E),d 05th March 2024 Air Cooler and Air Filters,d 05th March 2024 Air Cooler and Air Filters,Scheme-I,Department_for_Promotion_of_Industry_and_Internal_Trade_DPIIT,"Mandatory conformity to Indian Standard with BIS Standard Mark (ISI Mark) under Section 16 of the Bureau of Indian Standards Act, 2016."
116_Electrical_Appliances_for_Kitchen_Quality_Control_Order_2023_S_O_1128_E_dated_05th_March_2024_Order_for_Goods_038_Articles_Exemption_against_Import_S_O_775_E_Dated_13th_February_2026_Order_for_Goods_038_Articles_Exemption_against_Purchase_S_O_776_E_Dated_13th_February_2026,"116. Electrical Appliances for Kitchen (Quality Control) Order, 2023 S.O. 1128(E), dated 05th March 2024 Order for Goods &#038; Articles Exemption against Import S.O. 775(E) Dated 13th February, 2026 Order for Goods &#038; Articles Exemption against Purchase S.O. 776(E) Dated 13th February, 2026",S.O. 1128(E),d 05th March 2024 Order for Goods,d 05th March 2024 Order for Goods,Scheme-I,Department_for_Promotion_of_Industry_and_Internal_Trade_DPIIT,"Mandatory conformity to Indian Standard with BIS Standard Mark (ISI Mark) under Section 16 of the Bureau of Indian Standards Act, 2016."
117_Electrical_Appliances_for_Skin_or_Hair_care_Quality_Control_Order_2023_S_O_1125_E_dated_05th_March_2024_Order_for_Goods_038_Articles_Exemption_against_Import_S_O_775_E_Dated_13th_February_2026_Order_for_Goods_038_Articles_Exemption_against_Purchase_S_O_776_E_Dated_13th_February_2026,"117. Electrical Appliances for Skin or Hair care (Quality Control) Order, 2023 S.O. 1125(E), dated 05th March 2024 Order for Goods &#038; Articles Exemption against Import S.O. 775(E) Dated 13th February, 2026 Order for Goods &#038; Articles Exemption against Purchase S.O. 776(E) Dated 13th February, 2026",S.O. 1125(E),d 05th March 2024 Order for Goods,d 05th March 2024 Order for Goods,Scheme-I,Department_for_Promotion_of_Industry_and_Internal_Trade_DPIIT,"Mandatory conformity to Indian Standard with BIS Standard Mark (ISI Mark) under Section 16 of the Bureau of Indian Standards Act, 2016."
118_Electrical_appliance_fans_Quality_Control_Order_2023_S_O_1124_E_dated_05th_March_2024_Order_for_Goods_038_Articles_Exemption_against_Import_S_O_775_E_Dated_13th_February_2026_Order_for_Goods_038_Articles_Exemption_against_Purchase_S_O_776_E_Dated_13th_February_2026,"118. Electrical appliance fans (Quality Control) Order, 2023 S.O. 1124(E), dated 05th March 2024 Order for Goods &#038; Articles Exemption against Import S.O. 775(E) Dated 13th February, 2026 Order for Goods &#038; Articles Exemption against Purchase S.O. 776(E) Dated 13th February, 2026",S.O. 1124(E),d 05th March 2024 Order for Goods,d 05th March 2024 Order for Goods,Scheme-I,Department_for_Promotion_of_Industry_and_Internal_Trade_DPIIT,"Mandatory conformity to Indian Standard with BIS Standard Mark (ISI Mark) under Section 16 of the Bureau of Indian Standards Act, 2016."
119_Electrical_appliance_for_commercial_dispensing_and_vending_Quality_Control_Order_2023_S_O_1127_E_dated_05th_March_2024_Electrical_Appliances_for_Commercial_Dispensing_and_Vending_Quality_Control_Order_2024_S_O_4568_E_dated_18th_October_2024_Electrical_Appliances_for_Commercial_Dispensing_and_Vending_Quality_Control_Order_2025_S_O_2283_E_Dated_21_May_2025_Order_for_Goods_038_Articles_Exemption_against_Import_S_O_775_E_Dated_13th_February_2026_Order_for_Goods_038_Articles_Exemption_against_Purchase_S_O_776_E_Dated_13th_February_2026,"119. Electrical appliance for commercial dispensing and vending (Quality Control) Order, 2023 S.O. 1127(E), dated 05th March 2024 Electrical Appliances for Commercial Dispensing and Vending (Quality Control) Order, 2024 S.O. 4568(E), dated 18th October 2024 Electrical Appliances for Commercial Dispensing and Vending (Quality Control) Order, 2025 S.O.2283(E) Dated 21 May, 2025 Order for Goods &#038; Articles Exemption against Import S.O. 775(E) Dated 13th February, 2026 Order for Goods &#038; Articles Exemption against Purchase S.O. 776(E) Dated 13th February, 2026",S.O. 1127(E),d 05th March 2024 Electrical Appliances for Commercial Dispensing and Vending,d 05th March 2024 Electrical Appliances for Commercial Dispensing and Vending,Scheme-I,Department_for_Promotion_of_Industry_and_Internal_Trade_DPIIT,"Mandatory conformity to Indian Standard with BIS Standard Mark (ISI Mark) under Section 16 of the Bureau of Indian Standards Act, 2016."
120_Electrical_appliance_for_domestic_clothes_washing_Quality_Control_Order_2023_S_O_1126_E_dated_05th_March_2024_Electrical_appliances_for_domestic_clothes_washing_Quality_Control_Order_2024_S_O_4815_E_dated_05th_November_2024_Order_for_Goods_038_Articles_Exemption_against_Import_S_O_775_E_Dated_13th_February_2026_Order_for_Goods_038_Articles_Exemption_against_Purchase_S_O_776_E_Dated_13th_February_2026_Transition_Facilitation_Quality_Control_Order_2026_S_O_3417_E_Dated_25_June_2026,"120. Electrical appliance for domestic clothes washing (Quality Control) Order, 2023 S.O. 1126(E), dated 05th March 2024 Electrical appliances for domestic clothes washing (Quality Control) Order 2024 S.O. 4815(E), dated 05th November 2024 Order for Goods &#038; Articles Exemption against Import S.O. 775(E) Dated 13th February, 2026 Order for Goods &#038; Articles Exemption against Purchase S.O. 776(E) Dated 13th February, 2026 Transition Facilitation (Quality Control) Order, 2026 S.O. 3417 (E) Dated 25 June, 2026",S.O. 1126(E),d 05th March 2024 Electrical appliances for domestic clothes washing,d 05th March 2024 Electrical appliances for domestic clothes washing,Scheme-I,Ministry_of_Textiles,"Mandatory conformity to Indian Standard with BIS Standard Mark (ISI Mark) under Section 16 of the Bureau of Indian Standards Act, 2016."
121_Asbestos_or_Fibre_Cement_based_Products_Quality_Control_Order_2024_S_O_1152_E_dated_06th_March_2024_Order_for_Goods_038_Articles_Exemption_against_Import_S_O_775_E_Dated_13th_February_2026_Order_for_Goods_038_Articles_Exemption_against_Purchase_S_O_776_E_Dated_13th_February_2026,"121. Asbestos or Fibre Cement based Products (Quality Control) Order, 2024 S.O. 1152(E), dated 06th March 2024 Order for Goods &#038; Articles Exemption against Import S.O. 775(E) Dated 13th February, 2026 Order for Goods &#038; Articles Exemption against Purchase S.O. 776(E) Dated 13th February, 2026",S.O. 1152(E),d 06th March 2024 Order for Goods,d 06th March 2024 Order for Goods,Scheme-I,Department_for_Promotion_of_Industry_and_Internal_Trade_DPIIT,"Mandatory conformity to Indian Standard with BIS Standard Mark (ISI Mark) under Section 16 of the Bureau of Indian Standards Act, 2016."
122_Water_meters_and_accessories_Quality_Control_Order_2023_S_O_1142_E_dated_05th_March_2024_Order_for_Goods_038_Articles_Exemption_against_Import_S_O_775_E_Dated_13th_February_2026_Order_for_Goods_038_Articles_Exemption_against_Purchase_S_O_776_E_Dated_13th_February_2026,"122. Water meters and accessories (Quality Control) Order, 2023 S.O. 1142(E), dated 05th March 2024 Order for Goods &#038; Articles Exemption against Import S.O. 775(E) Dated 13th February, 2026 Order for Goods &#038; Articles Exemption against Purchase S.O. 776(E) Dated 13th February, 2026",S.O. 1142(E),d 05th March 2024 Order for Goods,d 05th March 2024 Order for Goods,Scheme-I,Ministry_of_Consumer_Affairs_Food_and_Public_Distribution,"Mandatory conformity to Indian Standard with BIS Standard Mark (ISI Mark) under Section 16 of the Bureau of Indian Standards Act, 2016."
123_Gypsum_based_Building_Materials_Quality_Control_Order_2024_S_O_1153_E_dated_06th_March_2024_Corrigendum_of_Gypsum_based_Building_Materials_Quality_Control_Order_2024_S_O_2007_E_dated_14th_May_2024_Gypsum_based_Building_Materials_Quality_Control_Amendment_Order_2024_S_O_5058_E_dated_25th_November_2024_Order_for_Goods_038_Articles_Exemption_against_Import_S_O_775_E_Dated_13th_February_2026_Order_for_Goods_038_Articles_Exemption_against_Purchase_S_O_776_E_Dated_13th_February_2026,"123. Gypsum based Building Materials (Quality Control) Order, 2024 S.O. 1153(E), dated 06th March 2024 Corrigendum of Gypsum based Building Materials (Quality Control) Order, 2024 S.O. 2007(E), dated 14th May 2024 Gypsum based Building Materials (Quality Control) Amendment Order, 2024 S.O. 5058(E), dated 25th November 2024 Order for Goods &#038; Articles Exemption against Import S.O. 775(E) Dated 13th February, 2026 Order for Goods &#038; Articles Exemption against Purchase S.O. 776(E) Dated 13th February, 2026",S.O. 1153(E),d 06th March 2024 Corrigendum of Gypsum based Building Materials,d 06th March 2024 Corrigendum of Gypsum based Building Materials,Scheme-I,Department_for_Promotion_of_Industry_and_Internal_Trade_DPIIT,"Mandatory conformity to Indian Standard with BIS Standard Mark (ISI Mark) under Section 16 of the Bureau of Indian Standards Act, 2016."
124_Electrical_Appliances_for_domestic_water_heating_Quality_Control_Order_2023_S_O_1253_E_dated_05th_March_2024_Electrical_Appliances_for_domestic_water_heating_Quality_Control_Order_2025_S_O_355_E_dated_21st_January_2025_Order_for_Goods_038_Articles_Exemption_against_Import_S_O_775_E_Dated_13th_February_2026_Order_for_Goods_038_Articles_Exemption_against_Purchase_S_O_776_E_Dated_13th_February_2026_Transition_Facilitation_Quality_Control_Order_2026_S_O_3417_E_Dated_25_June_2026,"124. Electrical Appliances for domestic water heating (Quality Control) Order, 2023 S.O. 1253(E), dated 05th March 2024 Electrical Appliances for domestic water heating (Quality Control) Order, 2025 S.O. 355(E), dated 21st January 2025 Order for Goods &#038; Articles Exemption against Import S.O. 775(E) Dated 13th February, 2026 Order for Goods &#038; Articles Exemption against Purchase S.O. 776(E) Dated 13th February, 2026 Transition Facilitation (Quality Control) Order, 2026 S.O. 3417 (E) Dated 25 June, 2026",S.O. 1253(E),d 05th March 2024 Electrical Appliances for domestic water heating,d 05th March 2024 Electrical Appliances for domestic water heating,Scheme-I,Ministry_of_Consumer_Affairs_Food_and_Public_Distribution,"Mandatory conformity to Indian Standard with BIS Standard Mark (ISI Mark) under Section 16 of the Bureau of Indian Standards Act, 2016."
125_V_Belt_Quality_Control_Order_2024_S_O_1252_E_dated_06th_March_2024_V_Belt_Quality_Control_Amendment_Order_2024_S_O_4880_E_dated_12_November_2024_Order_for_Goods_038_Articles_Exemption_against_Import_S_O_775_E_Dated_13th_February_2026_Order_for_Goods_038_Articles_Exemption_against_Purchase_S_O_776_E_Dated_13th_February_2026,"125. V-Belt (Quality Control) Order, 2024 S.O. 1252(E), dated 06th March 2024 V-Belt (Quality Control) Amendment Order, 2024 S.O. 4880(E), dated 12 November 2024 Order for Goods &#038; Articles Exemption against Import S.O. 775(E) Dated 13th February, 2026 Order for Goods &#038; Articles Exemption against Purchase S.O. 776(E) Dated 13th February, 2026",S.O. 1252(E),d 06th March 2024 V-Belt,d 06th March 2024 V-Belt,Scheme-I,Department_for_Promotion_of_Industry_and_Internal_Trade_DPIIT,"Mandatory conformity to Indian Standard with BIS Standard Mark (ISI Mark) under Section 16 of the Bureau of Indian Standards Act, 2016."
126_Telescopic_Ball_Bearing_Drawer_Slide_Quality_Control_Order_2024_S_O_1962_E_dated_02nd_May_2024_Order_for_Goods_038_Articles_Exemption_against_Import_S_O_775_E_Dated_13th_February_2026_Order_for_Goods_038_Articles_Exemption_against_Purchase_S_O_776_E_Dated_13th_February_2026,"126. Telescopic Ball Bearing Drawer Slide (Quality Control) Order, 2024 S.O. 1962(E), dated 02nd May 2024 Order for Goods &#038; Articles Exemption against Import S.O. 775(E) Dated 13th February, 2026 Order for Goods &#038; Articles Exemption against Purchase S.O. 776(E) Dated 13th February, 2026",S.O. 1962(E),d 02nd May 2024 Order for Goods,d 02nd May 2024 Order for Goods,Scheme-I,Department_for_Promotion_of_Industry_and_Internal_Trade_DPIIT,"Mandatory conformity to Indian Standard with BIS Standard Mark (ISI Mark) under Section 16 of the Bureau of Indian Standards Act, 2016."
127_Cross_Recessed_Screws_Quality_Control_Order_2024_S_O_4099_E_dated_20th_September_2024_Cross_Recessed_Screws_Quality_Control_Order_2025_S_O_3927_E_Dated_27_August_2025_Cross_Recessed_Screws_Quality_Control_Amendment_Order_2026_S_O_3298_E_Dated_22_June_2026,"127. Cross Recessed Screws (Quality Control) Order, 2024 S.O. 4099(E), dated 20th September 2024 Cross Recessed Screws (Quality Control) Order, 2025 S.O. 3927 (E) Dated 27 August, 2025 Cross Recessed Screws (Quality Control) Amendment Order, 2026 S.O. 3298 (E) Dated 22 June, 2026",S.O. 4099(E),d 20th September 2024 Cross Recessed Screws,d 20th September 2024 Cross Recessed Screws,Scheme-I,Department_for_Promotion_of_Industry_and_Internal_Trade_DPIIT,"Mandatory conformity to Indian Standard with BIS Standard Mark (ISI Mark) under Section 16 of the Bureau of Indian Standards Act, 2016."
128_Safety_of_Household_Commercial_and_Similar_Electrical_Appliances_Quality_Control_Order_2024_S_O_4098_E_dated_20th_September_2024_Safety_of_Household_Commercial_and_Similar_Electrical_Appliances_Quality_Control_Order_2025_S_O_2232_E_Dated_19_May_2025_Safety_of_Household_Commercial_and_Similar_Electrical_Appliances_Quality_Control_Order_2026_S_O_1739_E_Dated_06_April_2026_Transition_Facilitation_Quality_Control_Order_2026_S_O_3417_E_Dated_25_June_2026,"128. Safety of Household, Commercial and Similar Electrical Appliances (Quality Control) Order, 2024 S.O. 4098(E), dated 20th September 2024 Safety of Household, Commercial and Similar Electrical Appliances (Quality Control) Order, 2025. S.O. 2232 (E) Dated 19 May, 2025 Safety of Household, Commercial and Similar Electrical Appliances (Quality Control) Order, 2026 S.O. 1739(E) Dated 06 April, 2026 Transition Facilitation (Quality Control) Order, 2026 S.O. 3417 (E) Dated 25 June, 2026",S.O. 4098(E),"d 20th September 2024 Safety of Household, Commercial and Similar Electrical Appliances","d 20th September 2024 Safety of Household, Commercial and Similar Electrical Appliances",Scheme-I,Ministry_of_Consumer_Affairs_Food_and_Public_Distribution,"Mandatory conformity to Indian Standard with BIS Standard Mark (ISI Mark) under Section 16 of the Bureau of Indian Standards Act, 2016."
129_Hand_Tools_Quality_Control_Order_2024_S_O_4183_E_dated_24th_September_2024_Hand_Tools_Quality_Control_Order_2025_S_O_3385_E_Dated_24_July_2025_Hand_Tools_Quality_Control_Order_2025_S_O_5596_E_Dated_04_December_2025,"129. Hand Tools (Quality Control) Order, 2024 S.O. 4183(E), dated 24th September 2024 Hand Tools (Quality Control) Order, 2025 S.O. 3385 (E) Dated 24 July, 2025 Hand Tools (Quality Control) Order, 2025 S.O. 5596(E) Dated 04 December, 2025",S.O. 4183(E),d 24th September 2024 Hand Tools,d 24th September 2024 Hand Tools,Scheme-I,Department_for_Promotion_of_Industry_and_Internal_Trade_DPIIT,"Mandatory conformity to Indian Standard with BIS Standard Mark (ISI Mark) under Section 16 of the Bureau of Indian Standards Act, 2016."
130_Indutech_Quality_Control_Order_2024_S_O_4326_E_dated_03rd_October_2024,"130. Indutech (Quality Control) Order, 2024 S.O. 4326(E), dated 03rd October 2024",S.O. 4326(E),d 03rd October 2024,d 03rd October 2024,Scheme-I,Ministry_of_Textiles,"Mandatory conformity to Indian Standard with BIS Standard Mark (ISI Mark) under Section 16 of the Bureau of Indian Standards Act, 2016."
131_Ropes_and_Cordages_Quality_Control_Order_2024_S_O_4327_E_dated_03rd_October_2024_Ropes_and_Cordages_Quality_Control_Amendment_Order_2026_S_O_2871_E_Dated_05_June_2026,"131. Ropes and Cordages (Quality Control) Order, 2024 S.O. 4327(E), dated 03rd October 2024 Ropes and Cordages (Quality Control) Amendment Order, 2026 S.O.2871 (E) Dated 05 June, 2026",S.O. 4327(E),d 03rd October 2024 Ropes and Cordages,d 03rd October 2024 Ropes and Cordages,Scheme-I,Ministry_of_Textiles,"Mandatory conformity to Indian Standard with BIS Standard Mark (ISI Mark) under Section 16 of the Bureau of Indian Standards Act, 2016."
132_Solar_Thermal_Systems_Devices_and_Components_Quality_Control_Order_2024_S_O_4485_E_dated_14th_October_2024,"132. Solar Thermal Systems, Devices and Components (Quality Control) Order, 2024 S.O. 4485(E), dated 14th October 2024",S.O. 4485(E),d 14th October 2024,d 14th October 2024,Scheme-I,Ministry_of_New_and_Renewable_Energy_MNRE,"Mandatory conformity to Indian Standard with BIS Standard Mark (ISI Mark) under Section 16 of the Bureau of Indian Standards Act, 2016."
H_Acid_Quality_Control_Order_2024_S_O_4925_E_dated_14th_November_2024_H_Acid_Quality_Control_Amendment_Order_2025_S_O_2144_E_Dated_14_May_2025_H_Acid_Quality_Control_Second_Amendment_Order_2025_S_O_3530_E_Dated_30_July_2025_Rescind_order_of_H_Acid_Quality_Control_Order_2024_S_O_5310_E_Dated_20_November_2025,"H Acid (Quality Control) Order, 2024 S.O. 4925(E), dated 14th November 2024 H Acid (Quality Control) Amendment Order, 2025 S.O.2144 (E) Dated 14 May, 2025 H Acid (Quality Control) Second Amendment Order, 2025 S.O.3530 (E) Dated 30 July, 2025 Rescind order of H Acid (Quality Control) Order, 2024 S.O. 5310 (E) Dated 20 November, 2025",S.O. 4925(E),d 14th November 2024 H Acid,d 14th November 2024 H Acid,Scheme-I,Department_for_Promotion_of_Industry_and_Internal_Trade_DPIIT,"Mandatory conformity to Indian Standard with BIS Standard Mark (ISI Mark) under Section 16 of the Bureau of Indian Standards Act, 2016."
K_Acid_Quality_Control_Order_2024_S_O_4926_E_dated_14th_November_2024_K_Acid_Quality_Control_Amendment_Order_2025_S_O_2145_E_Dated_14_May_2025_Rescind_order_of_K_Acid_Quality_Control_Order_2024_S_O_5311_E_Dated_20_November_2025,"K Acid (Quality Control) Order, 2024 S.O. 4926(E), dated 14th November 2024 K Acid (Quality Control) Amendment Order, 2025 S.O.2145 (E) Dated 14 May, 2025 Rescind order of K Acid (Quality Control) Order, 2024 S.O. 5311(E) Dated 20 November, 2025",S.O. 4926(E),d 14th November 2024 K Acid,d 14th November 2024 K Acid,Scheme-I,Department_for_Promotion_of_Industry_and_Internal_Trade_DPIIT,"Mandatory conformity to Indian Standard with BIS Standard Mark (ISI Mark) under Section 16 of the Bureau of Indian Standards Act, 2016."
Vinyl_Sulphone_Quality_Control_Order_2024_S_O_4927_E_dated_14th_November_2024_Vinyl_Sulphone_Quality_Control_Amendment_Order_2025_S_O_2146_E_Dated_14_May_2025_Vinyl_Sulphone_Quality_Control_Second_Amendment_Order_2025_S_O_3531_E_Dated_30_July_2025_Rescind_Vinyl_Sulphone_Quality_Control_Order_2024_S_O_5312_E_Dated_20_November_2025,"Vinyl Sulphone (Quality Control) Order, 2024 S.O. 4927(E), dated 14th November 2024 Vinyl Sulphone (Quality Control) Amendment Order, 2025 S.O.2146 (E) Dated 14 May, 2025 Vinyl Sulphone (Quality Control) Second Amendment Order, 2025 S.O.3531 (E) Dated 30 July, 2025 Rescind Vinyl Sulphone (Quality Control) Order, 2024 S.O. 5312 (E) Dated 20 November, 2025",S.O. 4927(E),d 14th November 2024 Vinyl Sulphone,d 14th November 2024 Vinyl Sulphone,Scheme-I,Department_for_Promotion_of_Industry_and_Internal_Trade_DPIIT,"Mandatory conformity to Indian Standard with BIS Standard Mark (ISI Mark) under Section 16 of the Bureau of Indian Standards Act, 2016."
133_Electric_Fence_Energizers_Quality_Control_Order_2024_S_O_4958_E_dated_19th_November_2024_Order_for_Goods_038_Articles_Exemption_against_Import_S_O_775_E_Dated_13th_February_2026_Order_for_Goods_038_Articles_Exemption_against_Purchase_S_O_776_E_Dated_13th_February_2026,"133. Electric Fence Energizers (Quality Control) Order, 2024 S.O. 4958(E), dated 19th November 2024 Order for Goods &#038; Articles Exemption against Import S.O. 775(E) Dated 13th February, 2026 Order for Goods &#038; Articles Exemption against Purchase S.O. 776(E) Dated 13th February, 2026",S.O. 4958(E),d 19th November 2024 Order for Goods,d 19th November 2024 Order for Goods,Scheme-I,Department_for_Promotion_of_Industry_and_Internal_Trade_DPIIT,"Mandatory conformity to Indian Standard with BIS Standard Mark (ISI Mark) under Section 16 of the Bureau of Indian Standards Act, 2016."
134_Flashlight_Quality_Control_Order_2025_S_O_501_E_dated_28th_January_2025_Order_for_Goods_038_Articles_Exemption_against_Import_S_O_775_E_Dated_13th_February_2026_Order_for_Goods_038_Articles_Exemption_against_Purchase_S_O_776_E_Dated_13th_February_2026,"134. Flashlight (Quality Control) Order, 2025 S.O. 501(E), dated 28th January 2025 Order for Goods &#038; Articles Exemption against Import S.O. 775(E) Dated 13th February, 2026 Order for Goods &#038; Articles Exemption against Purchase S.O. 776(E) Dated 13th February, 2026",S.O. 501(E),d 28th January 2025 Order for Goods,d 28th January 2025 Order for Goods,Scheme-I,Department_for_Promotion_of_Industry_and_Internal_Trade_DPIIT,"Mandatory conformity to Indian Standard with BIS Standard Mark (ISI Mark) under Section 16 of the Bureau of Indian Standards Act, 2016."
135_Stainless_Steel_Pipes_and_Tubes_Quality_Control_Order_2025_S_O_693_E_dated_11th_February_2025,"135. Stainless Steel Pipes and Tubes (Quality Control) Order, 2025 S.O. 693(E), dated 11th February 2025",S.O. 693(E),d 11th February 2025,d 11th February 2025,Scheme-I,Ministry_of_Steel,"Mandatory conformity to Indian Standard with BIS Standard Mark (ISI Mark) under Section 16 of the Bureau of Indian Standards Act, 2016."
136_Furniture_Quality_Control_Order_2025_S_O_801_E_Dated_14_February_2025_Furniture_Quality_Control_Amendment_Order_2026_S_O_774_E_Dated_13_February_2026_Amendment_in_the_Quality_Control_Order_S_O_777_E_Dated_13th_February_2026_Furniture_Quality_Control_Second_Amendment_Order_2026_S_O_1125_E_Dated_02_March_2026_Transition_Facilitation_Quality_Control_Order_2026_S_O_3417_E_Dated_25_June_2026IS_302_Part_1_2024_IEC_60335_1_2020,"136. Furniture (Quality Control) Order, 2025 S.O. 801 (E) Dated 14 February, 2025 Furniture (Quality Control) Amendment Order, 2026 S.O. 774 (E) Dated 13 February, 2026 Amendment in the Quality Control Order S.O. 777(E) Dated 13th February, 2026 Furniture (Quality Control) Second Amendment Order, 2026 S.O. 1125 (E) Dated 02 March, 2026 Transition Facilitation (Quality Control) Order, 2026 S.O. 3417 (E) Dated 25 June, 2026IS 302 (Part 1) : 2024 IEC 60335-1:2020",S.O. 801,"d 14 February, 2025 Furniture","d 14 February, 2025 Furniture",Scheme-I,Department_for_Promotion_of_Industry_and_Internal_Trade_DPIIT,"Mandatory conformity to Indian Standard with BIS Standard Mark (ISI Mark) under Section 16 of the Bureau of Indian Standards Act, 2016."
Refined_Nickel_Quality_Control_Order_2025_S_O_1766_E_Dated_17_April_2025_Refined_Nickel_Quality_Control_Amendment_Order_2025_S_O_4370_E_Dated_25_September_2025_Withdrawal_of_Refined_Nickel_Quality_Control_Order_2025_S_O_5168_E_Dated_13_November_2025,"Refined Nickel (Quality Control) Order, 2025 S.O. 1766 (E) Dated 17 April, 2025 Refined Nickel (Quality Control) Amendment Order, 2025 S.O. 4370 (E) Dated 25 September, 2025 Withdrawal of Refined Nickel (Quality Control) Order, 2025 S.O. 5168(E) Dated 13 November, 2025",S.O. 1766,"d 17 April, 2025 Refined Nickel","d 17 April, 2025 Refined Nickel",Scheme-I,Department_for_Promotion_of_Industry_and_Internal_Trade_DPIIT,"Mandatory conformity to Indian Standard with BIS Standard Mark (ISI Mark) under Section 16 of the Bureau of Indian Standards Act, 2016."
Primary_Lead_Quality_Control_Order_2025_S_O_1767_E_Dated_17_April_2025_Primary_Lead_Quality_Control_Amendment_Order_2025_S_O_4367_E_Dated_25_September_2025_Withdrawal_of_Primary_Lead_Quality_Control_Order_2025_S_O_5170_E_Dated_13_November_2025,"Primary Lead (Quality Control) Order, 2025 S.O. 1767 (E) Dated 17 April, 2025 Primary Lead (Quality Control) Amendment Order, 2025 S.O. 4367 (E) Dated 25 September, 2025 Withdrawal of Primary Lead (Quality Control) Order, 2025 S.O. 5170(E) Dated 13 November, 2025",S.O. 1767,"d 17 April, 2025 Primary Lead","d 17 April, 2025 Primary Lead",Scheme-I,Department_for_Promotion_of_Industry_and_Internal_Trade_DPIIT,"Mandatory conformity to Indian Standard with BIS Standard Mark (ISI Mark) under Section 16 of the Bureau of Indian Standards Act, 2016."
Refined_Zinc_Quality_Control_Order_2025_S_O_1768_E_Dated_17_April_2025_Refined_Zinc_Quality_Control_Amendment_Order_2025_S_O_4368_E_Dated_25_September_2025_Withdrawal_of_Refined_Zinc_Quality_Control_Order_2025_S_O_5169_E_Dated_13_November_2025,"Refined Zinc (Quality Control) Order, 2025 S.O. 1768 (E) Dated 17 April, 2025 Refined Zinc (Quality Control) Amendment Order, 2025 S.O. 4368 (E) Dated 25 September, 2025 Withdrawal of Refined Zinc (Quality Control) Order, 2025 S.O. 5169(E) Dated 13 November, 2025",S.O. 1768,"d 17 April, 2025 Refined Zinc","d 17 April, 2025 Refined Zinc",Scheme-I,Department_for_Promotion_of_Industry_and_Internal_Trade_DPIIT,"Mandatory conformity to Indian Standard with BIS Standard Mark (ISI Mark) under Section 16 of the Bureau of Indian Standards Act, 2016."
Tin_Ingot_Quality_Control_Order_2025_S_O_1769_E_Dated_17_April_2025_Tin_Ingot_Quality_Control_Amendment_Order_2025_S_O_4369_E_Dated_25_September_2025_Withdrawal_of_Tin_Ingot_Quality_Control_Order_2025_S_O_5167_E_Dated_13_November_2025,"Tin Ingot (Quality Control) Order, 2025 S.O. 1769 (E) Dated 17 April, 2025 Tin Ingot (Quality Control) Amendment Order, 2025 S.O. 4369 (E) Dated 25 September, 2025 Withdrawal of Tin Ingot (Quality Control) Order, 2025 S.O. 5167(E) Dated 13 November, 2025",S.O. 1769,"d 17 April, 2025 Tin Ingot","d 17 April, 2025 Tin Ingot",Scheme-I,Department_for_Promotion_of_Industry_and_Internal_Trade_DPIIT,"Mandatory conformity to Indian Standard with BIS Standard Mark (ISI Mark) under Section 16 of the Bureau of Indian Standards Act, 2016."
