source_id,source_is,source_type,target_id,target_is,target_type,relationship,confidence,description
IS_1000_2021,IS 1000 : 2021,Standard,IS_1000,IS 1000,Standard,SUPERSEDES,0.95,IS 1000 : 2021 (2021) chronologically supersedes IS 1000 (1989)
IS_10010_2022,IS 10010 : 2022,Standard,IS_10010,IS 10010,Standard,SUPERSEDES,0.95,IS 10010 : 2022 (2022) chronologically supersedes IS 10010 (1981)
IS_10027_2018,IS 10027 : 2018,Standard,IS_10027,IS 10027,Standard,SUPERSEDES,0.95,IS 10027 : 2018 (2018) chronologically supersedes IS 10027 (2000)
IS_10032_2013,IS 10032 : 2013,Standard,IS_10032,IS 10032,Standard,SUPERSEDES,0.95,IS 10032 : 2013 (2018) chronologically supersedes IS 10032 (1981)
IS_10035_2023,IS 10035 : 2023,Standard,IS_10035,IS 10035,Standard,SUPERSEDES,0.95,IS 10035 : 2023 (2023) chronologically supersedes IS 10035 (1993)
IS_10047_2023,IS 10047 : 2023,Standard,IS_10047,IS 10047,Standard,SUPERSEDES,0.95,IS 10047 : 2023 (2023) chronologically supersedes IS 10047 (1981)
IS_10056_2023,IS 10056 : 2023,Standard,IS_10056,IS 10056,Standard,SUPERSEDES,0.95,IS 10056 : 2023 (2023) chronologically supersedes IS 10056 (1982)
IS_10060_2013,IS 10060 : 2013,Standard,IS_10060,IS 10060,Standard,SUPERSEDES,0.95,IS 10060 : 2013 (2019) chronologically supersedes IS 10060 (1981)
IS_10086_2021,IS 10086 : 2021,Standard,IS_10086,IS 10086,Standard,SUPERSEDES,0.95,IS 10086 : 2021 (2022) chronologically supersedes IS 10086 (1982)
IS_1009_2023,IS 1009 : 2023,Standard,IS_1009,IS 1009,Standard,SUPERSEDES,0.95,IS 1009 : 2023 (2023) chronologically supersedes IS 1009 (1979)
IS_101_Part_8_Sec_5_2022,IS 101 : Part 8 : Sec 5 : 2022,Standard,IS_101_Part_2_Sec_1_2018,IS 101 : Part 2 : Sec 1 : 2018,Standard,SUPERSEDES,0.95,IS 101 : Part 8 : Sec 5 : 2022 (2022) chronologically supersedes IS 101 : Part 2 : Sec 1 : 2018 (2018)
IS_101_Part_1_Sec_1_2023,IS 101 : Part 1 : Sec 1 : 2023,Standard,IS_101_Part_8_Sec_5_2022,IS 101 : Part 8 : Sec 5 : 2022,Standard,SUPERSEDES,0.95,IS 101 : Part 1 : Sec 1 : 2023 (2023) chronologically supersedes IS 101 : Part 8 : Sec 5 : 2022 (2022)
IS_1010_2023,IS 1010 : 2023,Standard,IS_1010,IS 1010,Standard,SUPERSEDES,0.95,IS 1010 : 2023 (2023) chronologically supersedes IS 1010 (1968)
IS_10100_1982,IS 10100 : 1982,Standard,IS_10100,IS 10100,Standard,SUPERSEDES,0.95,IS 10100 : 1982 (2018) chronologically supersedes IS 10100 (1982)
IS_10109_2018,IS 10109 : 2018,Standard,IS_10109,IS 10109,Standard,SUPERSEDES,0.95,IS 10109 : 2018 (2018) chronologically supersedes IS 10109 (2002)
IS_10116_2015,IS 10116 : 2015,Standard,IS_10116,IS 10116,Standard,SUPERSEDES,0.95,IS 10116 : 2015 (2018) chronologically supersedes IS 10116 (1982)
IS_10137_2015,IS 10137 : 2015,Standard,IS_10137,IS 10137,Standard,SUPERSEDES,0.95,IS 10137 : 2015 (2016) chronologically supersedes IS 10137 (1982)
IS_1014_2023,IS 1014 : 2023,Standard,IS_1014,IS 1014,Standard,SUPERSEDES,0.95,IS 1014 : 2023 (2023) chronologically supersedes IS 1014 (1956)
IS_10148_2023,IS 10148 : 2023,Standard,IS_10148,IS 10148,Standard,SUPERSEDES,0.95,IS 10148 : 2023 (2023) chronologically supersedes IS 10148 (1982)
IS_10151_2019,IS 10151 : 2019,Standard,IS_10151,IS 10151,Standard,SUPERSEDES,0.95,IS 10151 : 2019 (2019) chronologically supersedes IS 10151 (1982)
IS_10153_2021,IS 10153 : 2021,Standard,IS_10153,IS 10153,Standard,SUPERSEDES,0.95,IS 10153 : 2021 (2021) chronologically supersedes IS 10153 (1982)
IS_10157_2023,IS 10157 : 2023,Standard,IS_10157,IS 10157,Standard,SUPERSEDES,0.95,IS 10157 : 2023 (2023) chronologically supersedes IS 10157 (1982)
IS_10174_2023,IS 10174 : 2023,Standard,IS_10174,IS 10174,Standard,SUPERSEDES,0.95,IS 10174 : 2023 (2023) chronologically supersedes IS 10174 (1982)
IS_10186_2015,IS 10186 : 2015,Standard,IS_10186,IS 10186,Standard,SUPERSEDES,0.95,IS 10186 : 2015 (2019) chronologically supersedes IS 10186 (1982)
IS_10223_2023,IS 10223 : 2023,Standard,IS_10223,IS 10223,Standard,SUPERSEDES,0.95,IS 10223 : 2023 (2023) chronologically supersedes IS 10223 (1982)
IS_10262_2019,IS 10262 : 2019,Standard,IS_10262,IS 10262,Standard,SUPERSEDES,0.95,IS 10262 : 2019 (2019) chronologically supersedes IS 10262 (2009)
IS_10278_2018,IS 10278 : 2018,Standard,IS_10278,IS 10278,Standard,SUPERSEDES,0.95,IS 10278 : 2018 (2018) chronologically supersedes IS 10278 (2009)
IS_10286_2013,IS 10286 : 2013,Standard,IS_10286,IS 10286,Standard,SUPERSEDES,0.95,IS 10286 : 2013 (2018) chronologically supersedes IS 10286 (1993)
IS_10295_2023,IS 10295 : 2023,Standard,IS_10295,IS 10295,Standard,SUPERSEDES,0.95,IS 10295 : 2023 (2023) chronologically supersedes IS 10295 (1982)
IS_10300_2023,IS 10300 : 2023,Standard,IS_10300,IS 10300,Standard,SUPERSEDES,0.95,IS 10300 : 2023 (2023) chronologically supersedes IS 10300 (1982)
IS_10322_Part_1_2014,IS 10322 : Part 1 : 2014,Standard,IS_10322_Part_5_Sec_8_2013,IS 10322 : Part 5 : Sec 8 : 2013,Standard,SUPERSEDES,0.95,IS 10322 : Part 1 : 2014 (2018) chronologically supersedes IS 10322 : Part 5 : Sec 8 : 2013 (2017)
IS_10323_2019,IS 10323 : 2019,Standard,IS_10323,IS 10323,Standard,SUPERSEDES,0.95,IS 10323 : 2019 (2019) chronologically supersedes IS 10323 (1982)
IS_10335_2016,IS 10335 : 2016,Standard,IS_10335,IS 10335,Standard,SUPERSEDES,0.95,IS 10335 : 2016 (2016) chronologically supersedes IS 10335 (2007)
IS_10350_2020,IS 10350 : 2020,Standard,IS_10350,IS 10350,Standard,SUPERSEDES,0.95,IS 10350 : 2020 (2020) chronologically supersedes IS 10350 (1999)
IS_10386_Part_7_2020,IS 10386 : Part 7 : 2020,Standard,IS_10386_Part_1_2013,IS 10386 : Part 1 : 2013,Standard,SUPERSEDES,0.95,IS 10386 : Part 7 : 2020 (2020) chronologically supersedes IS 10386 : Part 1 : 2013 (2019)
IS_10399_2022,IS 10399 : 2022,Standard,IS_10399,IS 10399,Standard,SUPERSEDES,0.95,IS 10399 : 2022 (2023) chronologically supersedes IS 10399 (1998)
IS_104_2017,IS 104 : 2017,Standard,IS_104,IS 104,Standard,SUPERSEDES,0.95,IS 104 : 2017 (2017) chronologically supersedes IS 104 (1979)
IS_10400_2013,IS 10400 : 2013,Standard,IS_10400,IS 10400,Standard,SUPERSEDES,0.95,IS 10400 : 2013 (2018) chronologically supersedes IS 10400 (1992)
IS_10411_2020,IS 10411 : 2020,Standard,IS_10411,IS 10411,Standard,SUPERSEDES,0.95,IS 10411 : 2020 (2021) chronologically supersedes IS 10411 (1983)
IS_10429_2011,IS 10429 : 2011,Standard,IS_10429,IS 10429,Standard,SUPERSEDES,0.95,IS 10429 : 2011 (2019) chronologically supersedes IS 10429 (1982)
IS_10457_2023,IS 10457 : 2023,Standard,IS_10457,IS 10457,Standard,SUPERSEDES,0.95,IS 10457 : 2023 (2023) chronologically supersedes IS 10457 (1983)
IS_10458_2023,IS 10458 : 2023,Standard,IS_10458,IS 10458,Standard,SUPERSEDES,0.95,IS 10458 : 2023 (2023) chronologically supersedes IS 10458 (1983)
IS_1046_2014,IS 1046 : 2014,Standard,IS_1046,IS 1046,Standard,SUPERSEDES,0.95,IS 1046 : 2014 (2019) chronologically supersedes IS 1046 (1992)
IS_10464_2023,IS 10464 : 2023,Standard,IS_10464,IS 10464,Standard,SUPERSEDES,0.95,IS 10464 : 2023 (2023) chronologically supersedes IS 10464 (1983)
IS_10484_2021,IS 10484 : 2021,Standard,IS_10484,IS 10484,Standard,SUPERSEDES,0.95,IS 10484 : 2021 (2021) chronologically supersedes IS 10484 (1983)
IS_10502_2018,IS 10502 : 2018,Standard,IS_10502,IS 10502,Standard,SUPERSEDES,0.95,IS 10502 : 2018 (2018) chronologically supersedes IS 10502 (1993)
IS_10508_2020,IS 10508 : 2020,Standard,IS_10508,IS 10508,Standard,SUPERSEDES,0.95,IS 10508 : 2020 (2021) chronologically supersedes IS 10508 (2007)
IS_10517_2019,IS 10517 : 2019,Standard,IS_10517,IS 10517,Standard,SUPERSEDES,0.95,IS 10517 : 2019 (2019) chronologically supersedes IS 10517 (1983)
IS_10523_2014,IS 10523 : 2014,Standard,IS_10523,IS 10523,Standard,SUPERSEDES,0.95,IS 10523 : 2014 (2019) chronologically supersedes IS 10523 (1983)
IS_10525_2022,IS 10525 : 2022,Standard,IS_10525,IS 10525,Standard,SUPERSEDES,0.95,IS 10525 : 2022 (2022) chronologically supersedes IS 10525 (1983)
IS_1055_2023,IS 1055 : 2023,Standard,IS_1055,IS 1055,Standard,SUPERSEDES,0.95,IS 1055 : 2023 (2023) chronologically supersedes IS 1055 (1984)
IS_10556_2014,IS 10556 : 2014,Standard,IS_10556,IS 10556,Standard,SUPERSEDES,0.95,IS 10556 : 2014 (2019) chronologically supersedes IS 10556 (1983)
IS_10559_2023,IS 10559 : 2023,Standard,IS_10559,IS 10559,Standard,SUPERSEDES,0.95,IS 10559 : 2023 (2023) chronologically supersedes IS 10559 (1983)
IS_10560_2023,IS 10560 : 2023,Standard,IS_10560,IS 10560,Standard,SUPERSEDES,0.95,IS 10560 : 2023 (2023) chronologically supersedes IS 10560 (1983)
IS_10582_2022,IS 10582 : 2022,Standard,IS_10582,IS 10582,Standard,SUPERSEDES,0.95,IS 10582 : 2022 (2022) chronologically supersedes IS 10582 (1983)
IS_10583_2022,IS 10583 : 2022,Standard,IS_10583,IS 10583,Standard,SUPERSEDES,0.95,IS 10583 : 2022 (2022) chronologically supersedes IS 10583 (1983)
IS_10592_2018,IS 10592 : 2018,Standard,IS_10592,IS 10592,Standard,SUPERSEDES,0.95,IS 10592 : 2018 (2019) chronologically supersedes IS 10592 (1982)
IS_10594_2021,IS 10594 : 2021,Standard,IS_10594,IS 10594,Standard,SUPERSEDES,0.95,IS 10594 : 2021 (2022) chronologically supersedes IS 10594 (1983)
IS_10598_2023,IS 10598 : 2023,Standard,IS_10598,IS 10598,Standard,SUPERSEDES,0.95,IS 10598 : 2023 (2023) chronologically supersedes IS 10598 (1997)
IS_1061_2017,IS 1061 : 2017,Standard,IS_1061,IS 1061,Standard,SUPERSEDES,0.95,IS 1061 : 2017 (2017) chronologically supersedes IS 1061 (1997)
IS_10613_2023,IS 10613 : 2023,Standard,IS_10613,IS 10613,Standard,SUPERSEDES,0.95,IS 10613 : 2023 (2023) chronologically supersedes IS 10613 (2004)
IS_10617_2018,IS 10617 : 2018,Standard,IS_10617,IS 10617,Standard,SUPERSEDES,0.95,IS 10617 : 2018 (2019) chronologically supersedes IS 10617 (2013)
IS_10620_2023,IS 10620 : 2023,Standard,IS_10620,IS 10620,Standard,SUPERSEDES,0.95,IS 10620 : 2023 (2023) chronologically supersedes IS 10620 (1983)
IS_10622_2023,IS 10622 : 2023,Standard,IS_10622,IS 10622,Standard,SUPERSEDES,0.95,IS 10622 : 2023 (2023) chronologically supersedes IS 10622 (1983)
IS_10633_2017,IS 10633 : 2017,Standard,IS_10633,IS 10633,Standard,SUPERSEDES,0.95,IS 10633 : 2017 (2017) chronologically supersedes IS 10633 (1999)
IS_10635_2014,IS 10635 : 2014,Standard,IS_10635,IS 10635,Standard,SUPERSEDES,0.95,IS 10635 : 2014 (2017) chronologically supersedes IS 10635 (1993)
IS_1065_Part_1_2019,IS 1065 : Part 1 : 2019,Standard,IS_1065,IS 1065,Standard,SUPERSEDES,0.95,IS 1065 : Part 1 : 2019 (2019) chronologically supersedes IS 1065 (1989)
IS_10651_2019,IS 10651 : 2019,Standard,IS_10651,IS 10651,Standard,SUPERSEDES,0.95,IS 10651 : 2019 (2019) chronologically supersedes IS 10651 (1983)
IS_10652_2019,IS 10652 : 2019,Standard,IS_10652,IS 10652,Standard,SUPERSEDES,0.95,IS 10652 : 2019 (2019) chronologically supersedes IS 10652 (1983)
IS_10653_2019,IS 10653 : 2019,Standard,IS_10653,IS 10653,Standard,SUPERSEDES,0.95,IS 10653 : 2019 (2019) chronologically supersedes IS 10653 (1983)
IS_10664_Part_2_2022,IS 10664 : Part 2 : 2022,Standard,IS_10664,IS 10664,Standard,SUPERSEDES,0.95,IS 10664 : Part 2 : 2022 (2022) chronologically supersedes IS 10664 (2003)
IS_10666_2018,IS 10666 : 2018,Standard,IS_10666,IS 10666,Standard,SUPERSEDES,0.95,IS 10666 : 2018 (2018) chronologically supersedes IS 10666 (2009)
IS_1069_2021,IS 1069 : 2021,Standard,IS_1069,IS 1069,Standard,SUPERSEDES,0.95,IS 1069 : 2021 (2021) chronologically supersedes IS 1069 (1993)
IS_10692_2023,IS 10692 : 2023,Standard,IS_10692,IS 10692,Standard,SUPERSEDES,0.95,IS 10692 : 2023 (2023) chronologically supersedes IS 10692 (1983)
IS_1070_2023,IS 1070 : 2023,Standard,IS_1070,IS 1070,Standard,SUPERSEDES,0.95,IS 1070 : 2023 (2023) chronologically supersedes IS 1070 (1992)
IS_10702_2023,IS 10702 : 2023,Standard,IS_10702,IS 10702,Standard,SUPERSEDES,0.95,IS 10702 : 2023 (2023) chronologically supersedes IS 10702 (1992)
IS_10708_2017,IS 10708 : 2017,Standard,IS_10708,IS 10708,Standard,SUPERSEDES,0.95,IS 10708 : 2017 (2017) chronologically supersedes IS 10708 (1985)
IS_10724_2023,IS 10724 : 2023,Standard,IS_10724,IS 10724,Standard,SUPERSEDES,0.95,IS 10724 : 2023 (2023) chronologically supersedes IS 10724 (1990)
IS_10728_2023,IS 10728 : 2023,Standard,IS_10728,IS 10728,Standard,SUPERSEDES,0.95,IS 10728 : 2023 (2023) chronologically supersedes IS 10728 (1983)
IS_10733_2023,IS 10733 : 2023,Standard,IS_10733,IS 10733,Standard,SUPERSEDES,0.95,IS 10733 : 2023 (2023) chronologically supersedes IS 10733 (1983)
IS_10751_2022,IS 10751 : 2022,Standard,IS_10751,IS 10751,Standard,SUPERSEDES,0.95,IS 10751 : 2022 (2022) chronologically supersedes IS 10751 (1994)
IS_1079_2017,IS 1079 : 2017,Standard,IS_1079,IS 1079,Standard,SUPERSEDES,0.95,IS 1079 : 2017 (2017) chronologically supersedes IS 1079 (2009)
IS_10804_Part_1_2018,IS 10804 : Part 1 : 2018,Standard,IS_10804,IS 10804,Standard,SUPERSEDES,0.95,IS 10804 : Part 1 : 2018 (2018) chronologically supersedes IS 10804 (1994)
IS_10805_2022,IS 10805 : 2022,Standard,IS_10805,IS 10805,Standard,SUPERSEDES,0.95,IS 10805 : 2022 (2022) chronologically supersedes IS 10805 (1986)
IS_10813_2022,IS 10813 : 2022,Standard,IS_10813,IS 10813,Standard,SUPERSEDES,0.95,IS 10813 : 2022 (2022) chronologically supersedes IS 10813 (1984)
IS_10823_2018,IS 10823 : 2018,Standard,IS_10823,IS 10823,Standard,SUPERSEDES,0.95,IS 10823 : 2018 (2019) chronologically supersedes IS 10823 (1994)
IS_1083_2022,IS 1083 : 2022,Standard,IS_1083,IS 1083,Standard,SUPERSEDES,0.95,IS 1083 : 2022 (2023) chronologically supersedes IS 1083 (1978)
IS_10864_2013,IS 10864 : 2013,Standard,IS_10864,IS 10864,Standard,SUPERSEDES,0.95,IS 10864 : 2013 (2018) chronologically supersedes IS 10864 (1984)
IS_10872_2023,IS 10872 : 2023,Standard,IS_10872,IS 10872,Standard,SUPERSEDES,0.95,IS 10872 : 2023 (2023) chronologically supersedes IS 10872 (1984)
IS_10898_2023,IS 10898 : 2023,Standard,IS_10898,IS 10898,Standard,SUPERSEDES,0.95,IS 10898 : 2023 (2023) chronologically supersedes IS 10898 (1984)
IS_10899_2023,IS 10899 : 2023,Standard,IS_10899,IS 10899,Standard,SUPERSEDES,0.95,IS 10899 : 2023 (2023) chronologically supersedes IS 10899 (1984)
IS_109_2017,IS 109 : 2017,Standard,IS_109,IS 109,Standard,SUPERSEDES,0.95,IS 109 : 2017 (2017) chronologically supersedes IS 109 (1968)
IS_10901_2022,IS 10901 : 2022,Standard,IS_10901,IS 10901,Standard,SUPERSEDES,0.95,IS 10901 : 2022 (2022) chronologically supersedes IS 10901 (1984)
IS_10902_2022,IS 10902 : 2022,Standard,IS_10902,IS 10902,Standard,SUPERSEDES,0.95,IS 10902 : 2022 (2022) chronologically supersedes IS 10902 (1984)
IS_10908_2023,IS 10908 : 2023,Standard,IS_10908,IS 10908,Standard,SUPERSEDES,0.95,IS 10908 : 2023 (2023) chronologically supersedes IS 10908 (1991)
IS_10931_2023,IS 10931 : 2023,Standard,IS_10931,IS 10931,Standard,SUPERSEDES,0.95,IS 10931 : 2023 (2023) chronologically supersedes IS 10931 (1984)
IS_10939_2023,IS 10939 : 2023,Standard,IS_10939,IS 10939,Standard,SUPERSEDES,0.95,IS 10939 : 2023 (2023) chronologically supersedes IS 10939 (2000)
IS_1095_2023,IS 1095 : 2023,Standard,IS_1095,IS 1095,Standard,SUPERSEDES,0.95,IS 1095 : 2023 (2023) chronologically supersedes IS 1095 (1991)
IS_10951_2020,IS 10951 : 2020,Standard,IS_10951,IS 10951,Standard,SUPERSEDES,0.95,IS 10951 : 2020 (2020) chronologically supersedes IS 10951 (2002)
IS_10956_2023,IS 10956 : 2023,Standard,IS_10956,IS 10956,Standard,SUPERSEDES,0.95,IS 10956 : 2023 (2023) chronologically supersedes IS 10956 (1984)
IS_10972_2023,IS 10972 : 2023,Standard,IS_10972,IS 10972,Standard,SUPERSEDES,0.95,IS 10972 : 2023 (2023) chronologically supersedes IS 10972 (1984)
IS_1099_2023,IS 1099 : 2023,Standard,IS_1099,IS 1099,Standard,SUPERSEDES,0.95,IS 1099 : 2023 (2023) chronologically supersedes IS 1099 (1991)
IS_10999_2021,IS 10999 : 2021,Standard,IS_10999,IS 10999,Standard,SUPERSEDES,0.95,IS 10999 : 2021 (2021) chronologically supersedes IS 10999 (1999)
IS_110_2017,IS 110 : 2017,Standard,IS_110,IS 110,Standard,SUPERSEDES,0.95,IS 110 : 2017 (2017) chronologically supersedes IS 110 (1983)
IS_11031_2023,IS 11031 : 2023,Standard,IS_11031,IS 11031,Standard,SUPERSEDES,0.95,IS 11031 : 2023 (2023) chronologically supersedes IS 11031 (1984)
IS_11032_2021,IS 11032 : 2021,Standard,IS_11032,IS 11032,Standard,SUPERSEDES,0.95,IS 11032 : 2021 (2021) chronologically supersedes IS 11032 (1984)
IS_11037_2019,IS 11037 : 2019,Standard,IS_11037,IS 11037,Standard,SUPERSEDES,0.95,IS 11037 : 2019 (2020) chronologically supersedes IS 11037 (1984)
IS_11047_2022,IS 11047 : 2022,Standard,IS_11047,IS 11047,Standard,SUPERSEDES,0.95,IS 11047 : 2022 (2022) chronologically supersedes IS 11047 (1984)
IS_11048_2022,IS 11048 : 2022,Standard,IS_11048,IS 11048,Standard,SUPERSEDES,0.95,IS 11048 : 2022 (2022) chronologically supersedes IS 11048 (1984)
IS_11052_2023,IS 11052 : 2023,Standard,IS_11052,IS 11052,Standard,SUPERSEDES,0.95,IS 11052 : 2023 (2023) chronologically supersedes IS 11052 (1984)
IS_11054_2023,IS 11054 : 2023,Standard,IS_11054,IS 11054,Standard,SUPERSEDES,0.95,IS 11054 : 2023 (2023) chronologically supersedes IS 11054 (1984)
IS_11055_2022,IS 11055 : 2022,Standard,IS_11055,IS 11055,Standard,SUPERSEDES,0.95,IS 11055 : 2022 (2023) chronologically supersedes IS 11055 (1984)
IS_11056_2013,IS 11056 : 2013,Standard,IS_11056,IS 11056,Standard,SUPERSEDES,0.95,IS 11056 : 2013 (2018) chronologically supersedes IS 11056 (1984)
IS_11059_2022,IS 11059 : 2022,Standard,IS_11059,IS 11059,Standard,SUPERSEDES,0.95,IS 11059 : 2022 (2022) chronologically supersedes IS 11059 (1984)
IS_11060_2020,IS 11060 : 2020,Standard,IS_11060,IS 11060,Standard,SUPERSEDES,0.95,IS 11060 : 2020 (2020) chronologically supersedes IS 11060 (1984)
IS_11061_2023,IS 11061 : 2023,Standard,IS_11061,IS 11061,Standard,SUPERSEDES,0.95,IS 11061 : 2023 (2023) chronologically supersedes IS 11061 (1984)
IS_11062_2019,IS 11062 : 2019,Standard,IS_11062,IS 11062,Standard,SUPERSEDES,0.95,IS 11062 : 2019 (2019) chronologically supersedes IS 11062 (1984)
IS_11069_2018,IS 11069 : 2018,Standard,IS_11069,IS 11069,Standard,SUPERSEDES,0.95,IS 11069 : 2018 (2018) chronologically supersedes IS 11069 (1984)
IS_11084_2023,IS 11084 : 2023,Standard,IS_11084,IS 11084,Standard,SUPERSEDES,0.95,IS 11084 : 2023 (2023) chronologically supersedes IS 11084 (1984)
IS_11086_2013,IS 11086 : 2013,Standard,IS_11086,IS 11086,Standard,SUPERSEDES,0.95,IS 11086 : 2013 (2018) chronologically supersedes IS 11086 (1984)
IS_1110_2023,IS 1110 : 2023,Standard,IS_1110,IS 1110,Standard,SUPERSEDES,0.95,IS 1110 : 2023 (2023) chronologically supersedes IS 1110 (1990)
IS_11102_2023,IS 11102 : 2023,Standard,IS_11102,IS 11102,Standard,SUPERSEDES,0.95,IS 11102 : 2023 (2023) chronologically supersedes IS 11102 (1984)
IS_11110_2023,IS 11110 : 2023,Standard,IS_11110,IS 11110,Standard,SUPERSEDES,0.95,IS 11110 : 2023 (2023) chronologically supersedes IS 11110 (1984)
IS_11111_2023,IS 11111 : 2023,Standard,IS_11111,IS 11111,Standard,SUPERSEDES,0.95,IS 11111 : 2023 (2023) chronologically supersedes IS 11111 (1984)
IS_11119_2023,IS 11119 : 2023,Standard,IS_11119,IS 11119,Standard,SUPERSEDES,0.95,IS 11119 : 2023 (2023) chronologically supersedes IS 11119 (1984)
IS_11128_2018,IS 11128 : 2018,Standard,IS_11128,IS 11128,Standard,SUPERSEDES,0.95,IS 11128 : 2018 (2021) chronologically supersedes IS 11128 (1984)
IS_11129_2018,IS 11129 : 2018,Standard,IS_11129,IS 11129,Standard,SUPERSEDES,0.95,IS 11129 : 2018 (2018) chronologically supersedes IS 11129 (1984)
IS_11139_2019,IS 11139 : 2019,Standard,IS_11139,IS 11139,Standard,SUPERSEDES,0.95,IS 11139 : 2019 (2019) chronologically supersedes IS 11139 (1984)
IS_11142_2023,IS 11142 : 2023,Standard,IS_11142,IS 11142,Standard,SUPERSEDES,0.95,IS 11142 : 2023 (2023) chronologically supersedes IS 11142 (1984)
IS_11155_2019,IS 11155 : 2019,Standard,IS_11155,IS 11155,Standard,SUPERSEDES,0.95,IS 11155 : 2019 (2019) chronologically supersedes IS 11155 (1994)
IS_11159_Part_2_2021,IS 11159 : Part 2 : 2021,Standard,IS_11159_Part_1_2020,IS 11159 : Part 1 : 2020,Standard,SUPERSEDES,0.95,IS 11159 : Part 2 : 2021 (2021) chronologically supersedes IS 11159 : Part 1 : 2020 (2020)
IS_11163_2021,IS 11163 : 2021,Standard,IS_11163,IS 11163,Standard,SUPERSEDES,0.95,IS 11163 : 2021 (2021) chronologically supersedes IS 11163 (1985)
IS_11169_Part_2_2023,IS 11169 : Part 2 : 2023,Standard,IS_11169_Part_1_2022,IS 11169 : Part 1 : 2022,Standard,SUPERSEDES,0.95,IS 11169 : Part 2 : 2023 (2023) chronologically supersedes IS 11169 : Part 1 : 2022 (2022)
IS_11176_1985,IS 11176 : 1985,Standard,IS_11176,IS 11176,Standard,SUPERSEDES,0.95,IS 11176 : 1985 (2018) chronologically supersedes IS 11176 (2004)
IS_11178_2023,IS 11178 : 2023,Standard,IS_11178,IS 11178,Standard,SUPERSEDES,0.95,IS 11178 : 2023 (2023) chronologically supersedes IS 11178 (1985)
IS_1118_2019,IS 1118 : 2019,Standard,IS_1118,IS 1118,Standard,SUPERSEDES,0.95,IS 1118 : 2019 (2019) chronologically supersedes IS 1118 (1992)
IS_11189_2020,IS 11189 : 2020,Standard,IS_11189,IS 11189,Standard,SUPERSEDES,0.95,IS 11189 : 2020 (2020) chronologically supersedes IS 11189 (1985)
IS_11193_2023,IS 11193 : 2023,Standard,IS_11193,IS 11193,Standard,SUPERSEDES,0.95,IS 11193 : 2023 (2023) chronologically supersedes IS 11193 (1984)
IS_11201_2018,IS 11201 : 2018,Standard,IS_11201,IS 11201,Standard,SUPERSEDES,0.95,IS 11201 : 2018 (2018) chronologically supersedes IS 11201 (1985)
IS_1121_Part_3_Active_Concurrent_Running_2012,"IS 1121 : Part 3 (Active,Concurrent Running ) : 2012",Standard,IS_1121_Part_1_Active_Concurrent_Running_2013,"IS 1121 : Part 1 (Active,Concurrent Running ) : 2013",Standard,SUPERSEDES,0.95,"IS 1121 : Part 3 (Active,Concurrent Running ) : 2012 (2019) chronologically supersedes IS 1121 : Part 1 (Active,Concurrent Running ) : 2013 (2018)"
IS_1121_Part_1_2023,IS 1121 : Part 1 : 2023,Standard,IS_1121_Part_3_Active_Concurrent_Running_2012,"IS 1121 : Part 3 (Active,Concurrent Running ) : 2012",Standard,SUPERSEDES,0.95,"IS 1121 : Part 1 : 2023 (2023) chronologically supersedes IS 1121 : Part 3 (Active,Concurrent Running ) : 2012 (2019)"
IS_11217_2022,IS 11217 : 2022,Standard,IS_11217,IS 11217,Standard,SUPERSEDES,0.95,IS 11217 : 2022 (2022) chronologically supersedes IS 11217 (1984)
IS_1122_2023,IS 1122 : 2023,Standard,IS_1122,IS 1122,Standard,SUPERSEDES,0.95,IS 1122 : 2023 (2023) chronologically supersedes IS 1122 (1974)
IS_11227_2022,IS 11227 : 2022,Standard,IS_11227,IS 11227,Standard,SUPERSEDES,0.95,IS 11227 : 2022 (2022) chronologically supersedes IS 11227 (1985)
IS_11228_2023,IS 11228 : 2023,Standard,IS_11228,IS 11228,Standard,SUPERSEDES,0.95,IS 11228 : 2023 (2023) chronologically supersedes IS 11228 (1985)
IS_11230_2023,IS 11230 : 2023,Standard,IS_11230,IS 11230,Standard,SUPERSEDES,0.95,IS 11230 : 2023 (2023) chronologically supersedes IS 11230 (1985)
IS_11238_2023,IS 11238 : 2023,Standard,IS_11238,IS 11238,Standard,SUPERSEDES,0.95,IS 11238 : 2023 (2023) chronologically supersedes IS 11238 (1985)
IS_11245_2004,IS 11245 : 2004,Standard,IS_11245,IS 11245,Standard,SUPERSEDES,0.95,IS 11245 : 2004 (2019) chronologically supersedes IS 11245 (1999)
IS_1125_2013,IS 1125 : 2013,Standard,IS_1125,IS 1125,Standard,SUPERSEDES,0.95,IS 1125 : 2013 (2019) chronologically supersedes IS 1125 (1974)
IS_1126_2013,IS 1126 : 2013,Standard,IS_1126,IS 1126,Standard,SUPERSEDES,0.95,IS 1126 : 2013 (2018) chronologically supersedes IS 1126 (1974)
IS_11303_2017,IS 11303 : 2017,Standard,IS_11303,IS 11303,Standard,SUPERSEDES,0.95,IS 11303 : 2017 (2017) chronologically supersedes IS 11303 (1985)
IS_11327_2022,IS 11327 : 2022,Standard,IS_11327,IS 11327,Standard,SUPERSEDES,0.95,IS 11327 : 2022 (2022) chronologically supersedes IS 11327 (2007)
IS_11328_2022,IS 11328 : 2022,Standard,IS_11328,IS 11328,Standard,SUPERSEDES,0.95,IS 11328 : 2022 (2023) chronologically supersedes IS 11328 (1985)
IS_11329_2018,IS 11329 : 2018,Standard,IS_11329,IS 11329,Standard,SUPERSEDES,0.95,IS 11329 : 2018 (2018) chronologically supersedes IS 11329 (1985)
IS_11330_2021,IS 11330 : 2021,Standard,IS_11330,IS 11330,Standard,SUPERSEDES,0.95,IS 11330 : 2021 (2021) chronologically supersedes IS 11330 (1985)
IS_11340_2020,IS 11340 : 2020,Standard,IS_11340,IS 11340,Standard,SUPERSEDES,0.95,IS 11340 : 2020 (2020) chronologically supersedes IS 11340 (1985)
IS_1135_2018,IS 1135 : 2018,Standard,IS_1135,IS 1135,Standard,SUPERSEDES,0.95,IS 1135 : 2018 (2018) chronologically supersedes IS 1135 (1995)
IS_11352_2018,IS 11352 : 2018,Standard,IS_11352,IS 11352,Standard,SUPERSEDES,0.95,IS 11352 : 2018 (2018) chronologically supersedes IS 11352 (1998)
IS_11356_2020,IS 11356 : 2020,Standard,IS_11356,IS 11356,Standard,SUPERSEDES,0.95,IS 11356 : 2020 (2020) chronologically supersedes IS 11356 (1985)
IS_11356_Part_1_2023,IS 11356 : Part 1 : 2023,Standard,IS_11356_2020,IS 11356 : 2020,Standard,SUPERSEDES,0.95,IS 11356 : Part 1 : 2023 (2023) chronologically supersedes IS 11356 : 2020 (2020)
IS_11371_2022,IS 11371 : 2022,Standard,IS_11371,IS 11371,Standard,SUPERSEDES,0.95,IS 11371 : 2022 (2022) chronologically supersedes IS 11371 (1985)
IS_11375_2021,IS 11375 : 2021,Standard,IS_11375,IS 11375,Standard,SUPERSEDES,0.95,IS 11375 : 2021 (2021) chronologically supersedes IS 11375 (1985)
IS_11376_2021,IS 11376 : 2021,Standard,IS_11376,IS 11376,Standard,SUPERSEDES,0.95,IS 11376 : 2021 (2021) chronologically supersedes IS 11376 (1985)
IS_11384_2022,IS 11384 : 2022,Standard,IS_11384,IS 11384,Standard,SUPERSEDES,0.95,IS 11384 : 2022 (2022) chronologically supersedes IS 11384 (1985)
IS_11389_2023,IS 11389 : 2023,Standard,IS_11389,IS 11389,Standard,SUPERSEDES,0.95,IS 11389 : 2023 (2023) chronologically supersedes IS 11389 (1985)
IS_11434_2023,IS 11434 : 2023,Standard,IS_11434,IS 11434,Standard,SUPERSEDES,0.95,IS 11434 : 2023 (2023) chronologically supersedes IS 11434 (1985)
IS_1144_2022,IS 1144 : 2022,Standard,IS_1144,IS 1144,Standard,SUPERSEDES,0.95,IS 1144 : 2022 (2022) chronologically supersedes IS 1144 (1980)
IS_11464_2021,IS 11464 : 2021,Standard,IS_11464,IS 11464,Standard,SUPERSEDES,0.95,IS 11464 : 2021 (2021) chronologically supersedes IS 11464 (2011)
IS_11479_Part_2_2020,IS 11479 : Part 2 : 2020,Standard,IS_11479,IS 11479,Standard,SUPERSEDES,0.95,IS 11479 : Part 2 : 2020 (2020) chronologically supersedes IS 11479 (1985)
IS_11479_Part_1_2021,IS 11479 : Part 1 : 2021,Standard,IS_11479_Part_2_2020,IS 11479 : Part 2 : 2020,Standard,SUPERSEDES,0.95,IS 11479 : Part 1 : 2021 (2022) chronologically supersedes IS 11479 : Part 2 : 2020 (2020)
IS_11480_2023,IS 11480 : 2023,Standard,IS_11480,IS 11480,Standard,SUPERSEDES,0.95,IS 11480 : 2023 (2023) chronologically supersedes IS 11480 (1998)
IS_11485_2014,IS 11485 : 2014,Standard,IS_11485,IS 11485,Standard,SUPERSEDES,0.95,IS 11485 : 2014 (2017) chronologically supersedes IS 11485 (1985)
IS_11486_2021,IS 11486 : 2021,Standard,IS_11486,IS 11486,Standard,SUPERSEDES,0.95,IS 11486 : 2021 (2021) chronologically supersedes IS 11486 (1985)
IS_11492_2023,IS 11492 : 2023,Standard,IS_11492,IS 11492,Standard,SUPERSEDES,0.95,IS 11492 : 2023 (2023) chronologically supersedes IS 11492 (1985)
IS_11497_2014,IS 11497 : 2014,Standard,IS_11497,IS 11497,Standard,SUPERSEDES,0.95,IS 11497 : 2014 (2017) chronologically supersedes IS 11497 (1985)
IS_11503_2018,IS 11503 : 2018,Standard,IS_11503,IS 11503,Standard,SUPERSEDES,0.95,IS 11503 : 2018 (2018) chronologically supersedes IS 11503 (1985)
IS_11504_2020,IS 11504 : 2020,Standard,IS_11504,IS 11504,Standard,SUPERSEDES,0.95,IS 11504 : 2020 (2020) chronologically supersedes IS 11504 (1985)
IS_11508_2023,IS 11508 : 2023,Standard,IS_11508,IS 11508,Standard,SUPERSEDES,0.95,IS 11508 : 2023 (2023) chronologically supersedes IS 11508 (1985)
IS_1151_2021,IS 1151 : 2021,Standard,IS_1151,IS 1151,Standard,SUPERSEDES,0.95,IS 1151 : 2021 (2021) chronologically supersedes IS 1151 (2003)
IS_11513_2017,IS 11513 : 2017,Standard,IS_11513,IS 11513,Standard,SUPERSEDES,0.95,IS 11513 : 2017 (2017) chronologically supersedes IS 11513 (2011)
IS_11518_2023,IS 11518 : 2023,Standard,IS_11518,IS 11518,Standard,SUPERSEDES,0.95,IS 11518 : 2023 (2023) chronologically supersedes IS 11518 (1985)
IS_1152_2022,IS 1152 : 2022,Standard,IS_1152,IS 1152,Standard,SUPERSEDES,0.95,IS 1152 : 2022 (2022) chronologically supersedes IS 1152 (2003)
IS_11520_2023,IS 11520 : 2023,Standard,IS_11520,IS 11520,Standard,SUPERSEDES,0.95,IS 11520 : 2023 (2023) chronologically supersedes IS 11520 (1985)
IS_11527_2013,IS 11527 : 2013,Standard,IS_11527,IS 11527,Standard,SUPERSEDES,0.95,IS 11527 : 2013 (2017) chronologically supersedes IS 11527 (1985)
IS_1153_2021,IS 1153 : 2021,Standard,IS_1153,IS 1153,Standard,SUPERSEDES,0.95,IS 1153 : 2021 (2021) chronologically supersedes IS 1153 (2000)
IS_11536_2022,IS 11536 : 2022,Standard,IS_11536,IS 11536,Standard,SUPERSEDES,0.95,IS 11536 : 2022 (2022) chronologically supersedes IS 11536 (2007)
IS_1154_2022,IS 1154 : 2022,Standard,IS_1154,IS 1154,Standard,SUPERSEDES,0.95,IS 1154 : 2022 (2022) chronologically supersedes IS 1154 (2000)
IS_1155_2022,IS 1155 : 2022,Standard,IS_1155,IS 1155,Standard,SUPERSEDES,0.95,IS 1155 : 2022 (2022) chronologically supersedes IS 1155 (1968)
IS_11552_2020,IS 11552 : 2020,Standard,IS_11552,IS 11552,Standard,SUPERSEDES,0.95,IS 11552 : 2020 (2020) chronologically supersedes IS 11552 (2008)
IS_11561_2018,IS 11561 : 2018,Standard,IS_11561,IS 11561,Standard,SUPERSEDES,0.95,IS 11561 : 2018 (2018) chronologically supersedes IS 11561 (1986)
IS_11563_2022,IS 11563 : 2022,Standard,IS_11563,IS 11563,Standard,SUPERSEDES,0.95,IS 11563 : 2022 (2022) chronologically supersedes IS 11563 (1986)
IS_11569_2023,IS 11569 : 2023,Standard,IS_11569,IS 11569,Standard,SUPERSEDES,0.95,IS 11569 : 2023 (2023) chronologically supersedes IS 11569 (1986)
IS_11582_2023,IS 11582 : 2023,Standard,IS_11582,IS 11582,Standard,SUPERSEDES,0.95,IS 11582 : 2023 (2023) chronologically supersedes IS 11582 (1986)
IS_11586_2022,IS 11586 : 2022,Standard,IS_11586,IS 11586,Standard,SUPERSEDES,0.95,IS 11586 : 2022 (2022) chronologically supersedes IS 11586 (1986)
IS_1159_2023,IS 1159 : 2023,Standard,IS_1159,IS 1159,Standard,SUPERSEDES,0.95,IS 1159 : 2023 (2023) chronologically supersedes IS 1159 (1981)
IS_11602_2023,IS 11602 : 2023,Standard,IS_11602,IS 11602,Standard,SUPERSEDES,0.95,IS 11602 : 2023 (2023) chronologically supersedes IS 11602 (1986)
IS_11605_2018,IS 11605 : 2018,Standard,IS_11605,IS 11605,Standard,SUPERSEDES,0.95,IS 11605 : 2018 (2018) chronologically supersedes IS 11605 (1986)
IS_11609_2023,IS 11609 : 2023,Standard,IS_11609,IS 11609,Standard,SUPERSEDES,0.95,IS 11609 : 2023 (2023) chronologically supersedes IS 11609 (1986)
IS_1161_2014,IS 1161 : 2014,Standard,IS_1161,IS 1161,Standard,SUPERSEDES,0.95,IS 1161 : 2014 (2018) chronologically supersedes IS 1161 (1998)
IS_1162_2021,IS 1162 : 2021,Standard,IS_1162,IS 1162,Standard,SUPERSEDES,0.95,IS 1162 : 2021 (2021) chronologically supersedes IS 1162 (1958)
IS_11624_2019,IS 11624 : 2019,Standard,IS_11624,IS 11624,Standard,SUPERSEDES,0.95,IS 11624 : 2019 (2019) chronologically supersedes IS 11624 (1986)
IS_11627_2023,IS 11627 : 2023,Standard,IS_11627,IS 11627,Standard,SUPERSEDES,0.95,IS 11627 : 2023 (2023) chronologically supersedes IS 11627 (1986)
IS_1163_2023,IS 1163 : 2023,Standard,IS_1163,IS 1163,Standard,SUPERSEDES,0.95,IS 1163 : 2023 (2023) chronologically supersedes IS 1163 (1992)
IS_11632_2020,IS 11632 : 2020,Standard,IS_11632,IS 11632,Standard,SUPERSEDES,0.95,IS 11632 : 2020 (2021) chronologically supersedes IS 11632 (1986)
IS_11636_2022,IS 11636 : 2022,Standard,IS_11636,IS 11636,Standard,SUPERSEDES,0.95,IS 11636 : 2022 (2022) chronologically supersedes IS 11636 (1986)
IS_11637_2022,IS 11637 : 2022,Standard,IS_11637,IS 11637,Standard,SUPERSEDES,0.95,IS 11637 : 2022 (2022) chronologically supersedes IS 11637 (1986)
IS_1165_2022,IS 1165 : 2022,Standard,IS_1165,IS 1165,Standard,SUPERSEDES,0.95,IS 1165 : 2022 (2022) chronologically supersedes IS 1165 (2002)
IS_11652_2017,IS 11652 : 2017,Standard,IS_11652,IS 11652,Standard,SUPERSEDES,0.95,IS 11652 : 2017 (2017) chronologically supersedes IS 11652 (2000)
IS_11657_2020,IS 11657 : 2020,Standard,IS_11657,IS 11657,Standard,SUPERSEDES,0.95,IS 11657 : 2020 (2022) chronologically supersedes IS 11657 (1986)
IS_1166_2022,IS 1166 : 2022,Standard,IS_1166,IS 1166,Standard,SUPERSEDES,0.95,IS 1166 : 2022 (2022) chronologically supersedes IS 1166 (1986)
IS_11660_2022,IS 11660 : 2022,Standard,IS_11660,IS 11660,Standard,SUPERSEDES,0.95,IS 11660 : 2022 (2022) chronologically supersedes IS 11660 (1986)
IS_1167_2021,IS 1167 : 2021,Standard,IS_1167,IS 1167,Standard,SUPERSEDES,0.95,IS 1167 : 2021 (2021) chronologically supersedes IS 1167 (1965)
IS_11671_2022,IS 11671 : 2022,Standard,IS_11671,IS 11671,Standard,SUPERSEDES,0.95,IS 11671 : 2022 (2022) chronologically supersedes IS 11671 (1985)
IS_11673_Part_1_2019,IS 11673 : Part 1 : 2019,Standard,IS_11673,IS 11673,Standard,SUPERSEDES,0.95,IS 11673 : Part 1 : 2019 (2019) chronologically supersedes IS 11673 (1992)
IS_11678_2022,IS 11678 : 2022,Standard,IS_11678,IS 11678,Standard,SUPERSEDES,0.95,IS 11678 : 2022 (2022) chronologically supersedes IS 11678 (1986)
IS_1168_2020,IS 1168 : 2020,Standard,IS_1168,IS 1168,Standard,SUPERSEDES,0.95,IS 1168 : 2020 (2020) chronologically supersedes IS 1168 (1973)
IS_11688_2022,IS 11688 : 2022,Standard,IS_11688,IS 11688,Standard,SUPERSEDES,0.95,IS 11688 : 2022 (2022) chronologically supersedes IS 11688 (1999)
IS_11695_2020,IS 11695 : 2020,Standard,IS_11695,IS 11695,Standard,SUPERSEDES,0.95,IS 11695 : 2020 (2020) chronologically supersedes IS 11695 (1986)
IS_11696_2020,IS 11696 : 2020,Standard,IS_11696,IS 11696,Standard,SUPERSEDES,0.95,IS 11696 : 2020 (2020) chronologically supersedes IS 11696 (1986)
IS_11704_2023,IS 11704 : 2023,Standard,IS_11704,IS 11704,Standard,SUPERSEDES,0.95,IS 11704 : 2023 (2023) chronologically supersedes IS 11704 (1986)
IS_11744_2020,IS 11744 : 2020,Standard,IS_11744,IS 11744,Standard,SUPERSEDES,0.95,IS 11744 : 2020 (2021) chronologically supersedes IS 11744 (1986)
IS_1177_2022,IS 1177 : 2022,Standard,IS_1177,IS 1177,Standard,SUPERSEDES,0.95,IS 1177 : 2022 (2022) chronologically supersedes IS 1177 (1996)
IS_11780_2023,IS 11780 : 2023,Standard,IS_11780,IS 11780,Standard,SUPERSEDES,0.95,IS 11780 : 2023 (2023) chronologically supersedes IS 11780 (1986)
IS_1180_Part_3_2021,IS 1180 : Part 3 : 2021,Standard,IS_1180_Part_1_2014,IS 1180 : Part 1 : 2014,Standard,SUPERSEDES,0.95,IS 1180 : Part 3 : 2021 (2021) chronologically supersedes IS 1180 : Part 1 : 2014 (2018)
IS_11811_2021,IS 11811 : 2021,Standard,IS_11811,IS 11811,Standard,SUPERSEDES,0.95,IS 11811 : 2021 (2021) chronologically supersedes IS 11811 (1986)
IS_11834_2023,IS 11834 : 2023,Standard,IS_11834,IS 11834,Standard,SUPERSEDES,0.95,IS 11834 : 2023 (2023) chronologically supersedes IS 11834 (1986)
IS_1184_2022,IS 1184 : 2022,Standard,IS_1184,IS 1184,Standard,SUPERSEDES,0.95,IS 1184 : 2022 (2022) chronologically supersedes IS 1184 (1977)
IS_11855_2017,IS 11855 : 2017,Standard,IS_11855,IS 11855,Standard,SUPERSEDES,0.95,IS 11855 : 2017 (2017) chronologically supersedes IS 11855 (2004)
IS_11862_2021,IS 11862 : 2021,Standard,IS_11862,IS 11862,Standard,SUPERSEDES,0.95,IS 11862 : 2021 (2022) chronologically supersedes IS 11862 (1986)
IS_11873_2022,IS 11873 : 2022,Standard,IS_11873,IS 11873,Standard,SUPERSEDES,0.95,IS 11873 : 2022 (2022) chronologically supersedes IS 11873 (1986)
IS_11877_2019,IS 11877 : 2019,Standard,IS_11877,IS 11877,Standard,SUPERSEDES,0.95,IS 11877 : 2019 (2020) chronologically supersedes IS 11877 (1986)
IS_11883_2017,IS 11883 : 2017,Standard,IS_11883,IS 11883,Standard,SUPERSEDES,0.95,IS 11883 : 2017 (2017) chronologically supersedes IS 11883 (1986)
IS_11891_2022,IS 11891 : 2022,Standard,IS_11891,IS 11891,Standard,SUPERSEDES,0.95,IS 11891 : 2022 (2022) chronologically supersedes IS 11891 (1986)
IS_1190_2023,IS 1190 : 2023,Standard,IS_1190,IS 1190,Standard,SUPERSEDES,0.95,IS 1190 : 2023 (2023) chronologically supersedes IS 1190 (1990)
IS_1191_2016,IS 1191 : 2016,Standard,IS_1191,IS 1191,Standard,SUPERSEDES,0.95,IS 1191 : 2016 (2016) chronologically supersedes IS 1191 (2003)
IS_11913_2023,IS 11913 : 2023,Standard,IS_11913,IS 11913,Standard,SUPERSEDES,0.95,IS 11913 : 2023 (2023) chronologically supersedes IS 11913 (1986)
IS_11921_2020,IS 11921 : 2020,Standard,IS_11921,IS 11921,Standard,SUPERSEDES,0.95,IS 11921 : 2020 (2020) chronologically supersedes IS 11921 (1993)
IS_11923_2022,IS 11923 : 2022,Standard,IS_11923,IS 11923,Standard,SUPERSEDES,0.95,IS 11923 : 2022 (2022) chronologically supersedes IS 11923 (1986)
IS_11933_2023,IS 11933 : 2023,Standard,IS_11933,IS 11933,Standard,SUPERSEDES,0.95,IS 11933 : 2023 (2023) chronologically supersedes IS 11933 (1987)
IS_11954_2023,IS 11954 : 2023,Standard,IS_11954,IS 11954,Standard,SUPERSEDES,0.95,IS 11954 : 2023 (2023) chronologically supersedes IS 11954 (1987)
IS_11959_2023,IS 11959 : 2023,Standard,IS_11959,IS 11959,Standard,SUPERSEDES,0.95,IS 11959 : 2023 (2023) chronologically supersedes IS 11959 (1987)
IS_1196_2023,IS 1196 : 2023,Standard,IS_1196,IS 1196,Standard,SUPERSEDES,0.95,IS 1196 : 2023 (2023) chronologically supersedes IS 1196 (1978)
IS_11960_2023,IS 11960 : 2023,Standard,IS_11960,IS 11960,Standard,SUPERSEDES,0.95,IS 11960 : 2023 (2023) chronologically supersedes IS 11960 (1987)
IS_11965_2022,IS 11965 : 2022,Standard,IS_11965,IS 11965,Standard,SUPERSEDES,0.95,IS 11965 : 2022 (2022) chronologically supersedes IS 11965 (1987)
IS_11968_2019,IS 11968 : 2019,Standard,IS_11968,IS 11968,Standard,SUPERSEDES,0.95,IS 11968 : 2019 (2019) chronologically supersedes IS 11968 (1986)
IS_11970_2023,IS 11970 : 2023,Standard,IS_11970,IS 11970,Standard,SUPERSEDES,0.95,IS 11970 : 2023 (2023) chronologically supersedes IS 11970 (1987)
IS_11977_2022,IS 11977 : 2022,Standard,IS_11977,IS 11977,Standard,SUPERSEDES,0.95,IS 11977 : 2022 (2022) chronologically supersedes IS 11977 (1987)
IS_11978_2022,IS 11978 : 2022,Standard,IS_11978,IS 11978,Standard,SUPERSEDES,0.95,IS 11978 : 2022 (2023) chronologically supersedes IS 11978 (1987)
IS_11987_2013,IS 11987 : 2013,Standard,IS_11987,IS 11987,Standard,SUPERSEDES,0.95,IS 11987 : 2013 (2019) chronologically supersedes IS 11987 (1986)
IS_1199_Part_1_2018,IS 1199 : Part 1 : 2018,Standard,IS_1199,IS 1199,Standard,SUPERSEDES,0.95,IS 1199 : Part 1 : 2018 (2019) chronologically supersedes IS 1199 (1959)
IS_11990_2023,IS 11990 : 2023,Standard,IS_11990,IS 11990,Standard,SUPERSEDES,0.95,IS 11990 : 2023 (2023) chronologically supersedes IS 11990 (1986)
IS_1293_2019,IS 1293 : 2019,Standard,IS_1293,IS 1293,Standard,SUPERSEDES,0.95,IS 1293 : 2019 (2019) chronologically supersedes IS 1293 (2005)
IS_1200_Part_10_2013,IS 1200 : Part 10 : 2013,Standard,IS_1200_Part_5_2013,IS 1200 : Part 5 : 2013,Standard,SUPERSEDES,0.95,IS 1200 : Part 10 : 2013 (2019) chronologically supersedes IS 1200 : Part 5 : 2013 (2018)
IS_12000_Part_2_2019,IS 12000 : Part 2 : 2019,Standard,IS_12000_Part_1_2016,IS 12000 : Part 1 : 2016,Standard,SUPERSEDES,0.95,IS 12000 : Part 2 : 2019 (2019) chronologically supersedes IS 12000 : Part 1 : 2016 (2016)
IS_12008_2023,IS 12008 : 2023,Standard,IS_12008,IS 12008,Standard,SUPERSEDES,0.95,IS 12008 : 2023 (2023) chronologically supersedes IS 12008 (1986)
IS_12011_2022,IS 12011 : 2022,Standard,IS_12011,IS 12011,Standard,SUPERSEDES,0.95,IS 12011 : 2022 (2022) chronologically supersedes IS 12011 (1987)
IS_12021_2015,IS 12021 : 2015,Standard,IS_12021,IS 12021,Standard,SUPERSEDES,0.95,IS 12021 : 2015 (2016) chronologically supersedes IS 12021 (1987)
IS_12029_2023,IS 12029 : 2023,Standard,IS_12029,IS 12029,Standard,SUPERSEDES,0.95,IS 12029 : 2023 (2023) chronologically supersedes IS 12029 (1986)
IS_12030_2022,IS 12030 : 2022,Standard,IS_12030,IS 12030,Standard,SUPERSEDES,0.95,IS 12030 : 2022 (2022) chronologically supersedes IS 12030 (1986)
IS_12031_2022,IS 12031 : 2022,Standard,IS_12031,IS 12031,Standard,SUPERSEDES,0.95,IS 12031 : 2022 (2022) chronologically supersedes IS 12031 (1986)
IS_12039_2022,IS 12039 : 2022,Standard,IS_12039,IS 12039,Standard,SUPERSEDES,0.95,IS 12039 : 2022 (2022) chronologically supersedes IS 12039 (1986)
IS_12040_2016,IS 12040 : 2016,Standard,IS_12040,IS 12040,Standard,SUPERSEDES,0.95,IS 12040 : 2016 (2016) chronologically supersedes IS 12040 (2001)
IS_12064_2023,IS 12064 : 2023,Standard,IS_12064,IS 12064,Standard,SUPERSEDES,0.95,IS 12064 : 2023 (2023) chronologically supersedes IS 12064 (1987)
IS_12067_2023,IS 12067 : 2023,Standard,IS_12067,IS 12067,Standard,SUPERSEDES,0.95,IS 12067 : 2023 (2023) chronologically supersedes IS 12067 (1987)
IS_12069_2023,IS 12069 : 2023,Standard,IS_12069,IS 12069,Standard,SUPERSEDES,0.95,IS 12069 : 2023 (2023) chronologically supersedes IS 12069 (1987)
IS_12084_2018,IS 12084 : 2018,Standard,IS_12084,IS 12084,Standard,SUPERSEDES,0.95,IS 12084 : 2018 (2018) chronologically supersedes IS 12084 (1987)
IS_12085_2020,IS 12085 : 2020,Standard,IS_12085,IS 12085,Standard,SUPERSEDES,0.95,IS 12085 : 2020 (2021) chronologically supersedes IS 12085 (1987)
IS_12086_2020,IS 12086 : 2020,Standard,IS_12086,IS 12086,Standard,SUPERSEDES,0.95,IS 12086 : 2020 (2021) chronologically supersedes IS 12086 (1987)
IS_12094_2018,IS 12094 : 2018,Standard,IS_12094,IS 12094,Standard,SUPERSEDES,0.95,IS 12094 : 2018 (2018) chronologically supersedes IS 12094 (2000)
IS_12095_2023,IS 12095 : 2023,Standard,IS_12095,IS 12095,Standard,SUPERSEDES,0.95,IS 12095 : 2023 (2023) chronologically supersedes IS 12095 (1987)
IS_12105_2014,IS 12105 : 2014,Standard,IS_12105,IS 12105,Standard,SUPERSEDES,0.95,IS 12105 : 2014 (2014) chronologically supersedes IS 12105 (1987)
IS_12117_2023,IS 12117 : 2023,Standard,IS_12117,IS 12117,Standard,SUPERSEDES,0.95,IS 12117 : 2023 (2023) chronologically supersedes IS 12117 (1996)
IS_12124_2023,IS 12124 : 2023,Standard,IS_12124,IS 12124,Standard,SUPERSEDES,0.95,IS 12124 : 2023 (2023) chronologically supersedes IS 12124 (1987)
IS_12131_2023,IS 12131 : 2023,Standard,IS_12131,IS 12131,Standard,SUPERSEDES,0.95,IS 12131 : 2023 (2023) chronologically supersedes IS 12131 (2005)
IS_12147_2013,IS 12147 : 2013,Standard,IS_12147,IS 12147,Standard,SUPERSEDES,0.95,IS 12147 : 2013 (2019) chronologically supersedes IS 12147 (1987)
IS_12149_2022,IS 12149 : 2022,Standard,IS_12149,IS 12149,Standard,SUPERSEDES,0.95,IS 12149 : 2022 (2022) chronologically supersedes IS 12149 (1987)
IS_12150_2023,IS 12150 : 2023,Standard,IS_12150,IS 12150,Standard,SUPERSEDES,0.95,IS 12150 : 2023 (2023) chronologically supersedes IS 12150 (1987)
IS_12159_2018,IS 12159 : 2018,Standard,IS_12159,IS 12159,Standard,SUPERSEDES,0.95,IS 12159 : 2018 (2018) chronologically supersedes IS 12159 (2007)
IS_12171_2019,IS 12171 : 2019,Standard,IS_12171,IS 12171,Standard,SUPERSEDES,0.95,IS 12171 : 2019 (2019) chronologically supersedes IS 12171 (1999)
IS_12178_2022,IS 12178 : 2022,Standard,IS_12178,IS 12178,Standard,SUPERSEDES,0.95,IS 12178 : 2022 (2022) chronologically supersedes IS 12178 (1987)
IS_12198_2023,IS 12198 : 2023,Standard,IS_12198,IS 12198,Standard,SUPERSEDES,0.95,IS 12198 : 2023 (2023) chronologically supersedes IS 12198 (1987)
IS_12207_2022,IS 12207 : 2022,Standard,IS_12207,IS 12207,Standard,SUPERSEDES,0.95,IS 12207 : 2022 (2022) chronologically supersedes IS 12207 (2008)
IS_1221_2023,IS 1221 : 2023,Standard,IS_1221,IS 1221,Standard,SUPERSEDES,0.95,IS 1221 : 2023 (2023) chronologically supersedes IS 1221 (1991)
IS_12210_2023,IS 12210 : 2023,Standard,IS_12210,IS 12210,Standard,SUPERSEDES,0.95,IS 12210 : 2023 (2023) chronologically supersedes IS 12210 (1987)
IS_12218_2018,IS 12218 : 2018,Standard,IS_12218,IS 12218,Standard,SUPERSEDES,0.95,IS 12218 : 2018 (2018) chronologically supersedes IS 12218 (1987)
IS_12234_2021,IS 12234 : 2021,Standard,IS_12234,IS 12234,Standard,SUPERSEDES,0.95,IS 12234 : 2021 (2022) chronologically supersedes IS 12234 (1988)
IS_12249_2021,IS 12249 : 2021,Standard,IS_12249,IS 12249,Standard,SUPERSEDES,0.95,IS 12249 : 2021 (2021) chronologically supersedes IS 12249 (1987)
IS_1225_2023,IS 1225 : 2023,Standard,IS_1225,IS 1225,Standard,SUPERSEDES,0.95,IS 1225 : 2023 (2023) chronologically supersedes IS 1225 (1972)
IS_12252_2017,IS 12252 : 2017,Standard,IS_12252,IS 12252,Standard,SUPERSEDES,0.95,IS 12252 : 2017 (2017) chronologically supersedes IS 12252 (1987)
IS_12254_2021,IS 12254 : 2021,Standard,IS_12254,IS 12254,Standard,SUPERSEDES,0.95,IS 12254 : 2021 (2022) chronologically supersedes IS 12254 (1993)
IS_12258_2023,IS 12258 : 2023,Standard,IS_12258,IS 12258,Standard,SUPERSEDES,0.95,IS 12258 : 2023 (2023) chronologically supersedes IS 12258 (1987)
IS_12299_2021,IS 12299 : 2021,Standard,IS_12299,IS 12299,Standard,SUPERSEDES,0.95,IS 12299 : 2021 (2021) chronologically supersedes IS 12299 (1998)
IS_1231_2019,IS 1231 : 2019,Standard,IS_1231,IS 1231,Standard,SUPERSEDES,0.95,IS 1231 : 2019 (2020) chronologically supersedes IS 1231 (1974)
IS_12318_2023,IS 12318 : 2023,Standard,IS_12318,IS 12318,Standard,SUPERSEDES,0.95,IS 12318 : 2023 (2023) chronologically supersedes IS 12318 (1988)
IS_12339_2023,IS 12339 : 2023,Standard,IS_12339,IS 12339,Standard,SUPERSEDES,0.95,IS 12339 : 2023 (2023) chronologically supersedes IS 12339 (1988)
IS_1234_2023,IS 1234 : 2023,Standard,IS_1234,IS 1234,Standard,SUPERSEDES,0.95,IS 1234 : 2023 (2023) chronologically supersedes IS 1234 (1980)
IS_12343_2021,IS 12343 : 2021,Standard,IS_12343,IS 12343,Standard,SUPERSEDES,0.95,IS 12343 : 2021 (2021) chronologically supersedes IS 12343 (1998)
IS_12361_2023,IS 12361 : 2023,Standard,IS_12361,IS 12361,Standard,SUPERSEDES,0.95,IS 12361 : 2023 (2023) chronologically supersedes IS 12361 (1988)
IS_12377_2016,IS 12377 : 2016,Standard,IS_12377,IS 12377,Standard,SUPERSEDES,0.95,IS 12377 : 2016 (2016) chronologically supersedes IS 12377 (1988)
IS_12387_2023,IS 12387 : 2023,Standard,IS_12387,IS 12387,Standard,SUPERSEDES,0.95,IS 12387 : 2023 (2023) chronologically supersedes IS 12387 (1988)
IS_12406_2021,IS 12406 : 2021,Standard,IS_12406,IS 12406,Standard,SUPERSEDES,0.95,IS 12406 : 2021 (2021) chronologically supersedes IS 12406 (2003)
IS_12425_2022,IS 12425 : 2022,Standard,IS_12425,IS 12425,Standard,SUPERSEDES,0.95,IS 12425 : 2022 (2022) chronologically supersedes IS 12425 (1988)
IS_1244_2023,IS 1244 : 2023,Standard,IS_1244,IS 1244,Standard,SUPERSEDES,0.95,IS 1244 : 2023 (2023) chronologically supersedes IS 1244 (1990)
IS_12444_2020,IS 12444 : 2020,Standard,IS_12444,IS 12444,Standard,SUPERSEDES,0.95,IS 12444 : 2020 (2020) chronologically supersedes IS 12444 (1988)
IS_1245_2023,IS 1245 : 2023,Standard,IS_1245,IS 1245,Standard,SUPERSEDES,0.95,IS 1245 : 2023 (2023) chronologically supersedes IS 1245 (1990)
IS_12458_2019,IS 12458 : 2019,Standard,IS_12458,IS 12458,Standard,SUPERSEDES,0.95,IS 12458 : 2019 (2020) chronologically supersedes IS 12458 (1988)
IS_12468_2023,IS 12468 : 2023,Standard,IS_12468,IS 12468,Standard,SUPERSEDES,0.95,IS 12468 : 2023 (2023) chronologically supersedes IS 12468 (1988)
IS_12469_2019,IS 12469 : 2019,Standard,IS_12469,IS 12469,Standard,SUPERSEDES,0.95,IS 12469 : 2019 (2019) chronologically supersedes IS 12469 (1988)
IS_12479_2023,IS 12479 : 2023,Standard,IS_12479,IS 12479,Standard,SUPERSEDES,0.95,IS 12479 : 2023 (2023) chronologically supersedes IS 12479 (1988)
IS_12488_2023,IS 12488 : 2023,Standard,IS_12488,IS 12488,Standard,SUPERSEDES,0.95,IS 12488 : 2023 (2023) chronologically supersedes IS 12488 (1988)
IS_12489_2023,IS 12489 : 2023,Standard,IS_12489,IS 12489,Standard,SUPERSEDES,0.95,IS 12489 : 2023 (2023) chronologically supersedes IS 12489 (1988)
IS_12501_2023,IS 12501 : 2023,Standard,IS_12501,IS 12501,Standard,SUPERSEDES,0.95,IS 12501 : 2023 (2023) chronologically supersedes IS 12501 (1988)
IS_12508_2013,IS 12508 : 2013,Standard,IS_12508,IS 12508,Standard,SUPERSEDES,0.95,IS 12508 : 2013 (2019) chronologically supersedes IS 12508 (1988)
IS_12520_2023,IS 12520 : 2023,Standard,IS_12520,IS 12520,Standard,SUPERSEDES,0.95,IS 12520 : 2023 (2023) chronologically supersedes IS 12520 (1988)
IS_12540_2023,IS 12540 : 2023,Standard,IS_12540,IS 12540,Standard,SUPERSEDES,0.95,IS 12540 : 2023 (2023) chronologically supersedes IS 12540 (1988)
IS_12562_2023,IS 12562 : 2023,Standard,IS_12562,IS 12562,Standard,SUPERSEDES,0.95,IS 12562 : 2023 (2023) chronologically supersedes IS 12562 (1988)
IS_12567_2023,IS 12567 : 2023,Standard,IS_12567,IS 12567,Standard,SUPERSEDES,0.95,IS 12567 : 2023 (2023) chronologically supersedes IS 12567 (1989)
IS_12586_2021,IS 12586 : 2021,Standard,IS_12586,IS 12586,Standard,SUPERSEDES,0.95,IS 12586 : 2021 (2022) chronologically supersedes IS 12586 (1988)
IS_12588_2014,IS 12588 : 2014,Standard,IS_12588,IS 12588,Standard,SUPERSEDES,0.95,IS 12588 : 2014 (2019) chronologically supersedes IS 12588 (1988)
IS_1259_2022,IS 1259 : 2022,Standard,IS_1259,IS 1259,Standard,SUPERSEDES,0.95,IS 1259 : 2022 (2022) chronologically supersedes IS 1259 (1984)
IS_12615_2018,IS 12615 : 2018,Standard,IS_12615,IS 12615,Standard,SUPERSEDES,0.95,IS 12615 : 2018 (2018) chronologically supersedes IS 12615 (2011)
IS_12619_2022,IS 12619 : 2022,Standard,IS_12619,IS 12619,Standard,SUPERSEDES,0.95,IS 12619 : 2022 (2022) chronologically supersedes IS 12619 (1989)
IS_1262_2021,IS 1262 : 2021,Standard,IS_1262,IS 1262,Standard,SUPERSEDES,0.95,IS 1262 : 2021 (2022) chronologically supersedes IS 1262 (1979)
IS_12623_2022,IS 12623 : 2022,Standard,IS_12623,IS 12623,Standard,SUPERSEDES,0.95,IS 12623 : 2022 (2022) chronologically supersedes IS 12623 (1989)
IS_12628_2023,IS 12628 : 2023,Standard,IS_12628,IS 12628,Standard,SUPERSEDES,0.95,IS 12628 : 2023 (2023) chronologically supersedes IS 12628 (1989)
IS_1263_2020,IS 1263 : 2020,Standard,IS_1263,IS 1263,Standard,SUPERSEDES,0.95,IS 1263 : 2020 (2021) chronologically supersedes IS 1263 (1986)
IS_12647_2021,IS 12647 : 2021,Standard,IS_12647,IS 12647,Standard,SUPERSEDES,0.95,IS 12647 : 2021 (2021) chronologically supersedes IS 12647 (1989)
IS_12666_2018,IS 12666 : 2018,Standard,IS_12666,IS 12666,Standard,SUPERSEDES,0.95,IS 12666 : 2018 (2019) chronologically supersedes IS 12666 (1988)
IS_12679_2023,IS 12679 : 2023,Standard,IS_12679,IS 12679,Standard,SUPERSEDES,0.95,IS 12679 : 2023 (2023) chronologically supersedes IS 12679 (1989)
IS_12732_2021,IS 12732 : 2021,Standard,IS_12732,IS 12732,Standard,SUPERSEDES,0.95,IS 12732 : 2021 (2021) chronologically supersedes IS 12732 (1989)
IS_12744_Part_1_2013,IS 12744 : Part 1 : 2013,Standard,IS_12744,IS 12744,Standard,SUPERSEDES,0.95,IS 12744 : Part 1 : 2013 (2019) chronologically supersedes IS 12744 (1989)
IS_12752_2013,IS 12752 : 2013,Standard,IS_12752,IS 12752,Standard,SUPERSEDES,0.95,IS 12752 : 2013 (2018) chronologically supersedes IS 12752 (1989)
IS_12759_2019,IS 12759 : 2019,Standard,IS_12759,IS 12759,Standard,SUPERSEDES,0.95,IS 12759 : 2019 (2019) chronologically supersedes IS 12759 (1989)
IS_12765_2021,IS 12765 : 2021,Standard,IS_12765,IS 12765,Standard,SUPERSEDES,0.95,IS 12765 : 2021 (2021) chronologically supersedes IS 12765 (1989)
IS_12766_2023,IS 12766 : 2023,Standard,IS_12766,IS 12766,Standard,SUPERSEDES,0.95,IS 12766 : 2023 (2023) chronologically supersedes IS 12766 (1997)
IS_12795_2020,IS 12795 : 2020,Standard,IS_12795,IS 12795,Standard,SUPERSEDES,0.95,IS 12795 : 2020 (2020) chronologically supersedes IS 12795 (1989)
IS_1281_2014,IS 1281 : 2014,Standard,IS_1281,IS 1281,Standard,SUPERSEDES,0.95,IS 1281 : 2014 (2019) chronologically supersedes IS 1281 (1996)
IS_12817_2020,IS 12817 : 2020,Standard,IS_12817,IS 12817,Standard,SUPERSEDES,0.95,IS 12817 : 2020 (2021) chronologically supersedes IS 12817 (2013)
IS_1282_2018,IS 1282 : 2018,Standard,IS_1282,IS 1282,Standard,SUPERSEDES,0.95,IS 1282 : 2018 (2018) chronologically supersedes IS 1282 (1968)
IS_12821_2017,IS 12821 : 2017,Standard,IS_12821,IS 12821,Standard,SUPERSEDES,0.95,IS 12821 : 2017 (2018) chronologically supersedes IS 12821 (1989)
IS_12823_2015,IS 12823 : 2015,Standard,IS_12823,IS 12823,Standard,SUPERSEDES,0.95,IS 12823 : 2015 (2018) chronologically supersedes IS 12823 (1990)
IS_12846_2023,IS 12846 : 2023,Standard,IS_12846,IS 12846,Standard,SUPERSEDES,0.95,IS 12846 : 2023 (2023) chronologically supersedes IS 12846 (1989)
IS_1285_2023,IS 1285 : 2023,Standard,IS_1285,IS 1285,Standard,SUPERSEDES,0.95,IS 1285 : 2023 (2023) chronologically supersedes IS 1285 (2002)
IS_12866_2021,IS 12866 : 2021,Standard,IS_12866,IS 12866,Standard,SUPERSEDES,0.95,IS 12866 : 2021 (2021) chronologically supersedes IS 12866 (1989)
IS_12884_2015,IS 12884 : 2015,Standard,IS_12884,IS 12884,Standard,SUPERSEDES,0.95,IS 12884 : 2015 (2017) chronologically supersedes IS 12884 (1990)
IS_12885_2023,IS 12885 : 2023,Standard,IS_12885,IS 12885,Standard,SUPERSEDES,0.95,IS 12885 : 2023 (2023) chronologically supersedes IS 12885 (1990)
IS_12886_2023,IS 12886 : 2023,Standard,IS_12886,IS 12886,Standard,SUPERSEDES,0.95,IS 12886 : 2023 (2023) chronologically supersedes IS 12886 (1990)
IS_12889_2018,IS 12889 : 2018,Standard,IS_12889,IS 12889,Standard,SUPERSEDES,0.95,IS 12889 : 2018 (2019) chronologically supersedes IS 12889 (1989)
IS_12891_2021,IS 12891 : 2021,Standard,IS_12891,IS 12891,Standard,SUPERSEDES,0.95,IS 12891 : 2021 (2022) chronologically supersedes IS 12891 (1990)
IS_12898_2022,IS 12898 : 2022,Standard,IS_12898,IS 12898,Standard,SUPERSEDES,0.95,IS 12898 : 2022 (2023) chronologically supersedes IS 12898 (1989)
IS_1290_2023,IS 1290 : 2023,Standard,IS_1290,IS 1290,Standard,SUPERSEDES,0.95,IS 1290 : 2023 (2023) chronologically supersedes IS 1290 (1973)
IS_12906_2023,IS 12906 : 2023,Standard,IS_12906,IS 12906,Standard,SUPERSEDES,0.95,IS 12906 : 2023 (2023) chronologically supersedes IS 12906 (1990)
IS_12910_2023,IS 12910 : 2023,Standard,IS_12910,IS 12910,Standard,SUPERSEDES,0.95,IS 12910 : 2023 (2023) chronologically supersedes IS 12910 (1990)
IS_12924_2023,IS 12924 : 2023,Standard,IS_12924,IS 12924,Standard,SUPERSEDES,0.95,IS 12924 : 2023 (2023) chronologically supersedes IS 12924 (1990)
IS_12935_2023,IS 12935 : 2023,Standard,IS_12935,IS 12935,Standard,SUPERSEDES,0.95,IS 12935 : 2023 (2023) chronologically supersedes IS 12935 (1990)
IS_12936_2017,IS 12936 : 2017,Standard,IS_12936,IS 12936,Standard,SUPERSEDES,0.95,IS 12936 : 2017 (2017) chronologically supersedes IS 12936 (1990)
IS_12940_2017,IS 12940 : 2017,Standard,IS_12940,IS 12940,Standard,SUPERSEDES,0.95,IS 12940 : 2017 (2018) chronologically supersedes IS 12940 (1990)
IS_12949_2013,IS 12949 : 2013,Standard,IS_12949,IS 12949,Standard,SUPERSEDES,0.95,IS 12949 : 2013 (2019) chronologically supersedes IS 12949 (1990)
IS_12950_2023,IS 12950 : 2023,Standard,IS_12950,IS 12950,Standard,SUPERSEDES,0.95,IS 12950 : 2023 (2023) chronologically supersedes IS 12950 (1990)
IS_12976_2023,IS 12976 : 2023,Standard,IS_12976,IS 12976,Standard,SUPERSEDES,0.95,IS 12976 : 2023 (2023) chronologically supersedes IS 12976 (1990)
IS_13024_2013,IS 13024 : 2013,Standard,IS_13024,IS 13024,Standard,SUPERSEDES,0.95,IS 13024 : 2013 (2018) chronologically supersedes IS 13024 (1990)
IS_13039_2014,IS 13039 : 2014,Standard,IS_13039,IS 13039,Standard,SUPERSEDES,0.95,IS 13039 : 2014 (2018) chronologically supersedes IS 13039 (1991)
IS_1304_2021,IS 1304 : 2021,Standard,IS_1304,IS 1304,Standard,SUPERSEDES,0.95,IS 1304 : 2021 (2021) chronologically supersedes IS 1304 (1980)
IS_13041_2013,IS 13041 : 2013,Standard,IS_13041,IS 13041,Standard,SUPERSEDES,0.95,IS 13041 : 2013 (2019) chronologically supersedes IS 13041 (1991)
IS_13083_2017,IS 13083 : 2017,Standard,IS_13083,IS 13083,Standard,SUPERSEDES,0.95,IS 13083 : 2017 (2017) chronologically supersedes IS 13083 (1991)
IS_13094_2021,IS 13094 : 2021,Standard,IS_13094,IS 13094,Standard,SUPERSEDES,0.95,IS 13094 : 2021 (2021) chronologically supersedes IS 13094 (1992)
IS_13095_2020,IS 13095 : 2020,Standard,IS_13095,IS 13095,Standard,SUPERSEDES,0.95,IS 13095 : 2020 (2021) chronologically supersedes IS 13095 (1991)
IS_13141_2023,IS 13141 : 2023,Standard,IS_13141,IS 13141,Standard,SUPERSEDES,0.95,IS 13141 : 2023 (2023) chronologically supersedes IS 13141 (1991)
IS_13145_2014,IS 13145 : 2014,Standard,IS_13145,IS 13145,Standard,SUPERSEDES,0.95,IS 13145 : 2014 (2016) chronologically supersedes IS 13145 (1993)
IS_13154_2015,IS 13154 : 2015,Standard,IS_13154,IS 13154,Standard,SUPERSEDES,0.95,IS 13154 : 2015 (2016) chronologically supersedes IS 13154 (1991)
IS_13180_2023,IS 13180 : 2023,Standard,IS_13180,IS 13180,Standard,SUPERSEDES,0.95,IS 13180 : 2023 (2023) chronologically supersedes IS 13180 (1991)
IS_13182_2020,IS 13182 : 2020,Standard,IS_13182,IS 13182,Standard,SUPERSEDES,0.95,IS 13182 : 2020 (2020) chronologically supersedes IS 13182 (1991)
IS_13213_2018,IS 13213 : 2018,Standard,IS_13213,IS 13213,Standard,SUPERSEDES,0.95,IS 13213 : 2018 (2018) chronologically supersedes IS 13213 (1991)
IS_13221_2023,IS 13221 : 2023,Standard,IS_13221,IS 13221,Standard,SUPERSEDES,0.95,IS 13221 : 2023 (2023) chronologically supersedes IS 13221 (1991)
IS_13238_2021,IS 13238 : 2021,Standard,IS_13238,IS 13238,Standard,SUPERSEDES,0.95,IS 13238 : 2021 (2021) chronologically supersedes IS 13238 (1991)
IS_13239_2016,IS 13239 : 2016,Standard,IS_13239,IS 13239,Standard,SUPERSEDES,0.95,IS 13239 : 2016 (2016) chronologically supersedes IS 13239 (1991)
IS_1324_2021,IS 1324 : 2021,Standard,IS_1324,IS 1324,Standard,SUPERSEDES,0.95,IS 1324 : 2021 (2022) chronologically supersedes IS 1324 (1966)
IS_13242_2018,IS 13242 : 2018,Standard,IS_13242,IS 13242,Standard,SUPERSEDES,0.95,IS 13242 : 2018 (2018) chronologically supersedes IS 13242 (1991)
IS_13243_2014,IS 13243 : 2014,Standard,IS_13243,IS 13243,Standard,SUPERSEDES,0.95,IS 13243 : 2014 (2018) chronologically supersedes IS 13243 (1991)
IS_13258_2014,IS 13258 : 2014,Standard,IS_13258,IS 13258,Standard,SUPERSEDES,0.95,IS 13258 : 2014 (2018) chronologically supersedes IS 13258 (1991)
IS_13268_2023,IS 13268 : 2023,Standard,IS_13268,IS 13268,Standard,SUPERSEDES,0.95,IS 13268 : 2023 (2023) chronologically supersedes IS 13268 (1992)
IS_13271_2013,IS 13271 : 2013,Standard,IS_13271,IS 13271,Standard,SUPERSEDES,0.95,IS 13271 : 2013 (2018) chronologically supersedes IS 13271 (1992)
IS_13289_2023,IS 13289 : 2023,Standard,IS_13289,IS 13289,Standard,SUPERSEDES,0.95,IS 13289 : 2023 (2023) chronologically supersedes IS 13289 (1993)
IS_13291_2012,IS 13291 : 2012,Standard,IS_13291,IS 13291,Standard,SUPERSEDES,0.95,IS 13291 : 2012 (2018) chronologically supersedes IS 13291 (1992)
IS_133_Part_1_2013,IS 133 : Part 1 : 2013,Standard,IS_133,IS 133,Standard,SUPERSEDES,0.95,IS 133 : Part 1 : 2013 (2019) chronologically supersedes IS 133 (2004)
IS_133_2023,IS 133 : 2023,Standard,IS_133_Part_1_2013,IS 133 : Part 1 : 2013,Standard,SUPERSEDES,0.95,IS 133 : 2023 (2023) chronologically supersedes IS 133 : Part 1 : 2013 (2019)
IS_13316_2023,IS 13316 : 2023,Standard,IS_13316,IS 13316,Standard,SUPERSEDES,0.95,IS 13316 : 2023 (2023) chronologically supersedes IS 13316 (1992)
IS_13317_2023,IS 13317 : 2023,Standard,IS_13317,IS 13317,Standard,SUPERSEDES,0.95,IS 13317 : 2023 (2023) chronologically supersedes IS 13317 (1992)
IS_1333_2022,IS 1333 : 2022,Standard,IS_1333,IS 1333,Standard,SUPERSEDES,0.95,IS 1333 : 2022 (2022) chronologically supersedes IS 1333 (1978)
IS_13347_2018,IS 13347 : 2018,Standard,IS_13347,IS 13347,Standard,SUPERSEDES,0.95,IS 13347 : 2018 (2018) chronologically supersedes IS 13347 (1992)
IS_13360_Part_5_Sec_4_2021,IS 13360 : Part 5 : Sec 4 : 2021,Standard,IS_13360_Part_9_Sec_10_2018,IS 13360 : Part 9 : Sec 10 : 2018,Standard,SUPERSEDES,0.95,IS 13360 : Part 5 : Sec 4 : 2021 (2021) chronologically supersedes IS 13360 : Part 9 : Sec 10 : 2018 (2018)
IS_13360_Part_9_Sec_7_2023,IS 13360 : Part 9 : Sec 7 : 2023,Standard,IS_13360_Part_5_Sec_4_2021,IS 13360 : Part 5 : Sec 4 : 2021,Standard,SUPERSEDES,0.95,IS 13360 : Part 9 : Sec 7 : 2023 (2023) chronologically supersedes IS 13360 : Part 5 : Sec 4 : 2021 (2021)
IS_13382_2018,IS 13382 : 2018,Standard,IS_13382,IS 13382,Standard,SUPERSEDES,0.95,IS 13382 : 2018 (2019) chronologically supersedes IS 13382 (2004)
IS_13395_2021,IS 13395 : 2021,Standard,IS_13395,IS 13395,Standard,SUPERSEDES,0.95,IS 13395 : 2021 (2021) chronologically supersedes IS 13395 (1995)
IS_1341_2018,IS 1341 : 2018,Standard,IS_1341,IS 1341,Standard,SUPERSEDES,0.95,IS 1341 : 2018 (2018) chronologically supersedes IS 1341 (1992)
IS_1342_2019,IS 1342 : 2019,Standard,IS_1342,IS 1342,Standard,SUPERSEDES,0.95,IS 1342 : 2019 (2019) chronologically supersedes IS 1342 (2002)
IS_13429_Part_1_2020,IS 13429 : Part 1 : 2020,Standard,IS_13429_Part_2_2018,IS 13429 : Part 2 : 2018,Standard,SUPERSEDES,0.95,IS 13429 : Part 1 : 2020 (2020) chronologically supersedes IS 13429 : Part 2 : 2018 (2018)
IS_1343_2012,IS 1343 : 2012,Standard,IS_1343,IS 1343,Standard,SUPERSEDES,0.95,IS 1343 : 2012 (2018) chronologically supersedes IS 1343 (1980)
IS_13463_2022,IS 13463 : 2022,Standard,IS_13463,IS 13463,Standard,SUPERSEDES,0.95,IS 13463 : 2022 (2022) chronologically supersedes IS 13463 (1992)
IS_1349_2023,IS 1349 : 2023,Standard,IS_1349,IS 1349,Standard,SUPERSEDES,0.95,IS 1349 : 2023 (2023) chronologically supersedes IS 1349 (1964)
IS_13497_2017,IS 13497 : 2017,Standard,IS_13497,IS 13497,Standard,SUPERSEDES,0.95,IS 13497 : 2017 (2017) chronologically supersedes IS 13497 (1992)
IS_13498_2017,IS 13498 : 2017,Standard,IS_13498,IS 13498,Standard,SUPERSEDES,0.95,IS 13498 : 2017 (2017) chronologically supersedes IS 13498 (1997)
IS_1350_Part_5_2017,IS 1350 : Part 5 : 2017,Standard,IS_1350_Part_4_Sec_2_1975,IS 1350 : Part 4 : Sec 2 : 1975,Standard,SUPERSEDES,0.95,IS 1350 : Part 5 : 2017 (2017) chronologically supersedes IS 1350 : Part 4 : Sec 2 : 1975 (1975)
IS_13502_2023,IS 13502 : 2023,Standard,IS_13502,IS 13502,Standard,SUPERSEDES,0.95,IS 13502 : 2023 (2023) chronologically supersedes IS 13502 (1992)
IS_13506_2013,IS 13506 : 2013,Standard,IS_13506,IS 13506,Standard,SUPERSEDES,0.95,IS 13506 : 2013 (2019) chronologically supersedes IS 13506 (1992)
IS_13527_2013,IS 13527 : 2013,Standard,IS_13527,IS 13527,Standard,SUPERSEDES,0.95,IS 13527 : 2013 (2019) chronologically supersedes IS 13527 (1992)
IS_13528_2013,IS 13528 : 2013,Standard,IS_13528,IS 13528,Standard,SUPERSEDES,0.95,IS 13528 : 2013 (2018) chronologically supersedes IS 13528 (1992)
IS_13539_2018,IS 13539 : 2018,Standard,IS_13539,IS 13539,Standard,SUPERSEDES,0.95,IS 13539 : 2018 (2018) chronologically supersedes IS 13539 (2008)
IS_13545_2018,IS 13545 : 2018,Standard,IS_13545,IS 13545,Standard,SUPERSEDES,0.95,IS 13545 : 2018 (2018) chronologically supersedes IS 13545 (1992)
IS_1358_2018,IS 1358 : 2018,Standard,IS_1358,IS 1358,Standard,SUPERSEDES,0.95,IS 1358 : 2018 (2019) chronologically supersedes IS 1358 (1967)
IS_13591_2019,IS 13591 : 2019,Standard,IS_13591,IS 13591,Standard,SUPERSEDES,0.95,IS 13591 : 2019 (2019) chronologically supersedes IS 13591 (1992)
IS_13597_2023,IS 13597 : 2023,Standard,IS_13597,IS 13597,Standard,SUPERSEDES,0.95,IS 13597 : 2023 (2023) chronologically supersedes IS 13597 (1992)
IS_13599_2014,IS 13599 : 2014,Standard,IS_13599,IS 13599,Standard,SUPERSEDES,0.95,IS 13599 : 2014 (2019) chronologically supersedes IS 13599 (1993)
IS_1360_2023,IS 1360 : 2023,Standard,IS_1360,IS 1360,Standard,SUPERSEDES,0.95,IS 1360 : 2023 (2023) chronologically supersedes IS 1360 (1989)
IS_13602_2013,IS 13602 : 2013,Standard,IS_13602,IS 13602,Standard,SUPERSEDES,0.95,IS 13602 : 2013 (2019) chronologically supersedes IS 13602 (1992)
IS_13603_2014,IS 13603 : 2014,Standard,IS_13603,IS 13603,Standard,SUPERSEDES,0.95,IS 13603 : 2014 (2019) chronologically supersedes IS 13603 (1992)
IS_13604_2014,IS 13604 : 2014,Standard,IS_13604,IS 13604,Standard,SUPERSEDES,0.95,IS 13604 : 2014 (2019) chronologically supersedes IS 13604 (1992)
IS_13606_2013,IS 13606 : 2013,Standard,IS_13606,IS 13606,Standard,SUPERSEDES,0.95,IS 13606 : 2013 (2018) chronologically supersedes IS 13606 (1993)
IS_13625_2013,IS 13625 : 2013,Standard,IS_13625,IS 13625,Standard,SUPERSEDES,0.95,IS 13625 : 2013 (2018) chronologically supersedes IS 13625 (1992)
IS_13626_2023,IS 13626 : 2023,Standard,IS_13626,IS 13626,Standard,SUPERSEDES,0.95,IS 13626 : 2023 (2023) chronologically supersedes IS 13626 (1993)
IS_13627_2023,IS 13627 : 2023,Standard,IS_13627,IS 13627,Standard,SUPERSEDES,0.95,IS 13627 : 2023 (2023) chronologically supersedes IS 13627 (1993)
IS_13643_2022,IS 13643 : 2022,Standard,IS_13643,IS 13643,Standard,SUPERSEDES,0.95,IS 13643 : 2022 (2022) chronologically supersedes IS 13643 (1993)
IS_13646_2018,IS 13646 : 2018,Standard,IS_13646,IS 13646,Standard,SUPERSEDES,0.95,IS 13646 : 2018 (2018) chronologically supersedes IS 13646 (1993)
IS_13656_2019,IS 13656 : 2019,Standard,IS_13656,IS 13656,Standard,SUPERSEDES,0.95,IS 13656 : 2019 (2019) chronologically supersedes IS 13656 (2002)
IS_13662_2021,IS 13662 : 2021,Standard,IS_13662,IS 13662,Standard,SUPERSEDES,0.95,IS 13662 : 2021 (2021) chronologically supersedes IS 13662 (1993)
IS_13680_2018,IS 13680 : 2018,Standard,IS_13680,IS 13680,Standard,SUPERSEDES,0.95,IS 13680 : 2018 (2018) chronologically supersedes IS 13680 (1993)
IS_13688_2020,IS 13688 : 2020,Standard,IS_13688,IS 13688,Standard,SUPERSEDES,0.95,IS 13688 : 2020 (2020) chronologically supersedes IS 13688 (1999)
IS_13689_2021,IS 13689 : 2021,Standard,IS_13689,IS 13689,Standard,SUPERSEDES,0.95,IS 13689 : 2021 (2021) chronologically supersedes IS 13689 (1992)
IS_13690_2021,IS 13690 : 2021,Standard,IS_13690,IS 13690,Standard,SUPERSEDES,0.95,IS 13690 : 2021 (2021) chronologically supersedes IS 13690 (1992)
IS_13693_2023,IS 13693 : 2023,Standard,IS_13693,IS 13693,Standard,SUPERSEDES,0.95,IS 13693 : 2023 (2023) chronologically supersedes IS 13693 (1993)
IS_137_2017,IS 137 : 2017,Standard,IS_137,IS 137,Standard,SUPERSEDES,0.95,IS 137 : 2017 (2017) chronologically supersedes IS 137 (1965)
IS_13712_2019,IS 13712 : 2019,Standard,IS_13712,IS 13712,Standard,SUPERSEDES,0.95,IS 13712 : 2019 (2019) chronologically supersedes IS 13712 (2006)
IS_13713_2021,IS 13713 : 2021,Standard,IS_13713,IS 13713,Standard,SUPERSEDES,0.95,IS 13713 : 2021 (2021) chronologically supersedes IS 13713 (1993)
IS_13727_2020,IS 13727 : 2020,Standard,IS_13727,IS 13727,Standard,SUPERSEDES,0.95,IS 13727 : 2020 (2021) chronologically supersedes IS 13727 (1993)
IS_13745_2020,IS 13745 : 2020,Standard,IS_13745,IS 13745,Standard,SUPERSEDES,0.95,IS 13745 : 2020 (2021) chronologically supersedes IS 13745 (1993)
IS_1375_2021,IS 1375 : 2021,Standard,IS_1375,IS 1375,Standard,SUPERSEDES,0.95,IS 1375 : 2021 (2021) chronologically supersedes IS 1375 (1981)
IS_13751_2023,IS 13751 : 2023,Standard,IS_13751,IS 13751,Standard,SUPERSEDES,0.95,IS 13751 : 2023 (2023) chronologically supersedes IS 13751 (1993)
IS_13759_2017,IS 13759 : 2017,Standard,IS_13759,IS 13759,Standard,SUPERSEDES,0.95,IS 13759 : 2017 (2017) chronologically supersedes IS 13759 (1993)
IS_13779_2020,IS 13779 : 2020,Standard,IS_13779,IS 13779,Standard,SUPERSEDES,0.95,IS 13779 : 2020 (2021) chronologically supersedes IS 13779 (1999)
IS_13797_2021,IS 13797 : 2021,Standard,IS_13797,IS 13797,Standard,SUPERSEDES,0.95,IS 13797 : 2021 (2021) chronologically supersedes IS 13797 (1993)
IS_13799_2016,IS 13799 : 2016,Standard,IS_13799,IS 13799,Standard,SUPERSEDES,0.95,IS 13799 : 2016 (2016) chronologically supersedes IS 13799 (1993)
IS_138_2018,IS 138 : 2018,Standard,IS_138,IS 138,Standard,SUPERSEDES,0.95,IS 138 : 2018 (2018) chronologically supersedes IS 138 (1992)
IS_13810_2023,IS 13810 : 2023,Standard,IS_13810,IS 13810,Standard,SUPERSEDES,0.95,IS 13810 : 2023 (2023) chronologically supersedes IS 13810 (1993)
IS_13811_2023,IS 13811 : 2023,Standard,IS_13811,IS 13811,Standard,SUPERSEDES,0.95,IS 13811 : 2023 (2023) chronologically supersedes IS 13811 (1993)
IS_1383_2023,IS 1383 : 2023,Standard,IS_1383,IS 1383,Standard,SUPERSEDES,0.95,IS 1383 : 2023 (2023) chronologically supersedes IS 1383 (1977)
IS_13833_2019,IS 13833 : 2019,Standard,IS_13833,IS 13833,Standard,SUPERSEDES,0.95,IS 13833 : 2019 (2020) chronologically supersedes IS 13833 (1993)
IS_13842_2023,IS 13842 : 2023,Standard,IS_13842,IS 13842,Standard,SUPERSEDES,0.95,IS 13842 : 2023 (2023) chronologically supersedes IS 13842 (1993)
IS_13871_2021,IS 13871 : 2021,Standard,IS_13871,IS 13871,Standard,SUPERSEDES,0.95,IS 13871 : 2021 (2021) chronologically supersedes IS 13871 (1993)
IS_139_2018,IS 139 : 2018,Standard,IS_139,IS 139,Standard,SUPERSEDES,0.95,IS 139 : 2018 (2018) chronologically supersedes IS 139 (1981)
IS_13913_2020,IS 13913 : 2020,Standard,IS_13913,IS 13913,Standard,SUPERSEDES,0.95,IS 13913 : 2020 (2020) chronologically supersedes IS 13913 (1994)
IS_13920_2016,IS 13920 : 2016,Standard,IS_13920,IS 13920,Standard,SUPERSEDES,0.95,IS 13920 : 2016 (2018) chronologically supersedes IS 13920 (1993)
IS_13923_2023,IS 13923 : 2023,Standard,IS_13923,IS 13923,Standard,SUPERSEDES,0.95,IS 13923 : 2023 (2023) chronologically supersedes IS 13923 (1993)
IS_13929_2021,IS 13929 : 2021,Standard,IS_13929,IS 13929,Standard,SUPERSEDES,0.95,IS 13929 : 2021 (2021) chronologically supersedes IS 13929 (1993)
IS_13942_Part_1_2019,IS 13942 : Part 1 : 2019,Standard,IS_13942,IS 13942,Standard,SUPERSEDES,0.95,IS 13942 : Part 1 : 2019 (2020) chronologically supersedes IS 13942 (1994)
IS_13943_2017,IS 13943 : 2017,Standard,IS_13943,IS 13943,Standard,SUPERSEDES,0.95,IS 13943 : 2017 (2019) chronologically supersedes IS 13943 (1994)
IS_13944_2021,IS 13944 : 2021,Standard,IS_13944,IS 13944,Standard,SUPERSEDES,0.95,IS 13944 : 2021 (2021) chronologically supersedes IS 13944 (1994)
IS_13945_2023,IS 13945 : 2023,Standard,IS_13945,IS 13945,Standard,SUPERSEDES,0.95,IS 13945 : 2023 (2023) chronologically supersedes IS 13945 (1994)
IS_13952_2018,IS 13952 : 2018,Standard,IS_13952,IS 13952,Standard,SUPERSEDES,0.95,IS 13952 : 2018 (2019) chronologically supersedes IS 13952 (1994)
IS_1397_2020,IS 1397 : 2020,Standard,IS_1397,IS 1397,Standard,SUPERSEDES,0.95,IS 1397 : 2020 (2020) chronologically supersedes IS 1397 (1990)
IS_13997_2014,IS 13997 : 2014,Standard,IS_13997,IS 13997,Standard,SUPERSEDES,0.95,IS 13997 : 2014 (2018) chronologically supersedes IS 13997 (1994)
IS_13998_2021,IS 13998 : 2021,Standard,IS_13998,IS 13998,Standard,SUPERSEDES,0.95,IS 13998 : 2021 (2021) chronologically supersedes IS 13998 (1994)
IS_140_2015,IS 140 : 2015,Standard,IS_140,IS 140,Standard,SUPERSEDES,0.95,IS 140 : 2015 (2018) chronologically supersedes IS 140 (1980)
IS_1410_2019,IS 1410 : 2019,Standard,IS_1410,IS 1410,Standard,SUPERSEDES,0.95,IS 1410 : 2019 (2020) chronologically supersedes IS 1410 (2001)
IS_14106_2018,IS 14106 : 2018,Standard,IS_14106,IS 14106,Standard,SUPERSEDES,0.95,IS 14106 : 2018 (2018) chronologically supersedes IS 14106 (1996)
IS_14130_2023,IS 14130 : 2023,Standard,IS_14130,IS 14130,Standard,SUPERSEDES,0.95,IS 14130 : 2023 (2023) chronologically supersedes IS 14130 (1994)
IS_14132_2021,IS 14132 : 2021,Standard,IS_14132,IS 14132,Standard,SUPERSEDES,0.95,IS 14132 : 2021 (2021) chronologically supersedes IS 14132 (1995)
IS_14133_2013,IS 14133 : 2013,Standard,IS_14133,IS 14133,Standard,SUPERSEDES,0.95,IS 14133 : 2013 (2018) chronologically supersedes IS 14133 (1994)
IS_14136_2023,IS 14136 : 2023,Standard,IS_14136,IS 14136,Standard,SUPERSEDES,0.95,IS 14136 : 2023 (2023) chronologically supersedes IS 14136 (1994)
IS_14157_2023,IS 14157 : 2023,Standard,IS_14157,IS 14157,Standard,SUPERSEDES,0.95,IS 14157 : 2023 (2023) chronologically supersedes IS 14157 (1994)
IS_14160_2023,IS 14160 : 2023,Standard,IS_14160,IS 14160,Standard,SUPERSEDES,0.95,IS 14160 : 2023 (2023) chronologically supersedes IS 14160 (1994)
IS_14169_2013,IS 14169 : 2013,Standard,IS_14169,IS 14169,Standard,SUPERSEDES,0.95,IS 14169 : 2013 (2017) chronologically supersedes IS 14169 (1994)
IS_1417_2016,IS 1417 : 2016,Standard,IS_1417,IS 1417,Standard,SUPERSEDES,0.95,IS 1417 : 2016 (2016) chronologically supersedes IS 1417 (1999)
IS_14177_2023,IS 14177 : 2023,Standard,IS_14177,IS 14177,Standard,SUPERSEDES,0.95,IS 14177 : 2023 (2023) chronologically supersedes IS 14177 (1994)
IS_14190_2023,IS 14190 : 2023,Standard,IS_14190,IS 14190,Standard,SUPERSEDES,0.95,IS 14190 : 2023 (2023) chronologically supersedes IS 14190 (1995)
IS_14194_Part_1_2020,IS 14194 : Part 1 : 2020,Standard,IS_14194_Part_5_2013,IS 14194 : Part 5 : 2013,Standard,SUPERSEDES,0.95,IS 14194 : Part 1 : 2020 (2020) chronologically supersedes IS 14194 : Part 5 : 2013 (2018)
IS_14194_Part_3_2021,IS 14194 : Part 3 : 2021,Standard,IS_14194_Part_1_2020,IS 14194 : Part 1 : 2020,Standard,SUPERSEDES,0.95,IS 14194 : Part 3 : 2021 (2021) chronologically supersedes IS 14194 : Part 1 : 2020 (2020)
IS_14194_Part_2_2022,IS 14194 : Part 2 : 2022,Standard,IS_14194_Part_3_2021,IS 14194 : Part 3 : 2021,Standard,SUPERSEDES,0.95,IS 14194 : Part 2 : 2022 (2022) chronologically supersedes IS 14194 : Part 3 : 2021 (2021)
IS_142_2017,IS 142 : 2017,Standard,IS_142,IS 142,Standard,SUPERSEDES,0.95,IS 142 : 2017 (2017) chronologically supersedes IS 142 (1980)
IS_14203_2023,IS 14203 : 2023,Standard,IS_14203,IS 14203,Standard,SUPERSEDES,0.95,IS 14203 : 2023 (2023) chronologically supersedes IS 14203 (1999)
IS_14209_2016,IS 14209 : 2016,Standard,IS_14209,IS 14209,Standard,SUPERSEDES,0.95,IS 14209 : 2016 (2016) chronologically supersedes IS 14209 (1994)
IS_14216_2023,IS 14216 : 2023,Standard,IS_14216,IS 14216,Standard,SUPERSEDES,0.95,IS 14216 : 2023 (2023) chronologically supersedes IS 14216 (1994)
IS_14220_2018,IS 14220 : 2018,Standard,IS_14220,IS 14220,Standard,SUPERSEDES,0.95,IS 14220 : 2018 (2018) chronologically supersedes IS 14220 (1994)
IS_14221_Part_1_2015,IS 14221 : Part 1 : 2015,Standard,IS_14221,IS 14221,Standard,SUPERSEDES,0.95,IS 14221 : Part 1 : 2015 (2015) chronologically supersedes IS 14221 (1995)
IS_14225_2017,IS 14225 : 2017,Standard,IS_14225,IS 14225,Standard,SUPERSEDES,0.95,IS 14225 : 2017 (2018) chronologically supersedes IS 14225 (1995)
IS_1423_2022,IS 1423 : 2022,Standard,IS_1423,IS 1423,Standard,SUPERSEDES,0.95,IS 1423 : 2022 (2022) chronologically supersedes IS 1423 (1985)
IS_14246_2013,IS 14246 : 2013,Standard,IS_14246,IS 14246,Standard,SUPERSEDES,0.95,IS 14246 : 2013 (2018) chronologically supersedes IS 14246 (1995)
IS_14257_2019,IS 14257 : 2019,Standard,IS_14257,IS 14257,Standard,SUPERSEDES,0.95,IS 14257 : 2019 (2019) chronologically supersedes IS 14257 (1995)
IS_14268_2022,IS 14268 : 2022,Standard,IS_14268,IS 14268,Standard,SUPERSEDES,0.95,IS 14268 : 2022 (2022) chronologically supersedes IS 14268 (1995)
IS_14276_2016,IS 14276 : 2016,Standard,IS_14276,IS 14276,Standard,SUPERSEDES,0.95,IS 14276 : 2016 (2016) chronologically supersedes IS 14276 (1995)
IS_14287_2023,IS 14287 : 2023,Standard,IS_14287,IS 14287,Standard,SUPERSEDES,0.95,IS 14287 : 2023 (2023) chronologically supersedes IS 14287 (1995)
IS_14320_2013,IS 14320 : 2013,Standard,IS_14320,IS 14320,Standard,SUPERSEDES,0.95,IS 14320 : 2013 (2019) chronologically supersedes IS 14320 (1995)
IS_14325_2013,IS 14325 : 2013,Standard,IS_14325,IS 14325,Standard,SUPERSEDES,0.95,IS 14325 : 2013 (2019) chronologically supersedes IS 14325 (1996)
IS_14332_2018,IS 14332 : 2018,Standard,IS_14332,IS 14332,Standard,SUPERSEDES,0.95,IS 14332 : 2018 (2018) chronologically supersedes IS 14332 (1996)
IS_14333_2022,IS 14333 : 2022,Standard,IS_14333,IS 14333,Standard,SUPERSEDES,0.95,IS 14333 : 2022 (2022) chronologically supersedes IS 14333 (1996)
IS_14334_2022,IS 14334 : 2022,Standard,IS_14334,IS 14334,Standard,SUPERSEDES,0.95,IS 14334 : 2022 (2022) chronologically supersedes IS 14334 (1996)
IS_14344_2021,IS 14344 : 2021,Standard,IS_14344,IS 14344,Standard,SUPERSEDES,0.95,IS 14344 : 2021 (2021) chronologically supersedes IS 14344 (1996)
IS_14350_2023,IS 14350 : 2023,Standard,IS_14350,IS 14350,Standard,SUPERSEDES,0.95,IS 14350 : 2023 (2023) chronologically supersedes IS 14350 (1996)
IS_14355_2022,IS 14355 : 2022,Standard,IS_14355,IS 14355,Standard,SUPERSEDES,0.95,IS 14355 : 2022 (2022) chronologically supersedes IS 14355 (1996)
IS_14362_2023,IS 14362 : 2023,Standard,IS_14362,IS 14362,Standard,SUPERSEDES,0.95,IS 14362 : 2023 (2023) chronologically supersedes IS 14362 (1996)
IS_14382_2014,IS 14382 : 2014,Standard,IS_14382,IS 14382,Standard,SUPERSEDES,0.95,IS 14382 : 2014 (2016) chronologically supersedes IS 14382 (1996)
IS_14387_2021,IS 14387 : 2021,Standard,IS_14387,IS 14387,Standard,SUPERSEDES,0.95,IS 14387 : 2021 (2021) chronologically supersedes IS 14387 (2005)
IS_14400_2023,IS 14400 : 2023,Standard,IS_14400,IS 14400,Standard,SUPERSEDES,0.95,IS 14400 : 2023 (2023) chronologically supersedes IS 14400 (1996)
IS_14407_2023,IS 14407 : 2023,Standard,IS_14407,IS 14407,Standard,SUPERSEDES,0.95,IS 14407 : 2023 (2023) chronologically supersedes IS 14407 (1996)
IS_14410_2023,IS 14410 : 2023,Standard,IS_14410,IS 14410,Standard,SUPERSEDES,0.95,IS 14410 : 2023 (2023) chronologically supersedes IS 14410 (1996)
IS_14424_2018,IS 14424 : 2018,Standard,IS_14424,IS 14424,Standard,SUPERSEDES,0.95,IS 14424 : 2018 (2018) chronologically supersedes IS 14424 (1997)
IS_1443_2018,IS 1443 : 2018,Standard,IS_1443,IS 1443,Standard,SUPERSEDES,0.95,IS 1443 : 2018 (2018) chronologically supersedes IS 1443 (1972)
IS_14433_2022,IS 14433 : 2022,Standard,IS_14433,IS 14433,Standard,SUPERSEDES,0.95,IS 14433 : 2022 (2022) chronologically supersedes IS 14433 (2007)
IS_14434_2023,IS 14434 : 2023,Standard,IS_14434,IS 14434,Standard,SUPERSEDES,0.95,IS 14434 : 2023 (2023) chronologically supersedes IS 14434 (1998)
IS_14435_2013,IS 14435 : 2013,Standard,IS_14435,IS 14435,Standard,SUPERSEDES,0.95,IS 14435 : 2013 (2018) chronologically supersedes IS 14435 (1997)
IS_14458_Part_6_2020,IS 14458 : Part 6 : 2020,Standard,IS_14458_Part_4_2018,IS 14458 : Part 4 : 2018,Standard,SUPERSEDES,0.95,IS 14458 : Part 6 : 2020 (2020) chronologically supersedes IS 14458 : Part 4 : 2018 (2018)
IS_14458_Part_7_2022,IS 14458 : Part 7 : 2022,Standard,IS_14458_Part_6_2020,IS 14458 : Part 6 : 2020,Standard,SUPERSEDES,0.95,IS 14458 : Part 7 : 2022 (2023) chronologically supersedes IS 14458 : Part 6 : 2020 (2020)
IS_14464_2023,IS 14464 : 2023,Standard,IS_14464,IS 14464,Standard,SUPERSEDES,0.95,IS 14464 : 2023 (2023) chronologically supersedes IS 14464 (1997)
IS_14465_2023,IS 14465 : 2023,Standard,IS_14465,IS 14465,Standard,SUPERSEDES,0.95,IS 14465 : 2023 (2023) chronologically supersedes IS 14465 (1997)
IS_1448_Part_128_2018,IS 1448 : Part 128 : 2018,Standard,IS_1448_Part_54_2017,IS 1448 : Part 54 : 2017,Standard,SUPERSEDES,0.95,IS 1448 : Part 128 : 2018 (2018) chronologically supersedes IS 1448 : Part 54 : 2017 (2017)
IS_1448_Part_116_2018,IS 1448 : Part 116 : 2018,Standard,IS_1448_Part_128_2018,IS 1448 : Part 128 : 2018,Standard,SUPERSEDES,0.95,IS 1448 : Part 116 : 2018 (2019) chronologically supersedes IS 1448 : Part 128 : 2018 (2018)
IS_1448_Part_155_2020,IS 1448 : Part 155 : 2020,Standard,IS_1448_Part_116_2018,IS 1448 : Part 116 : 2018,Standard,SUPERSEDES,0.95,IS 1448 : Part 155 : 2020 (2020) chronologically supersedes IS 1448 : Part 116 : 2018 (2019)
IS_1448_Part_120_2021,IS 1448 : Part 120 : 2021,Standard,IS_1448_Part_155_2020,IS 1448 : Part 155 : 2020,Standard,SUPERSEDES,0.95,IS 1448 : Part 120 : 2021 (2021) chronologically supersedes IS 1448 : Part 155 : 2020 (2020)
IS_1448_Part_121_2022,IS 1448 : Part 121 : 2022,Standard,IS_1448_Part_120_2021,IS 1448 : Part 120 : 2021,Standard,SUPERSEDES,0.95,IS 1448 : Part 121 : 2022 (2022) chronologically supersedes IS 1448 : Part 120 : 2021 (2021)
IS_1448_Part_102_2023,IS 1448 : Part 102 : 2023,Standard,IS_1448_Part_121_2022,IS 1448 : Part 121 : 2022,Standard,SUPERSEDES,0.95,IS 1448 : Part 102 : 2023 (2023) chronologically supersedes IS 1448 : Part 121 : 2022 (2022)
IS_14488_2013,IS 14488 : 2013,Standard,IS_14488,IS 14488,Standard,SUPERSEDES,0.95,IS 14488 : 2013 (2018) chronologically supersedes IS 14488 (1998)
IS_14489_2018,IS 14489 : 2018,Standard,IS_14489,IS 14489,Standard,SUPERSEDES,0.95,IS 14489 : 2018 (2018) chronologically supersedes IS 14489 (1998)
IS_14490_2018,IS 14490 : 2018,Standard,IS_14490,IS 14490,Standard,SUPERSEDES,0.95,IS 14490 : 2018 (2018) chronologically supersedes IS 14490 (1997)
IS_14494_2019,IS 14494 : 2019,Standard,IS_14494,IS 14494,Standard,SUPERSEDES,0.95,IS 14494 : 2019 (2019) chronologically supersedes IS 14494 (1998)
IS_14499_2021,IS 14499 : 2021,Standard,IS_14499,IS 14499,Standard,SUPERSEDES,0.95,IS 14499 : 2021 (2022) chronologically supersedes IS 14499 (1998)
IS_1450_2023,IS 1450 : 2023,Standard,IS_1450,IS 1450,Standard,SUPERSEDES,0.95,IS 1450 : 2023 (2023) chronologically supersedes IS 1450 (1991)
IS_14507_2023,IS 14507 : 2023,Standard,IS_14507,IS 14507,Standard,SUPERSEDES,0.95,IS 14507 : 2023 (2023) chronologically supersedes IS 14507 (1998)
IS_14518_2023,IS 14518 : 2023,Standard,IS_14518,IS 14518,Standard,SUPERSEDES,0.95,IS 14518 : 2023 (2023) chronologically supersedes IS 14518 (1998)
IS_14520_2018,IS 14520 : 2018,Standard,IS_14520,IS 14520,Standard,SUPERSEDES,0.95,IS 14520 : 2018 (2018) chronologically supersedes IS 14520 (1998)
IS_14534_2023,IS 14534 : 2023,Standard,IS_14534,IS 14534,Standard,SUPERSEDES,0.95,IS 14534 : 2023 (2023) chronologically supersedes IS 14534 (1998)
IS_14536_2018,IS 14536 : 2018,Standard,IS_14536,IS 14536,Standard,SUPERSEDES,0.95,IS 14536 : 2018 (2018) chronologically supersedes IS 14536 (1998)
IS_14543_2016,IS 14543 : 2016,Standard,IS_14543,IS 14543,Standard,SUPERSEDES,0.95,IS 14543 : 2016 (2016) chronologically supersedes IS 14543 (2004)
IS_14544_2022,IS 14544 : 2022,Standard,IS_14544,IS 14544,Standard,SUPERSEDES,0.95,IS 14544 : 2022 (2022) chronologically supersedes IS 14544 (1998)
IS_14561_2014,IS 14561 : 2014,Standard,IS_14561,IS 14561,Standard,SUPERSEDES,0.95,IS 14561 : 2014 (2019) chronologically supersedes IS 14561 (2007)
IS_14562_2014,IS 14562 : 2014,Standard,IS_14562,IS 14562,Standard,SUPERSEDES,0.95,IS 14562 : 2014 (2016) chronologically supersedes IS 14562 (1998)
IS_14566_2023,IS 14566 : 2023,Standard,IS_14566,IS 14566,Standard,SUPERSEDES,0.95,IS 14566 : 2023 (2023) chronologically supersedes IS 14566 (1998)
IS_14572_2022,IS 14572 : 2022,Standard,IS_14572,IS 14572,Standard,SUPERSEDES,0.95,IS 14572 : 2022 (2022) chronologically supersedes IS 14572 (1998)
IS_14581_2019,IS 14581 : 2019,Standard,IS_14581,IS 14581,Standard,SUPERSEDES,0.95,IS 14581 : 2019 (2019) chronologically supersedes IS 14581 (2006)
IS_14582_2021,IS 14582 : 2021,Standard,IS_14582,IS 14582,Standard,SUPERSEDES,0.95,IS 14582 : 2021 (2021) chronologically supersedes IS 14582 (1998)
IS_14587_2023,IS 14587 : 2023,Standard,IS_14587,IS 14587,Standard,SUPERSEDES,0.95,IS 14587 : 2023 (2023) chronologically supersedes IS 14587 (1998)
IS_1459_2018,IS 1459 : 2018,Standard,IS_1459,IS 1459,Standard,SUPERSEDES,0.95,IS 1459 : 2018 (2018) chronologically supersedes IS 1459 (1974)
IS_14596_2020,IS 14596 : 2020,Standard,IS_14596,IS 14596,Standard,SUPERSEDES,0.95,IS 14596 : 2020 (2020) chronologically supersedes IS 14596 (1998)
IS_1460_2017,IS 1460 : 2017,Standard,IS_1460,IS 1460,Standard,SUPERSEDES,0.95,IS 1460 : 2017 (2018) chronologically supersedes IS 1460 (2005)
IS_14603_2023,IS 14603 : 2023,Standard,IS_14603,IS 14603,Standard,SUPERSEDES,0.95,IS 14603 : 2023 (2023) chronologically supersedes IS 14603 (1998)
IS_14606_2022,IS 14606 : 2022,Standard,IS_14606,IS 14606,Standard,SUPERSEDES,0.95,IS 14606 : 2022 (2022) chronologically supersedes IS 14606 (1998)
IS_14611_2016,IS 14611 : 2016,Standard,IS_14611,IS 14611,Standard,SUPERSEDES,0.95,IS 14611 : 2016 (2017) chronologically supersedes IS 14611 (1998)
IS_14618_2022,IS 14618 : 2022,Standard,IS_14618,IS 14618,Standard,SUPERSEDES,0.95,IS 14618 : 2022 (2022) chronologically supersedes IS 14618 (1999)
IS_1462_2019,IS 1462 : 2019,Standard,IS_1462,IS 1462,Standard,SUPERSEDES,0.95,IS 1462 : 2019 (2020) chronologically supersedes IS 1462 (1985)
IS_14625_2015,IS 14625 : 2015,Standard,IS_14625,IS 14625,Standard,SUPERSEDES,0.95,IS 14625 : 2015 (2019) chronologically supersedes IS 14625 (1999)
IS_1463_2020,IS 1463 : 2020,Standard,IS_1463,IS 1463,Standard,SUPERSEDES,0.95,IS 1463 : 2020 (2020) chronologically supersedes IS 1463 (1983)
IS_14635_Part_1_2020,IS 14635 : Part 1 : 2020,Standard,IS_14635,IS 14635,Standard,SUPERSEDES,0.95,IS 14635 : Part 1 : 2020 (2021) chronologically supersedes IS 14635 (1999)
IS_14647_2022,IS 14647 : 2022,Standard,IS_14647,IS 14647,Standard,SUPERSEDES,0.95,IS 14647 : 2022 (2022) chronologically supersedes IS 14647 (1999)
IS_14650_2023,IS 14650 : 2023,Standard,IS_14650,IS 14650,Standard,SUPERSEDES,0.95,IS 14650 : 2023 (2023) chronologically supersedes IS 14650 (1999)
IS_14667_2018,IS 14667 : 2018,Standard,IS_14667,IS 14667,Standard,SUPERSEDES,0.95,IS 14667 : 2018 (2018) chronologically supersedes IS 14667 (1999)
IS_14668_2021,IS 14668 : 2021,Standard,IS_14668,IS 14668,Standard,SUPERSEDES,0.95,IS 14668 : 2021 (2021) chronologically supersedes IS 14668 (1999)
IS_14677_2023,IS 14677 : 2023,Standard,IS_14677,IS 14677,Standard,SUPERSEDES,0.95,IS 14677 : 2023 (2023) chronologically supersedes IS 14677 (1999)
IS_14681_2021,IS 14681 : 2021,Standard,IS_14681,IS 14681,Standard,SUPERSEDES,0.95,IS 14681 : 2021 (2021) chronologically supersedes IS 14681 (1999)
IS_14697_2021,IS 14697 : 2021,Standard,IS_14697,IS 14697,Standard,SUPERSEDES,0.95,IS 14697 : 2021 (2021) chronologically supersedes IS 14697 (1999)
IS_14702_2022,IS 14702 : 2022,Standard,IS_14702,IS 14702,Standard,SUPERSEDES,0.95,IS 14702 : 2022 (2022) chronologically supersedes IS 14702 (1999)
IS_14703_2017,IS 14703 : 2017,Standard,IS_14703,IS 14703,Standard,SUPERSEDES,0.95,IS 14703 : 2017 (2018) chronologically supersedes IS 14703 (1999)
IS_14706_1999,IS 14706 : 1999,Standard,IS_14706,IS 14706,Standard,SUPERSEDES,0.95,IS 14706 : 1999 (2018) chronologically supersedes IS 14706 (1999)
IS_14715_Part_1_2016,IS 14715 : Part 1 : 2016,Standard,IS_14715,IS 14715,Standard,SUPERSEDES,0.95,IS 14715 : Part 1 : 2016 (2019) chronologically supersedes IS 14715 (2000)
IS_14716_2021,IS 14716 : 2021,Standard,IS_14716,IS 14716,Standard,SUPERSEDES,0.95,IS 14716 : 2021 (2021) chronologically supersedes IS 14716 (1999)
IS_14750_2014,IS 14750 : 2014,Standard,IS_14750,IS 14750,Standard,SUPERSEDES,0.95,IS 14750 : 2014 (2019) chronologically supersedes IS 14750 (2000)
IS_14756_2022,IS 14756 : 2022,Standard,IS_14756,IS 14756,Standard,SUPERSEDES,0.95,IS 14756 : 2022 (2022) chronologically supersedes IS 14756 (2000)
IS_14772_2020,IS 14772 : 2020,Standard,IS_14772,IS 14772,Standard,SUPERSEDES,0.95,IS 14772 : 2020 (2021) chronologically supersedes IS 14772 (2000)
IS_1478_2023,IS 1478 : 2023,Standard,IS_1478,IS 1478,Standard,SUPERSEDES,0.95,IS 1478 : 2023 (2023) chronologically supersedes IS 1478 (1992)
IS_14793_2013,IS 14793 : 2013,Standard,IS_14793,IS 14793,Standard,SUPERSEDES,0.95,IS 14793 : 2013 (2018) chronologically supersedes IS 14793 (2000)
IS_14806_2021,IS 14806 : 2021,Standard,IS_14806,IS 14806,Standard,SUPERSEDES,0.95,IS 14806 : 2021 (2022) chronologically supersedes IS 14806 (2000)
IS_14807_2021,IS 14807 : 2021,Standard,IS_14807,IS 14807,Standard,SUPERSEDES,0.95,IS 14807 : 2021 (2021) chronologically supersedes IS 14807 (2000)
IS_14812_2021,IS 14812 : 2021,Standard,IS_14812,IS 14812,Standard,SUPERSEDES,0.95,IS 14812 : 2021 (2021) chronologically supersedes IS 14812 (2005)
IS_14814_2023,IS 14814 : 2023,Standard,IS_14814,IS 14814,Standard,SUPERSEDES,0.95,IS 14814 : 2023 (2023) chronologically supersedes IS 14814 (2000)
IS_14885_2022,IS 14885 : 2022,Standard,IS_14885,IS 14885,Standard,SUPERSEDES,0.95,IS 14885 : 2022 (2022) chronologically supersedes IS 14885 (2001)
IS_14887_2014,IS 14887 : 2014,Standard,IS_14887,IS 14887,Standard,SUPERSEDES,0.95,IS 14887 : 2014 (2019) chronologically supersedes IS 14887 (2000)
IS_14893_2021,IS 14893 : 2021,Standard,IS_14893,IS 14893,Standard,SUPERSEDES,0.95,IS 14893 : 2021 (2022) chronologically supersedes IS 14893 (2001)
IS_14899_2014,IS 14899 : 2014,Standard,IS_14899,IS 14899,Standard,SUPERSEDES,0.95,IS 14899 : 2014 (2019) chronologically supersedes IS 14899 (2000)
IS_14900_2018,IS 14900 : 2018,Standard,IS_14900,IS 14900,Standard,SUPERSEDES,0.95,IS 14900 : 2018 (2018) chronologically supersedes IS 14900 (2000)
IS_1491_2023,IS 1491 : 2023,Standard,IS_1491,IS 1491,Standard,SUPERSEDES,0.95,IS 1491 : 2023 (2023) chronologically supersedes IS 1491 (1959)
IS_14936_2022,IS 14936 : 2022,Standard,IS_14936,IS 14936,Standard,SUPERSEDES,0.95,IS 14936 : 2022 (2023) chronologically supersedes IS 14936 (2001)
IS_14944_2020,IS 14944 : 2020,Standard,IS_14944,IS 14944,Standard,SUPERSEDES,0.95,IS 14944 : 2020 (2021) chronologically supersedes IS 14944 (2001)
IS_14968_2015,IS 14968 : 2015,Standard,IS_14968,IS 14968,Standard,SUPERSEDES,0.95,IS 14968 : 2015 (2017) chronologically supersedes IS 14968 (2001)
IS_14982_2022,IS 14982 : 2022,Standard,IS_14982,IS 14982,Standard,SUPERSEDES,0.95,IS 14982 : 2022 (2022) chronologically supersedes IS 14982 (2001)
IS_14983_2022,IS 14983 : 2022,Standard,IS_14983,IS 14983,Standard,SUPERSEDES,0.95,IS 14983 : 2022 (2022) chronologically supersedes IS 14983 (2002)
IS_15000_2013,IS 15000 : 2013,Standard,IS_15000,IS 15000,Standard,SUPERSEDES,0.95,IS 15000 : 2013 (2019) chronologically supersedes IS 15000 (1998)
IS_15026_Part_1_2022,IS 15026 : Part 1 : 2022,Standard,IS_15026,IS 15026,Standard,SUPERSEDES,0.95,IS 15026 : Part 1 : 2022 (2022) chronologically supersedes IS 15026 (2002)
IS_15026_Part_2_2023,IS 15026 : Part 2 : 2023,Standard,IS_15026_Part_1_2022,IS 15026 : Part 1 : 2022,Standard,SUPERSEDES,0.95,IS 15026 : Part 2 : 2023 (2023) chronologically supersedes IS 15026 : Part 1 : 2022 (2022)
IS_15030_2022,IS 15030 : 2022,Standard,IS_15030,IS 15030,Standard,SUPERSEDES,0.95,IS 15030 : 2022 (2022) chronologically supersedes IS 15030 (2001)
IS_15080_2022,IS 15080 : 2022,Standard,IS_15080,IS 15080,Standard,SUPERSEDES,0.95,IS 15080 : 2022 (2022) chronologically supersedes IS 15080 (2001)
IS_15081_2022,IS 15081 : 2022,Standard,IS_15081,IS 15081,Standard,SUPERSEDES,0.95,IS 15081 : 2022 (2022) chronologically supersedes IS 15081 (2001)
IS_15082_2022,IS 15082 : 2022,Standard,IS_15082,IS 15082,Standard,SUPERSEDES,0.95,IS 15082 : 2022 (2022) chronologically supersedes IS 15082 (2001)
IS_151_2017,IS 151 : 2017,Standard,IS_151,IS 151,Standard,SUPERSEDES,0.95,IS 151 : 2017 (2017) chronologically supersedes IS 151 (1985)
IS_15100_2018,IS 15100 : 2018,Standard,IS_15100,IS 15100,Standard,SUPERSEDES,0.95,IS 15100 : 2018 (2018) chronologically supersedes IS 15100 (2001)
IS_15105_2021,IS 15105 : 2021,Standard,IS_15105,IS 15105,Standard,SUPERSEDES,0.95,IS 15105 : 2021 (2021) chronologically supersedes IS 15105 (2002)
IS_15131_2020,IS 15131 : 2020,Standard,IS_15131,IS 15131,Standard,SUPERSEDES,0.95,IS 15131 : 2020 (2020) chronologically supersedes IS 15131 (2002)
IS_15134_2023,IS 15134 : 2023,Standard,IS_15134,IS 15134,Standard,SUPERSEDES,0.95,IS 15134 : 2023 (2023) chronologically supersedes IS 15134 (2002)
IS_15140_2018,IS 15140 : 2018,Standard,IS_15140,IS 15140,Standard,SUPERSEDES,0.95,IS 15140 : 2018 (2018) chronologically supersedes IS 15140 (2003)
IS_1515_2013,IS 1515 : 2013,Standard,IS_1515,IS 1515,Standard,SUPERSEDES,0.95,IS 1515 : 2013 (2018) chronologically supersedes IS 1515 (1998)
IS_15155_2020,IS 15155 : 2020,Standard,IS_15155,IS 15155,Standard,SUPERSEDES,0.95,IS 15155 : 2020 (2021) chronologically supersedes IS 15155 (2002)
IS_15171_2017,IS 15171 : 2017,Standard,IS_15171,IS 15171,Standard,SUPERSEDES,0.95,IS 15171 : 2017 (2017) chronologically supersedes IS 15171 (2002)
IS_15198_2014,IS 15198 : 2014,Standard,IS_15198,IS 15198,Standard,SUPERSEDES,0.95,IS 15198 : 2014 (2016) chronologically supersedes IS 15198 (2002)
IS_15201_2022,IS 15201 : 2022,Standard,IS_15201,IS 15201,Standard,SUPERSEDES,0.95,IS 15201 : 2022 (2022) chronologically supersedes IS 15201 (2002)
IS_15223_2016,IS 15223 : 2016,Standard,IS_15223,IS 15223,Standard,SUPERSEDES,0.95,IS 15223 : 2016 (2016) chronologically supersedes IS 15223 (2002)
IS_15235_2023,IS 15235 : 2023,Standard,IS_15235,IS 15235,Standard,SUPERSEDES,0.95,IS 15235 : 2023 (2023) chronologically supersedes IS 15235 (2002)
IS_15325_2020,IS 15325 : 2020,Standard,IS_15325,IS 15325,Standard,SUPERSEDES,0.95,IS 15325 : 2020 (2020) chronologically supersedes IS 15325 (2003)
IS_15330_2020,IS 15330 : 2020,Standard,IS_15330,IS 15330,Standard,SUPERSEDES,0.95,IS 15330 : 2020 (2021) chronologically supersedes IS 15330 (2003)
IS_15340_2019,IS 15340 : 2019,Standard,IS_15340,IS 15340,Standard,SUPERSEDES,0.95,IS 15340 : 2019 (2019) chronologically supersedes IS 15340 (2003)
IS_15343_2022,IS 15343 : 2022,Standard,IS_15343,IS 15343,Standard,SUPERSEDES,0.95,IS 15343 : 2022 (2022) chronologically supersedes IS 15343 (2003)
IS_1535_2022,IS 1535 : 2022,Standard,IS_1535,IS 1535,Standard,SUPERSEDES,0.95,IS 1535 : 2022 (2022) chronologically supersedes IS 1535 (1979)
IS_15350_2017,IS 15350 : 2017,Standard,IS_15350,IS 15350,Standard,SUPERSEDES,0.95,IS 15350 : 2017 (2017) chronologically supersedes IS 15350 (2003)
IS_15351_2015,IS 15351 : 2015,Standard,IS_15351,IS 15351,Standard,SUPERSEDES,0.95,IS 15351 : 2015 (2017) chronologically supersedes IS 15351 (2008)
IS_1536_2023,IS 1536 : 2023,Standard,IS_1536,IS 1536,Standard,SUPERSEDES,0.95,IS 1536 : 2023 (2023) chronologically supersedes IS 1536 (2001)
IS_15365_2019,IS 15365 : 2019,Standard,IS_15365,IS 15365,Standard,SUPERSEDES,0.95,IS 15365 : 2019 (2019) chronologically supersedes IS 15365 (2003)
IS_15380_2023,IS 15380 : 2023,Standard,IS_15380,IS 15380,Standard,SUPERSEDES,0.95,IS 15380 : 2023 (2023) chronologically supersedes IS 15380 (2003)
IS_15381_2021,IS 15381 : 2021,Standard,IS_15381,IS 15381,Standard,SUPERSEDES,0.95,IS 15381 : 2021 (2021) chronologically supersedes IS 15381 (2003)
IS_1544_2022,IS 1544 : 2022,Standard,IS_1544,IS 1544,Standard,SUPERSEDES,0.95,IS 1544 : 2022 (2022) chronologically supersedes IS 1544 (1973)
IS_15450_2022,IS 15450 : 2022,Standard,IS_15450,IS 15450,Standard,SUPERSEDES,0.95,IS 15450 : 2022 (2022) chronologically supersedes IS 15450 (2004)
IS_15462_2019,IS 15462 : 2019,Standard,IS_15462,IS 15462,Standard,SUPERSEDES,0.95,IS 15462 : 2019 (2019) chronologically supersedes IS 15462 (2004)
IS_15464_2022,IS 15464 : 2022,Standard,IS_15464,IS 15464,Standard,SUPERSEDES,0.95,IS 15464 : 2022 (2022) chronologically supersedes IS 15464 (2004)
IS_15475_Part_1_2022,IS 15475 : Part 1 : 2022,Standard,IS_15475_Part_2_B_2004,IS 15475 : Part 2 (B) : 2004,Standard,SUPERSEDES,0.95,IS 15475 : Part 1 : 2022 (2022) chronologically supersedes IS 15475 : Part 2 (B) : 2004 (2019)
IS_15477_2019,IS 15477 : 2019,Standard,IS_15477,IS 15477,Standard,SUPERSEDES,0.95,IS 15477 : 2019 (2019) chronologically supersedes IS 15477 (2004)
IS_15489_2013,IS 15489 : 2013,Standard,IS_15489,IS 15489,Standard,SUPERSEDES,0.95,IS 15489 : 2013 (2018) chronologically supersedes IS 15489 (2004)
IS_15490_2017,IS 15490 : 2017,Standard,IS_15490,IS 15490,Standard,SUPERSEDES,0.95,IS 15490 : 2017 (2017) chronologically supersedes IS 15490 (2004)
IS_15493_2021,IS 15493 : 2021,Standard,IS_15493,IS 15493,Standard,SUPERSEDES,0.95,IS 15493 : 2021 (2021) chronologically supersedes IS 15493 (2004)
IS_15495_2020,IS 15495 : 2020,Standard,IS_15495,IS 15495,Standard,SUPERSEDES,0.95,IS 15495 : 2020 (2020) chronologically supersedes IS 15495 (2004)
IS_15498_2023,IS 15498 : 2023,Standard,IS_15498,IS 15498,Standard,SUPERSEDES,0.95,IS 15498 : 2023 (2023) chronologically supersedes IS 15498 (2004)
IS_15519_2020,IS 15519 : 2020,Standard,IS_15519,IS 15519,Standard,SUPERSEDES,0.95,IS 15519 : 2020 (2020) chronologically supersedes IS 15519 (2004)
IS_15523_2018,IS 15523 : 2018,Standard,IS_15523,IS 15523,Standard,SUPERSEDES,0.95,IS 15523 : 2018 (2018) chronologically supersedes IS 15523 (2004)
IS_15573_2018,IS 15573 : 2018,Standard,IS_15573,IS 15573,Standard,SUPERSEDES,0.95,IS 15573 : 2018 (2018) chronologically supersedes IS 15573 (2005)
IS_15607_2022,IS 15607 : 2022,Standard,IS_15607,IS 15607,Standard,SUPERSEDES,0.95,IS 15607 : 2022 (2022) chronologically supersedes IS 15607 (2005)
IS_15608_2018,IS 15608 : 2018,Standard,IS_15608,IS 15608,Standard,SUPERSEDES,0.95,IS 15608 : 2018 (2018) chronologically supersedes IS 15608 (2005)
IS_1561_2023,IS 1561 : 2023,Standard,IS_1561,IS 1561,Standard,SUPERSEDES,0.95,IS 1561 : 2023 (2023) chronologically supersedes IS 1561 (1989)
IS_15622_2017,IS 15622 : 2017,Standard,IS_15622,IS 15622,Standard,SUPERSEDES,0.95,IS 15622 : 2017 (2017) chronologically supersedes IS 15622 (2006)
IS_15627_2022,IS 15627 : 2022,Standard,IS_15627,IS 15627,Standard,SUPERSEDES,0.95,IS 15627 : 2022 (2022) chronologically supersedes IS 15627 (2005)
IS_1563_2023,IS 1563 : 2023,Standard,IS_1563,IS 1563,Standard,SUPERSEDES,0.95,IS 1563 : 2023 (2023) chronologically supersedes IS 1563 (1989)
IS_15633_2022,IS 15633 : 2022,Standard,IS_15633,IS 15633,Standard,SUPERSEDES,0.95,IS 15633 : 2022 (2022) chronologically supersedes IS 15633 (2005)
IS_15636_2022,IS 15636 : 2022,Standard,IS_15636,IS 15636,Standard,SUPERSEDES,0.95,IS 15636 : 2022 (2022) chronologically supersedes IS 15636 (2012)
IS_15658_2021,IS 15658 : 2021,Standard,IS_15658,IS 15658,Standard,SUPERSEDES,0.95,IS 15658 : 2021 (2021) chronologically supersedes IS 15658 (2006)
IS_15660_2017,IS 15660 : 2017,Standard,IS_15660,IS 15660,Standard,SUPERSEDES,0.95,IS 15660 : 2017 (2017) chronologically supersedes IS 15660 (2006)
IS_15680_2021,IS 15680 : 2021,Standard,IS_15680,IS 15680,Standard,SUPERSEDES,0.95,IS 15680 : 2021 (2021) chronologically supersedes IS 15680 (2006)
IS_15683_2018,IS 15683 : 2018,Standard,IS_15683,IS 15683,Standard,SUPERSEDES,0.95,IS 15683 : 2018 (2019) chronologically supersedes IS 15683 (2006)
IS_15700_2018,IS 15700 : 2018,Standard,IS_15700,IS 15700,Standard,SUPERSEDES,0.95,IS 15700 : 2018 (2018) chronologically supersedes IS 15700 (2005)
IS_15704_2018,IS 15704 : 2018,Standard,IS_15704,IS 15704,Standard,SUPERSEDES,0.95,IS 15704 : 2018 (2018) chronologically supersedes IS 15704 (2006)
IS_15709_2018,IS 15709 : 2018,Standard,IS_15709,IS 15709,Standard,SUPERSEDES,0.95,IS 15709 : 2018 (2018) chronologically supersedes IS 15709 (2006)
IS_1571_2018,IS 1571 : 2018,Standard,IS_1571,IS 1571,Standard,SUPERSEDES,0.95,IS 1571 : 2018 (2018) chronologically supersedes IS 1571 (2008)
IS_15731_2018,IS 15731 : 2018,Standard,IS_15731,IS 15731,Standard,SUPERSEDES,0.95,IS 15731 : 2018 (2018) chronologically supersedes IS 15731 (2006)
IS_15757_2022,IS 15757 : 2022,Standard,IS_15757,IS 15757,Standard,SUPERSEDES,0.95,IS 15757 : 2022 (2022) chronologically supersedes IS 15757 (2007)
IS_1577_2019,IS 1577 : 2019,Standard,IS_1577,IS 1577,Standard,SUPERSEDES,0.95,IS 1577 : 2019 (2019) chronologically supersedes IS 1577 (2000)
IS_15770_2021,IS 15770 : 2021,Standard,IS_15770,IS 15770,Standard,SUPERSEDES,0.95,IS 15770 : 2021 (2021) chronologically supersedes IS 15770 (2008)
IS_15774_2018,IS 15774 : 2018,Standard,IS_15774,IS 15774,Standard,SUPERSEDES,0.95,IS 15774 : 2018 (2018) chronologically supersedes IS 15774 (2007)
IS_1578_2018,IS 1578 : 2018,Standard,IS_1578,IS 1578,Standard,SUPERSEDES,0.95,IS 1578 : 2018 (2018) chronologically supersedes IS 1578 (1989)
IS_15798_Part_1_2021,IS 15798 : Part 1 : 2021,Standard,IS_15798,IS 15798,Standard,SUPERSEDES,0.95,IS 15798 : Part 1 : 2021 (2021) chronologically supersedes IS 15798 (2007)
IS_15799_2021,IS 15799 : 2021,Standard,IS_15799,IS 15799,Standard,SUPERSEDES,0.95,IS 15799 : 2021 (2021) chronologically supersedes IS 15799 (2008)
IS_158_2015,IS 158 : 2015,Standard,IS_158,IS 158,Standard,SUPERSEDES,0.95,IS 158 : 2015 (2018) chronologically supersedes IS 158 (1981)
IS_15806_2018,IS 15806 : 2018,Standard,IS_15806,IS 15806,Standard,SUPERSEDES,0.95,IS 15806 : 2018 (2019) chronologically supersedes IS 15806 (2008)
IS_15809_2017,IS 15809 : 2017,Standard,IS_15809,IS 15809,Standard,SUPERSEDES,0.95,IS 15809 : 2017 (2017) chronologically supersedes IS 15809 (2008)
IS_1582_2017,IS 1582 : 2017,Standard,IS_1582,IS 1582,Standard,SUPERSEDES,0.95,IS 1582 : 2017 (2017) chronologically supersedes IS 1582 (1968)
IS_15827_2019,IS 15827 : 2019,Standard,IS_15827,IS 15827,Standard,SUPERSEDES,0.95,IS 15827 : 2019 (2019) chronologically supersedes IS 15827 (2009)
IS_15832_2022,IS 15832 : 2022,Standard,IS_15832,IS 15832,Standard,SUPERSEDES,0.95,IS 15832 : 2022 (2022) chronologically supersedes IS 15832 (2008)
IS_15834_2020,IS 15834 : 2020,Standard,IS_15834,IS 15834,Standard,SUPERSEDES,0.95,IS 15834 : 2020 (2021) chronologically supersedes IS 15834 (2008)
IS_15844_Part_1_2023,IS 15844 : Part 1 : 2023,Standard,IS_15844,IS 15844,Standard,SUPERSEDES,0.95,IS 15844 : Part 1 : 2023 (2023) chronologically supersedes IS 15844 (2010)
IS_15869_2020,IS 15869 : 2020,Standard,IS_15869,IS 15869,Standard,SUPERSEDES,0.95,IS 15869 : 2020 (2020) chronologically supersedes IS 15869 (2008)
IS_1587_2017,IS 1587 : 2017,Standard,IS_1587,IS 1587,Standard,SUPERSEDES,0.95,IS 1587 : 2017 (2017) chronologically supersedes IS 1587 (1984)
IS_15883_Part_12_2016,IS 15883 : Part 12 : 2016,Standard,IS_15883_Part_8_2015,IS 15883 : Part 8 : 2015,Standard,SUPERSEDES,0.95,IS 15883 : Part 12 : 2016 (2017) chronologically supersedes IS 15883 : Part 8 : 2015 (2016)
IS_15883_Part_5_2013,IS 15883 : Part 5 : 2013,Standard,IS_15883_Part_12_2016,IS 15883 : Part 12 : 2016,Standard,SUPERSEDES,0.95,IS 15883 : Part 5 : 2013 (2018) chronologically supersedes IS 15883 : Part 12 : 2016 (2017)
IS_15883_Part_3_2015,IS 15883 : Part 3 : 2015,Standard,IS_15883_Part_5_2013,IS 15883 : Part 5 : 2013,Standard,SUPERSEDES,0.95,IS 15883 : Part 3 : 2015 (2019) chronologically supersedes IS 15883 : Part 5 : 2013 (2018)
IS_15883_Part_10_2021,IS 15883 : Part 10 : 2021,Standard,IS_15883_Part_3_2015,IS 15883 : Part 3 : 2015,Standard,SUPERSEDES,0.95,IS 15883 : Part 10 : 2021 (2021) chronologically supersedes IS 15883 : Part 3 : 2015 (2019)
IS_15894_2018,IS 15894 : 2018,Standard,IS_15894,IS 15894,Standard,SUPERSEDES,0.95,IS 15894 : 2018 (2018) chronologically supersedes IS 15894 (2011)
IS_15895_2018,IS 15895 : 2018,Standard,IS_15895,IS 15895,Standard,SUPERSEDES,0.95,IS 15895 : 2018 (2018) chronologically supersedes IS 15895 (2011)
IS_15906_2010,IS 15906 : 2010,Standard,IS_15906,IS 15906,Standard,SUPERSEDES,0.95,IS 15906 : 2010 (2017) chronologically supersedes IS 15906 (2011)
IS_15908_2021,IS 15908 : 2021,Standard,IS_15908,IS 15908,Standard,SUPERSEDES,0.95,IS 15908 : 2021 (2021) chronologically supersedes IS 15908 (2011)
IS_15909_2020,IS 15909 : 2020,Standard,IS_15909,IS 15909,Standard,SUPERSEDES,0.95,IS 15909 : 2020 (2021) chronologically supersedes IS 15909 (2010)
IS_15916_2020,IS 15916 : 2020,Standard,IS_15916,IS 15916,Standard,SUPERSEDES,0.95,IS 15916 : 2020 (2021) chronologically supersedes IS 15916 (2011)
IS_15917_2020,IS 15917 : 2020,Standard,IS_15917,IS 15917,Standard,SUPERSEDES,0.95,IS 15917 : 2020 (2021) chronologically supersedes IS 15917 (2010)
IS_1593_2018,IS 1593 : 2018,Standard,IS_1593,IS 1593,Standard,SUPERSEDES,0.95,IS 1593 : 2018 (2018) chronologically supersedes IS 1593 (1982)
IS_15930_Part_7_2018,IS 15930 : Part 7 : 2018,Standard,IS_15930_Part_5_2017,IS 15930 : Part 5 : 2017,Standard,SUPERSEDES,0.95,IS 15930 : Part 7 : 2018 (2018) chronologically supersedes IS 15930 : Part 5 : 2017 (2017)
IS_15930_Part_3_2019,IS 15930 : Part 3 : 2019,Standard,IS_15930_Part_7_2018,IS 15930 : Part 7 : 2018,Standard,SUPERSEDES,0.95,IS 15930 : Part 3 : 2019 (2019) chronologically supersedes IS 15930 : Part 7 : 2018 (2018)
IS_15935_2021,IS 15935 : 2021,Standard,IS_15935,IS 15935,Standard,SUPERSEDES,0.95,IS 15935 : 2021 (2021) chronologically supersedes IS 15935 (2011)
IS_15942_Part_1_2022,IS 15942 : Part 1 : 2022,Standard,IS_15942,IS 15942,Standard,SUPERSEDES,0.95,IS 15942 : Part 1 : 2022 (2022) chronologically supersedes IS 15942 (2011)
IS_15958_2023,IS 15958 : 2023,Standard,IS_15958,IS 15958,Standard,SUPERSEDES,0.95,IS 15958 : 2023 (2023) chronologically supersedes IS 15958 (2012)
IS_15959_Part_1_2011,IS 15959 : Part 1 : 2011,Standard,IS_15959,IS 15959,Standard,SUPERSEDES,0.95,IS 15959 : Part 1 : 2011 (2017) chronologically supersedes IS 15959 (2011)
IS_15959_Part_2_2016,IS 15959 : Part 2 : 2016,Standard,IS_15959_Part_1_2011,IS 15959 : Part 1 : 2011,Standard,SUPERSEDES,0.95,IS 15959 : Part 2 : 2016 (2019) chronologically supersedes IS 15959 : Part 1 : 2011 (2017)
IS_16008_Part_1_2016,IS 16008 : Part 1 : 2016,Standard,IS_16008,IS 16008,Standard,SUPERSEDES,0.95,IS 16008 : Part 1 : 2016 (2018) chronologically supersedes IS 16008 (2012)
IS_16013_2018,IS 16013 : 2018,Standard,IS_16013,IS 16013,Standard,SUPERSEDES,0.95,IS 16013 : 2018 (2018) chronologically supersedes IS 16013 (2012)
IS_16014_2018,IS 16014 : 2018,Standard,IS_16014,IS 16014,Standard,SUPERSEDES,0.95,IS 16014 : 2018 (2019) chronologically supersedes IS 16014 (2012)
IS_1604_2022,IS 1604 : 2022,Standard,IS_1604,IS 1604,Standard,SUPERSEDES,0.95,IS 1604 : 2022 (2022) chronologically supersedes IS 1604 (2012)
IS_1605_2022,IS 1605 : 2022,Standard,IS_1605,IS 1605,Standard,SUPERSEDES,0.95,IS 1605 : 2022 (2022) chronologically supersedes IS 1605 (1977)
IS_16066_2017,IS 16066 : 2017,Standard,IS_16066,IS 16066,Standard,SUPERSEDES,0.95,IS 16066 : 2017 (2017) chronologically supersedes IS 16066 (2012)
IS_16087_2016,IS 16087 : 2016,Standard,IS_16087,IS 16087,Standard,SUPERSEDES,0.95,IS 16087 : 2016 (2016) chronologically supersedes IS 16087 (2013)
IS_1610_2018,IS 1610 : 2018,Standard,IS_1610,IS 1610,Standard,SUPERSEDES,0.95,IS 1610 : 2018 (2018) chronologically supersedes IS 1610 (2000)
IS_16150_Part_1_2023,IS 16150 : Part 1 : 2023,Standard,IS_16150_Part_2_2014,IS 16150 : Part 2 : 2014,Standard,SUPERSEDES,0.95,IS 16150 : Part 1 : 2023 (2023) chronologically supersedes IS 16150 : Part 2 : 2014 (2019)
IS_1619_2023,IS 1619 : 2023,Standard,IS_1619,IS 1619,Standard,SUPERSEDES,0.95,IS 1619 : 2023 (2023) chronologically supersedes IS 1619 (1976)
IS_16192_Part_1_2014,IS 16192 : Part 1 : 2014,Standard,IS_16192_Part_3_2018,IS 16192 : Part 3 : 2018,Standard,SUPERSEDES,0.95,IS 16192 : Part 1 : 2014 (2019) chronologically supersedes IS 16192 : Part 3 : 2018 (2018)
IS_16205_Part_24_2017,IS 16205 : Part 24 : 2017,Standard,IS_16205_Part_1_2017,IS 16205 : Part 1 : 2017,Standard,SUPERSEDES,0.95,IS 16205 : Part 24 : 2017 (2018) chronologically supersedes IS 16205 : Part 1 : 2017 (2017)
IS_16333_Part_3_2022,IS 16333 : Part 3 : 2022,Standard,IS_16333_Part_1_2015,IS 16333 : Part 1 : 2015,Standard,SUPERSEDES,0.95,IS 16333 : Part 3 : 2022 (2022) chronologically supersedes IS 16333 : Part 1 : 2015 (2019)
IS_16336_Part_2_2015,IS 16336 : Part 2 : 2015,Standard,IS_16336_Part_1_2015,IS 16336 : Part 1 : 2015,Standard,SUPERSEDES,0.95,IS 16336 : Part 2 : 2015 (2019) chronologically supersedes IS 16336 : Part 1 : 2015 (2016)
IS_1637_2023,IS 1637 : 2023,Standard,IS_1637,IS 1637,Standard,SUPERSEDES,0.95,IS 1637 : 2023 (2023) chronologically supersedes IS 1637 (1971)
IS_164_2023,IS 164 : 2023,Standard,IS_164,IS 164,Standard,SUPERSEDES,0.95,IS 164 : 2023 (2023) chronologically supersedes IS 164 (1981)
IS_1641_2013,IS 1641 : 2013,Standard,IS_1641,IS 1641,Standard,SUPERSEDES,0.95,IS 1641 : 2013 (2018) chronologically supersedes IS 1641 (1988)
IS_1642_2013,IS 1642 : 2013,Standard,IS_1642,IS 1642,Standard,SUPERSEDES,0.95,IS 1642 : 2013 (2018) chronologically supersedes IS 1642 (1989)
IS_1643_2013,IS 1643 : 2013,Standard,IS_1643,IS 1643,Standard,SUPERSEDES,0.95,IS 1643 : 2013 (2018) chronologically supersedes IS 1643 (1988)
IS_16444_Part_2_2017,IS 16444 : Part 2 : 2017,Standard,IS_16444_Part_1_2015,IS 16444 : Part 1 : 2015,Standard,SUPERSEDES,0.95,IS 16444 : Part 2 : 2017 (2017) chronologically supersedes IS 16444 : Part 1 : 2015 (2015)
IS_1646_2015,IS 1646 : 2015,Standard,IS_1646,IS 1646,Standard,SUPERSEDES,0.95,IS 1646 : 2015 (2018) chronologically supersedes IS 1646 (1997)
IS_16476_Part_2_2018,IS 16476 : Part 2 : 2018,Standard,IS_16476_Part_1_2017,IS 16476 : Part 1 : 2017,Standard,SUPERSEDES,0.95,IS 16476 : Part 2 : 2018 (2018) chronologically supersedes IS 16476 : Part 1 : 2017 (2017)
IS_1651_2013,IS 1651 : 2013,Standard,IS_1651,IS 1651,Standard,SUPERSEDES,0.95,IS 1651 : 2013 (2019) chronologically supersedes IS 1651 (1991)
IS_16514_Part_2_2019,IS 16514 : Part 2 : 2019,Standard,IS_16514_Part_1_2018,IS 16514 : Part 1 : 2018,Standard,SUPERSEDES,0.95,IS 16514 : Part 2 : 2019 (2019) chronologically supersedes IS 16514 : Part 1 : 2018 (2018)
IS_1652_2013,IS 1652 : 2013,Standard,IS_1652,IS 1652,Standard,SUPERSEDES,0.95,IS 1652 : 2013 (2018) chronologically supersedes IS 1652 (1991)
IS_1655_2023,IS 1655 : 2023,Standard,IS_1655,IS 1655,Standard,SUPERSEDES,0.95,IS 1655 : 2023 (2023) chronologically supersedes IS 1655 (1991)
IS_16550_Part_2_2021,IS 16550 : Part 2 : 2021,Standard,IS_16550_Part_1_2016,IS 16550 : Part 1 : 2016,Standard,SUPERSEDES,0.95,IS 16550 : Part 2 : 2021 (2021) chronologically supersedes IS 16550 : Part 1 : 2016 (2018)
IS_1656_2022,IS 1656 : 2022,Standard,IS_1656,IS 1656,Standard,SUPERSEDES,0.95,IS 1656 : 2022 (2022) chronologically supersedes IS 1656 (2007)
IS_16614_Part_2_2022,IS 16614 : Part 2 : 2022,Standard,IS_16614_Part_1_2018,IS 16614 : Part 1 : 2018,Standard,SUPERSEDES,0.95,IS 16614 : Part 2 : 2022 (2022) chronologically supersedes IS 16614 : Part 1 : 2018 (2018)
IS_16630_Part_1_2018,IS 16630 : Part 1 : 2018,Standard,IS_16630_Part_2_2017,IS 16630 : Part 2 : 2017,Standard,SUPERSEDES,0.95,IS 16630 : Part 1 : 2018 (2018) chronologically supersedes IS 16630 : Part 2 : 2017 (2017)
IS_16648_Part_4_2018,IS 16648 : Part 4 : 2018,Standard,IS_16648_Part_2_2017,IS 16648 : Part 2 : 2017,Standard,SUPERSEDES,0.95,IS 16648 : Part 4 : 2018 (2018) chronologically supersedes IS 16648 : Part 2 : 2017 (2017)
IS_168_2016,IS 168 : 2016,Standard,IS_168,IS 168,Standard,SUPERSEDES,0.95,IS 168 : 2016 (2019) chronologically supersedes IS 168 (1993)
IS_1680_2022,IS 1680 : 2022,Standard,IS_1680,IS 1680,Standard,SUPERSEDES,0.95,IS 1680 : 2022 (2023) chronologically supersedes IS 1680 (1982)
IS_1689_2023,IS 1689 : 2023,Standard,IS_1689,IS 1689,Standard,SUPERSEDES,0.95,IS 1689 : 2023 (2023) chronologically supersedes IS 1689 (1973)
IS_1691_Part_2_2017,IS 1691 : Part 2 : 2017,Standard,IS_1691,IS 1691,Standard,SUPERSEDES,0.95,IS 1691 : Part 2 : 2017 (2018) chronologically supersedes IS 1691 (1980)
IS_1695_2014,IS 1695 : 2014,Standard,IS_1695,IS 1695,Standard,SUPERSEDES,0.95,IS 1695 : 2014 (2019) chronologically supersedes IS 1695 (1994)
IS_170_2020,IS 170 : 2020,Standard,IS_170,IS 170,Standard,SUPERSEDES,0.95,IS 170 : 2020 (2020) chronologically supersedes IS 170 (2004)
IS_17017_Part_2_Sec_1_2020,IS 17017 : Part 2 : Sec 1 : 2020,Standard,IS_17017_Part_1_2018,IS 17017 : Part 1 : 2018,Standard,SUPERSEDES,0.95,IS 17017 : Part 2 : Sec 1 : 2020 (2020) chronologically supersedes IS 17017 : Part 1 : 2018 (2018)
IS_17017_Part_2_Sec_6_2021,IS 17017 : Part 2 : Sec 6 : 2021,Standard,IS_17017_Part_2_Sec_1_2020,IS 17017 : Part 2 : Sec 1 : 2020,Standard,SUPERSEDES,0.95,IS 17017 : Part 2 : Sec 6 : 2021 (2021) chronologically supersedes IS 17017 : Part 2 : Sec 1 : 2020 (2020)
IS_17017_Part_2_Sec_7_2023,IS 17017 : Part 2 : Sec 7 : 2023,Standard,IS_17017_Part_2_Sec_6_2021,IS 17017 : Part 2 : Sec 6 : 2021,Standard,SUPERSEDES,0.95,IS 17017 : Part 2 : Sec 7 : 2023 (2023) chronologically supersedes IS 17017 : Part 2 : Sec 6 : 2021 (2021)
IS_17055_Part_10_2020,IS 17055 : Part 10 : 2020,Standard,IS_17055_Part_1_2018,IS 17055 : Part 1 : 2018,Standard,SUPERSEDES,0.95,IS 17055 : Part 10 : 2020 (2020) chronologically supersedes IS 17055 : Part 1 : 2018 (2019)
IS_17055_Part_6_2021,IS 17055 : Part 6 : 2021,Standard,IS_17055_Part_10_2020,IS 17055 : Part 10 : 2020,Standard,SUPERSEDES,0.95,IS 17055 : Part 6 : 2021 (2021) chronologically supersedes IS 17055 : Part 10 : 2020 (2020)
IS_17077_Part_1_2022,IS 17077 : Part 1 : 2022,Standard,IS_17077_Part_2_2020,IS 17077 : Part 2 : 2020,Standard,SUPERSEDES,0.95,IS 17077 : Part 1 : 2022 (2022) chronologically supersedes IS 17077 : Part 2 : 2020 (2020)
IS_17080_Part_2_2020,IS 17080 : Part 2 : 2020,Standard,IS_17080_Part_1_2019,IS 17080 : Part 1 : 2019,Standard,SUPERSEDES,0.95,IS 17080 : Part 2 : 2020 (2020) chronologically supersedes IS 17080 : Part 1 : 2019 (2019)
IS_1710_2021,IS 1710 : 2021,Standard,IS_1710,IS 1710,Standard,SUPERSEDES,0.95,IS 1710 : 2021 (2021) chronologically supersedes IS 1710 (1989)
IS_1712_2022,IS 1712 : 2022,Standard,IS_1712,IS 1712,Standard,SUPERSEDES,0.95,IS 1712 : 2022 (2023) chronologically supersedes IS 1712 (1982)
IS_17128_Part_3_2021,IS 17128 : Part 3 : 2021,Standard,IS_17128_Part_1_2019,IS 17128 : Part 1 : 2019,Standard,SUPERSEDES,0.95,IS 17128 : Part 3 : 2021 (2021) chronologically supersedes IS 17128 : Part 1 : 2019 (2019)
IS_1713_2022,IS 1713 : 2022,Standard,IS_1713,IS 1713,Standard,SUPERSEDES,0.95,IS 1713 : 2022 (2022) chronologically supersedes IS 1713 (1986)
IS_17156_Part_2_2020,IS 17156 : Part 2 : 2020,Standard,IS_17156_Part_1_2019,IS 17156 : Part 1 : 2019,Standard,SUPERSEDES,0.95,IS 17156 : Part 2 : 2020 (2020) chronologically supersedes IS 17156 : Part 1 : 2019 (2019)
IS_1721_2023,IS 1721 : 2023,Standard,IS_1721,IS 1721,Standard,SUPERSEDES,0.95,IS 1721 : 2023 (2023) chronologically supersedes IS 1721 (1970)
IS_1723_2023,IS 1723 : 2023,Standard,IS_1723,IS 1723,Standard,SUPERSEDES,0.95,IS 1723 : 2023 (2023) chronologically supersedes IS 1723 (1973)
IS_1725_2023,IS 1725 : 2023,Standard,IS_1725,IS 1725,Standard,SUPERSEDES,0.95,IS 1725 : 2023 (2023) chronologically supersedes IS 1725 (1982)
IS_1729_2023,IS 1729 : 2023,Standard,IS_1729,IS 1729,Standard,SUPERSEDES,0.95,IS 1729 : 2023 (2023) chronologically supersedes IS 1729 (2002)
IS_1735_Part_1_2023,IS 1735 : Part 1 : 2023,Standard,IS_1735_Part_2_2013,IS 1735 : Part 2 : 2013,Standard,SUPERSEDES,0.95,IS 1735 : Part 1 : 2023 (2023) chronologically supersedes IS 1735 : Part 2 : 2013 (2018)
IS_1737_2023,IS 1737 : 2023,Standard,IS_1737,IS 1737,Standard,SUPERSEDES,0.95,IS 1737 : 2023 (2023) chronologically supersedes IS 1737 (1976)
IS_174_2022,IS 174 : 2022,Standard,IS_174,IS 174,Standard,SUPERSEDES,0.95,IS 174 : 2022 (2022) chronologically supersedes IS 174 (1983)
IS_1741_2019,IS 1741 : 2019,Standard,IS_1741,IS 1741,Standard,SUPERSEDES,0.95,IS 1741 : 2019 (2020) chronologically supersedes IS 1741 (1960)
IS_17424_Part_5_2021,IS 17424 : Part 5 : 2021,Standard,IS_17424_Part_1_2020,IS 17424 : Part 1 : 2020,Standard,SUPERSEDES,0.95,IS 17424 : Part 5 : 2021 (2022) chronologically supersedes IS 17424 : Part 1 : 2020 (2020)
IS_17441_Part_1_2021,IS 17441 : Part 1 : 2021,Standard,IS_17441_2020,IS 17441 : 2020,Standard,SUPERSEDES,0.95,IS 17441 : Part 1 : 2021 (2022) chronologically supersedes IS 17441 : 2020 (2020)
IS_1745_2018,IS 1745 : 2018,Standard,IS_1745,IS 1745,Standard,SUPERSEDES,0.95,IS 1745 : 2018 (2018) chronologically supersedes IS 1745 (1978)
IS_1747_2023,IS 1747 : 2023,Standard,IS_1747,IS 1747,Standard,SUPERSEDES,0.95,IS 1747 : 2023 (2023) chronologically supersedes IS 1747 (1972)
IS_175_2023,IS 175 : 2023,Standard,IS_175,IS 175,Standard,SUPERSEDES,0.95,IS 175 : 2023 (2023) chronologically supersedes IS 175 (1989)
IS_1752_2023,IS 1752 : 2023,Standard,IS_1752,IS 1752,Standard,SUPERSEDES,0.95,IS 1752 : 2023 (2023) chronologically supersedes IS 1752 (1973)
IS_1774_2022,IS 1774 : 2022,Standard,IS_1774,IS 1774,Standard,SUPERSEDES,0.95,IS 1774 : 2022 (2022) chronologically supersedes IS 1774 (1986)
IS_178_2022,IS 178 : 2022,Standard,IS_178,IS 178,Standard,SUPERSEDES,0.95,IS 178 : 2022 (2022) chronologically supersedes IS 178 (1984)
IS_17802_Part_2_2022,IS 17802 : Part 2 : 2022,Standard,IS_17802_Part_1_2021,IS 17802 : Part 1 : 2021,Standard,SUPERSEDES,0.95,IS 17802 : Part 2 : 2022 (2022) chronologically supersedes IS 17802 : Part 1 : 2021 (2021)
IS_1781_2022,IS 1781 : 2022,Standard,IS_1781,IS 1781,Standard,SUPERSEDES,0.95,IS 1781 : 2022 (2022) chronologically supersedes IS 1781 (1975)
IS_1784_2020,IS 1784 : 2020,Standard,IS_1784,IS 1784,Standard,SUPERSEDES,0.95,IS 1784 : 2020 (2020) chronologically supersedes IS 1784 (1998)
IS_17900_Part_1_2022,IS 17900 : Part 1 : 2022,Standard,IS_17900_Part_6_2022,IS 17900 : Part 6 : 2022,Standard,SUPERSEDES,0.95,IS 17900 : Part 1 : 2022 (2023) chronologically supersedes IS 17900 : Part 6 : 2022 (2022)
IS_1791_2020,IS 1791 : 2020,Standard,IS_1791,IS 1791,Standard,SUPERSEDES,0.95,IS 1791 : 2020 (2020) chronologically supersedes IS 1791 (1985)
IS_1793_2023,IS 1793 : 2023,Standard,IS_1793,IS 1793,Standard,SUPERSEDES,0.95,IS 1793 : 2023 (2023) chronologically supersedes IS 1793 (1973)
IS_1794_2023,IS 1794 : 2023,Standard,IS_1794,IS 1794,Standard,SUPERSEDES,0.95,IS 1794 : 2023 (2023) chronologically supersedes IS 1794 (1971)
IS_1796_2023,IS 1796 : 2023,Standard,IS_1796,IS 1796,Standard,SUPERSEDES,0.95,IS 1796 : 2023 (2023) chronologically supersedes IS 1796 (1986)
IS_1797_2017,IS 1797 : 2017,Standard,IS_1797,IS 1797,Standard,SUPERSEDES,0.95,IS 1797 : 2017 (2017) chronologically supersedes IS 1797 (1985)
IS_1798_2022,IS 1798 : 2022,Standard,IS_1798,IS 1798,Standard,SUPERSEDES,0.95,IS 1798 : 2022 (2022) chronologically supersedes IS 1798 (2010)
IS_1801_2016,IS 1801 : 2016,Standard,IS_1801,IS 1801,Standard,SUPERSEDES,0.95,IS 1801 : 2016 (2016) chronologically supersedes IS 1801 (1997)
IS_1803_2022,IS 1803 : 2022,Standard,IS_1803,IS 1803,Standard,SUPERSEDES,0.95,IS 1803 : 2022 (2022) chronologically supersedes IS 1803 (1973)
IS_1806_2018,IS 1806 : 2018,Standard,IS_1806,IS 1806,Standard,SUPERSEDES,0.95,IS 1806 : 2018 (2018) chronologically supersedes IS 1806 (1975)
IS_181_2022,IS 181 : 2022,Standard,IS_181,IS 181,Standard,SUPERSEDES,0.95,IS 181 : 2022 (2022) chronologically supersedes IS 181 (1984)
IS_1814_2023,IS 1814 : 2023,Standard,IS_1814,IS 1814,Standard,SUPERSEDES,0.95,IS 1814 : 2023 (2023) chronologically supersedes IS 1814 (1990)
IS_182_2022,IS 182 : 2022,Standard,IS_182,IS 182,Standard,SUPERSEDES,0.95,IS 182 : 2022 (2022) chronologically supersedes IS 182 (1983)
IS_1843_2023,IS 1843 : 2023,Standard,IS_1843,IS 1843,Standard,SUPERSEDES,0.95,IS 1843 : 2023 (2023) chronologically supersedes IS 1843 (1963)
IS_1848_Part_1_2018,IS 1848 : Part 1 : 2018,Standard,IS_1848,IS 1848,Standard,SUPERSEDES,0.95,IS 1848 : Part 1 : 2018 (2019) chronologically supersedes IS 1848 (2007)
IS_1855_2022,IS 1855 : 2022,Standard,IS_1855,IS 1855,Standard,SUPERSEDES,0.95,IS 1855 : 2022 (2022) chronologically supersedes IS 1855 (2003)
IS_1856_2021,IS 1856 : 2021,Standard,IS_1856,IS 1856,Standard,SUPERSEDES,0.95,IS 1856 : 2021 (2022) chronologically supersedes IS 1856 (2005)
IS_1857_2021,IS 1857 : 2021,Standard,IS_1857,IS 1857,Standard,SUPERSEDES,0.95,IS 1857 : 2021 (2021) chronologically supersedes IS 1857 (1972)
IS_186_2022,IS 186 : 2022,Standard,IS_186,IS 186,Standard,SUPERSEDES,0.95,IS 186 : 2022 (2022) chronologically supersedes IS 186 (1983)
IS_187_2022,IS 187 : 2022,Standard,IS_187,IS 187,Standard,SUPERSEDES,0.95,IS 187 : 2022 (2022) chronologically supersedes IS 187 (1978)
IS_1872_2020,IS 1872 : 2020,Standard,IS_1872,IS 1872,Standard,SUPERSEDES,0.95,IS 1872 : 2020 (2020) chronologically supersedes IS 1872 (1961)
IS_1873_2019,IS 1873 : 2019,Standard,IS_1873,IS 1873,Standard,SUPERSEDES,0.95,IS 1873 : 2019 (2019) chronologically supersedes IS 1873 (1961)
IS_1874_2018,IS 1874 : 2018,Standard,IS_1874,IS 1874,Standard,SUPERSEDES,0.95,IS 1874 : 2018 (2019) chronologically supersedes IS 1874 (1992)
IS_1877_2023,IS 1877 : 2023,Standard,IS_1877,IS 1877,Standard,SUPERSEDES,0.95,IS 1877 : 2023 (2023) chronologically supersedes IS 1877 (1985)
IS_1883_2020,IS 1883 : 2020,Standard,IS_1883,IS 1883,Standard,SUPERSEDES,0.95,IS 1883 : 2020 (2021) chronologically supersedes IS 1883 (1983)
IS_1885_Part_34_2023,IS 1885 : Part 34 : 2023,Standard,IS_1885_Part_65_Sec_1_to_5_1988,IS 1885 : Part 65 : Sec 1 to 5 : 1988,Standard,SUPERSEDES,0.95,IS 1885 : Part 34 : 2023 (2023) chronologically supersedes IS 1885 : Part 65 : Sec 1 to 5 : 1988 (2019)
IS_189_2022,IS 189 : 2022,Standard,IS_189,IS 189,Standard,SUPERSEDES,0.95,IS 189 : 2022 (2022) chronologically supersedes IS 189 (1977)
IS_1892_2021,IS 1892 : 2021,Standard,IS_1892,IS 1892,Standard,SUPERSEDES,0.95,IS 1892 : 2021 (2022) chronologically supersedes IS 1892 (1979)
IS_1893_Part_1_2016,IS 1893 : Part 1 : 2016,Standard,IS_1893,IS 1893,Standard,SUPERSEDES,0.95,IS 1893 : Part 1 : 2016 (2017) chronologically supersedes IS 1893 (1984)
IS_1893_Part_3_2014,IS 1893 : Part 3 : 2014,Standard,IS_1893_Part_1_2016,IS 1893 : Part 1 : 2016,Standard,SUPERSEDES,0.95,IS 1893 : Part 3 : 2014 (2019) chronologically supersedes IS 1893 : Part 1 : 2016 (2017)
IS_1893_Part_6_2022,IS 1893 : Part 6 : 2022,Standard,IS_1893_Part_3_2014,IS 1893 : Part 3 : 2014,Standard,SUPERSEDES,0.95,IS 1893 : Part 6 : 2022 (2022) chronologically supersedes IS 1893 : Part 3 : 2014 (2019)
IS_1896_2023,IS 1896 : 2023,Standard,IS_1896,IS 1896,Standard,SUPERSEDES,0.95,IS 1896 : 2023 (2023) chronologically supersedes IS 1896 (1987)
IS_1904_2021,IS 1904 : 2021,Standard,IS_1904,IS 1904,Standard,SUPERSEDES,0.95,IS 1904 : 2021 (2021) chronologically supersedes IS 1904 (1986)
IS_1906_2023,IS 1906 : 2023,Standard,IS_1906,IS 1906,Standard,SUPERSEDES,0.95,IS 1906 : 2023 (2023) chronologically supersedes IS 1906 (1977)
IS_1907_2023,IS 1907 : 2023,Standard,IS_1907,IS 1907,Standard,SUPERSEDES,0.95,IS 1907 : 2023 (2023) chronologically supersedes IS 1907 (1984)
IS_1908_2020,IS 1908 : 2020,Standard,IS_1908,IS 1908,Standard,SUPERSEDES,0.95,IS 1908 : 2020 (2021) chronologically supersedes IS 1908 (2008)
IS_1909_2023,IS 1909 : 2023,Standard,IS_1909,IS 1909,Standard,SUPERSEDES,0.95,IS 1909 : 2023 (2023) chronologically supersedes IS 1909 (1992)
IS_1912_2023,IS 1912 : 2023,Standard,IS_1912,IS 1912,Standard,SUPERSEDES,0.95,IS 1912 : 2023 (2023) chronologically supersedes IS 1912 (1984)
IS_1916_2018,IS 1916 : 2018,Standard,IS_1916,IS 1916,Standard,SUPERSEDES,0.95,IS 1916 : 2018 (2018) chronologically supersedes IS 1916 (1989)
IS_1920_2023,IS 1920 : 2023,Standard,IS_1920,IS 1920,Standard,SUPERSEDES,0.95,IS 1920 : 2023 (2023) chronologically supersedes IS 1920 (1987)
IS_1925_2022,IS 1925 : 2022,Standard,IS_1925,IS 1925,Standard,SUPERSEDES,0.95,IS 1925 : 2022 (2022) chronologically supersedes IS 1925 (1992)
IS_1932_2022,IS 1932 : 2022,Standard,IS_1932,IS 1932,Standard,SUPERSEDES,0.95,IS 1932 : 2022 (2023) chronologically supersedes IS 1932 (1986)
IS_1934_2016,IS 1934 : 2016,Standard,IS_1934,IS 1934,Standard,SUPERSEDES,0.95,IS 1934 : 2016 (2016) chronologically supersedes IS 1934 (1982)
IS_1935_2022,IS 1935 : 2022,Standard,IS_1935,IS 1935,Standard,SUPERSEDES,0.95,IS 1935 : 2022 (2022) chronologically supersedes IS 1935 (1982)
IS_1938_2023,IS 1938 : 2023,Standard,IS_1938,IS 1938,Standard,SUPERSEDES,0.95,IS 1938 : 2023 (2023) chronologically supersedes IS 1938 (1990)
IS_1956_Part_3_2019,IS 1956 : Part 3 : 2019,Standard,IS_1956_Part_2_2018,IS 1956 : Part 2 : 2018,Standard,SUPERSEDES,0.95,IS 1956 : Part 3 : 2019 (2019) chronologically supersedes IS 1956 : Part 2 : 2018 (2018)
IS_1963,IS 1963,Standard,IS_1963_1981,IS 1963 : 1981,Standard,SUPERSEDES,0.95,IS 1963 (2004) chronologically supersedes IS 1963 : 1981 (1981)
IS_1967_2022,IS 1967 : 2022,Standard,IS_1967,IS 1967,Standard,SUPERSEDES,0.95,IS 1967 : 2022 (2022) chronologically supersedes IS 1967 (1961)
IS_1971_2023,IS 1971 : 2023,Standard,IS_1971,IS 1971,Standard,SUPERSEDES,0.95,IS 1971 : 2023 (2023) chronologically supersedes IS 1971 (1996)
IS_1981_2018,IS 1981 : 2018,Standard,IS_1981,IS 1981,Standard,SUPERSEDES,0.95,IS 1981 : 2018 (2019) chronologically supersedes IS 1981 (1978)
IS_1982_2015,IS 1982 : 2015,Standard,IS_1982,IS 1982,Standard,SUPERSEDES,0.95,IS 1982 : 2015 (2019) chronologically supersedes IS 1982 (1971)
IS_2_2022,IS 2 : 2022,Standard,IS_2,IS 2,Standard,SUPERSEDES,0.95,IS 2 : 2022 (2022) chronologically supersedes IS 2 (1960)
IS_201_2022,IS 201 : 2022,Standard,IS_201,IS 201,Standard,SUPERSEDES,0.95,IS 201 : 2022 (2022) chronologically supersedes IS 201 (1992)
IS_2018_2023,IS 2018 : 2023,Standard,IS_2018,IS 2018,Standard,SUPERSEDES,0.95,IS 2018 : 2023 (2023) chronologically supersedes IS 2018 (1998)
IS_2027_2023,IS 2027 : 2023,Standard,IS_2027,IS 2027,Standard,SUPERSEDES,0.95,IS 2027 : 2023 (2023) chronologically supersedes IS 2027 (1992)
IS_2033_2022,IS 2033 : 2022,Standard,IS_2033,IS 2033,Standard,SUPERSEDES,0.95,IS 2033 : 2022 (2022) chronologically supersedes IS 2033 (1977)
IS_2052_2023,IS 2052 : 2023,Standard,IS_2052,IS 2052,Standard,SUPERSEDES,0.95,IS 2052 : 2023 (2023) chronologically supersedes IS 2052 (2009)
IS_2058_2023,IS 2058 : 2023,Standard,IS_2058,IS 2058,Standard,SUPERSEDES,0.95,IS 2058 : 2023 (2023) chronologically supersedes IS 2058 (1973)
IS_2074_Part_1_2015,IS 2074 : Part 1 : 2015,Standard,IS_2074,IS 2074,Standard,SUPERSEDES,0.95,IS 2074 : Part 1 : 2015 (2018) chronologically supersedes IS 2074 (1992)
IS_2074_2023,IS 2074 : 2023,Standard,IS_2074_Part_1_2015,IS 2074 : Part 1 : 2015,Standard,SUPERSEDES,0.95,IS 2074 : 2023 (2023) chronologically supersedes IS 2074 : Part 1 : 2015 (2018)
IS_2075_2017,IS 2075 : 2017,Standard,IS_2075,IS 2075,Standard,SUPERSEDES,0.95,IS 2075 : 2017 (2017) chronologically supersedes IS 2075 (2000)
IS_2077_2014,IS 2077 : 2014,Standard,IS_2077,IS 2077,Standard,SUPERSEDES,0.95,IS 2077 : 2014 (2017) chronologically supersedes IS 2077 (1996)
IS_2079_2022,IS 2079 : 2022,Standard,IS_2079,IS 2079,Standard,SUPERSEDES,0.95,IS 2079 : 2022 (2022) chronologically supersedes IS 2079 (1982)
IS_208_2020,IS 208 : 2020,Standard,IS_208,IS 208,Standard,SUPERSEDES,0.95,IS 208 : 2020 (2021) chronologically supersedes IS 208 (1996)
IS_2080_2021,IS 2080 : 2021,Standard,IS_2080,IS 2080,Standard,SUPERSEDES,0.95,IS 2080 : 2021 (2021) chronologically supersedes IS 2080 (1980)
IS_2082_2018,IS 2082 : 2018,Standard,IS_2082,IS 2082,Standard,SUPERSEDES,0.95,IS 2082 : 2018 (2018) chronologically supersedes IS 2082 (1993)
IS_2088_2023,IS 2088 : 2023,Standard,IS_2088,IS 2088,Standard,SUPERSEDES,0.95,IS 2088 : 2023 (2023) chronologically supersedes IS 2088 (1983)
IS_2094_Part_3_2020,IS 2094 : Part 3 : 2020,Standard,IS_2094_Part_1_2020,IS 2094 : Part 1 : 2020,Standard,SUPERSEDES,0.95,IS 2094 : Part 3 : 2020 (2021) chronologically supersedes IS 2094 : Part 1 : 2020 (2020)
IS_2095_Part_1_2023,IS 2095 : Part 1 : 2023,Standard,IS_2095_Part_2_2022,IS 2095 : Part 2 : 2022,Standard,SUPERSEDES,0.95,IS 2095 : Part 1 : 2023 (2023) chronologically supersedes IS 2095 : Part 2 : 2022 (2022)
IS_2111_2018,IS 2111 : 2018,Standard,IS_2111,IS 2111,Standard,SUPERSEDES,0.95,IS 2111 : 2018 (2019) chronologically supersedes IS 2111 (1973)
IS_2112_2014,IS 2112 : 2014,Standard,IS_2112,IS 2112,Standard,SUPERSEDES,0.95,IS 2112 : 2014 (2019) chronologically supersedes IS 2112 (2003)
IS_2113_2014,IS 2113 : 2014,Standard,IS_2113,IS 2113,Standard,SUPERSEDES,0.95,IS 2113 : 2014 (2019) chronologically supersedes IS 2113 (2002)
IS_2114_2018,IS 2114 : 2018,Standard,IS_2114,IS 2114,Standard,SUPERSEDES,0.95,IS 2114 : 2018 (2018) chronologically supersedes IS 2114 (1984)
IS_212_2021,IS 212 : 2021,Standard,IS_212,IS 212,Standard,SUPERSEDES,0.95,IS 212 : 2021 (2021) chronologically supersedes IS 212 (1983)
IS_2124_2023,IS 2124 : 2023,Standard,IS_2124,IS 2124,Standard,SUPERSEDES,0.95,IS 2124 : 2023 (2023) chronologically supersedes IS 2124 (2000)
IS_2136_2023,IS 2136 : 2023,Standard,IS_2136,IS 2136,Standard,SUPERSEDES,0.95,IS 2136 : 2023 (2023) chronologically supersedes IS 2136 (1988)
IS_2142_2023,IS 2142 : 2023,Standard,IS_2142,IS 2142,Standard,SUPERSEDES,0.95,IS 2142 : 2023 (2023) chronologically supersedes IS 2142 (1992)
IS_2151_2022,IS 2151 : 2022,Standard,IS_2151,IS 2151,Standard,SUPERSEDES,0.95,IS 2151 : 2022 (2022) chronologically supersedes IS 2151 (1985)
IS_2152_2013,IS 2152 : 2013,Standard,IS_2152,IS 2152,Standard,SUPERSEDES,0.95,IS 2152 : 2013 (2019) chronologically supersedes IS 2152 (1972)
IS_2153_2022,IS 2153 : 2022,Standard,IS_2153,IS 2153,Standard,SUPERSEDES,0.95,IS 2153 : 2022 (2022) chronologically supersedes IS 2153 (1985)
IS_2154_2014,IS 2154 : 2014,Standard,IS_2154,IS 2154,Standard,SUPERSEDES,0.95,IS 2154 : 2014 (2018) chronologically supersedes IS 2154 (1986)
IS_2157_2023,IS 2157 : 2023,Standard,IS_2157,IS 2157,Standard,SUPERSEDES,0.95,IS 2157 : 2023 (2023) chronologically supersedes IS 2157 (1991)
IS_2159_2023,IS 2159 : 2023,Standard,IS_2159,IS 2159,Standard,SUPERSEDES,0.95,IS 2159 : 2023 (2023) chronologically supersedes IS 2159 (1991)
IS_2160_2023,IS 2160 : 2023,Standard,IS_2160,IS 2160,Standard,SUPERSEDES,0.95,IS 2160 : 2023 (2023) chronologically supersedes IS 2160 (1991)
IS_2167_2019,IS 2167 : 2019,Standard,IS_2167,IS 2167,Standard,SUPERSEDES,0.95,IS 2167 : 2019 (2019) chronologically supersedes IS 2167 (1983)
IS_217_2018,IS 217 : 2018,Standard,IS_217,IS 217,Standard,SUPERSEDES,0.95,IS 217 : 2018 (2018) chronologically supersedes IS 217 (1988)
IS_2172_2023,IS 2172 : 2023,Standard,IS_2172,IS 2172,Standard,SUPERSEDES,0.95,IS 2172 : 2023 (2023) chronologically supersedes IS 2172 (1991)
IS_2173_2023,IS 2173 : 2023,Standard,IS_2173,IS 2173,Standard,SUPERSEDES,0.95,IS 2173 : 2023 (2023) chronologically supersedes IS 2173 (1991)
IS_2187_2023,IS 2187 : 2023,Standard,IS_2187,IS 2187,Standard,SUPERSEDES,0.95,IS 2187 : 2023 (2023) chronologically supersedes IS 2187 (1982)
IS_2202_Part_1_2023,IS 2202 : Part 1 : 2023,Standard,IS_2202_Part_2_2022,IS 2202 : Part 2 : 2022,Standard,SUPERSEDES,0.95,IS 2202 : Part 1 : 2023 (2023) chronologically supersedes IS 2202 : Part 2 : 2022 (2022)
IS_2210_2023,IS 2210 : 2023,Standard,IS_2210,IS 2210,Standard,SUPERSEDES,0.95,IS 2210 : 2023 (2023) chronologically supersedes IS 2210 (1988)
IS_2233_2023,IS 2233 : 2023,Standard,IS_2233,IS 2233,Standard,SUPERSEDES,0.95,IS 2233 : 2023 (2023) chronologically supersedes IS 2233 (1962)
IS_2234_2023,IS 2234 : 2023,Standard,IS_2234,IS 2234,Standard,SUPERSEDES,0.95,IS 2234 : 2023 (2023) chronologically supersedes IS 2234 (1989)
IS_2239_2022,IS 2239 : 2022,Standard,IS_2239,IS 2239,Standard,SUPERSEDES,0.95,IS 2239 : 2022 (2022) chronologically supersedes IS 2239 (1971)
IS_2246_2023,IS 2246 : 2023,Standard,IS_2246,IS 2246,Standard,SUPERSEDES,0.95,IS 2246 : 2023 (2023) chronologically supersedes IS 2246 (1963)
IS_2252_2018,IS 2252 : 2018,Standard,IS_2252,IS 2252,Standard,SUPERSEDES,0.95,IS 2252 : 2018 (2018) chronologically supersedes IS 2252 (2001)
IS_2258_2023,IS 2258 : 2023,Standard,IS_2258,IS 2258,Standard,SUPERSEDES,0.95,IS 2258 : 2023 (2023) chronologically supersedes IS 2258 (1981)
IS_2265,IS 2265,Standard,IS_2265_1978,IS 2265 : 1978,Standard,SUPERSEDES,0.95,IS 2265 (2009) chronologically supersedes IS 2265 : 1978 (1978)
IS_2266_2019,IS 2266 : 2019,Standard,IS_2266,IS 2266,Standard,SUPERSEDES,0.95,IS 2266 : 2019 (2019) chronologically supersedes IS 2266 (2002)
IS_229_2021,IS 229 : 2021,Standard,IS_229,IS 229,Standard,SUPERSEDES,0.95,IS 229 : 2021 (2021) chronologically supersedes IS 229 (1993)
IS_2314_Part_1_2023,IS 2314 : Part 1 : 2023,Standard,IS_2314,IS 2314,Standard,SUPERSEDES,0.95,IS 2314 : Part 1 : 2023 (2023) chronologically supersedes IS 2314 (1986)
IS_2315_2023,IS 2315 : 2023,Standard,IS_2315,IS 2315,Standard,SUPERSEDES,0.95,IS 2315 : 2023 (2023) chronologically supersedes IS 2315 (1978)
IS_2319_2023,IS 2319 : 2023,Standard,IS_2319,IS 2319,Standard,SUPERSEDES,0.95,IS 2319 : 2023 (2023) chronologically supersedes IS 2319 (1987)
IS_232_2020,IS 232 : 2020,Standard,IS_232,IS 232,Standard,SUPERSEDES,0.95,IS 232 : 2020 (2020) chronologically supersedes IS 232 (1985)
IS_2322_2023,IS 2322 : 2023,Standard,IS_2322,IS 2322,Standard,SUPERSEDES,0.95,IS 2322 : 2023 (2023) chronologically supersedes IS 2322 (2010)
IS_2339_2013,IS 2339 : 2013,Standard,IS_2339,IS 2339,Standard,SUPERSEDES,0.95,IS 2339 : 2013 (2018) chronologically supersedes IS 2339 (1963)
IS_234_2013,IS 234 : 2013,Standard,IS_234,IS 234,Standard,SUPERSEDES,0.95,IS 234 : 2013 (2018) chronologically supersedes IS 234 (1973)
IS_2344_2022,IS 2344 : 2022,Standard,IS_2344,IS 2344,Standard,SUPERSEDES,0.95,IS 2344 : 2022 (2022) chronologically supersedes IS 2344 (1994)
IS_2347_2023,IS 2347 : 2023,Standard,IS_2347,IS 2347,Standard,SUPERSEDES,0.95,IS 2347 : 2023 (2023) chronologically supersedes IS 2347 (2006)
IS_2349_2022,IS 2349 : 2022,Standard,IS_2349,IS 2349,Standard,SUPERSEDES,0.95,IS 2349 : 2022 (2022) chronologically supersedes IS 2349 (1963)
IS_2350_2022,IS 2350 : 2022,Standard,IS_2350,IS 2350,Standard,SUPERSEDES,0.95,IS 2350 : 2022 (2022) chronologically supersedes IS 2350 (1963)
IS_2360_2023,IS 2360 : 2023,Standard,IS_2360,IS 2360,Standard,SUPERSEDES,0.95,IS 2360 : 2023 (2023) chronologically supersedes IS 2360 (1977)
IS_2363_2022,IS 2363 : 2022,Standard,IS_2363,IS 2363,Standard,SUPERSEDES,0.95,IS 2363 : 2022 (2022) chronologically supersedes IS 2363 (1981)
IS_2365_2018,IS 2365 : 2018,Standard,IS_2365,IS 2365,Standard,SUPERSEDES,0.95,IS 2365 : 2018 (2019) chronologically supersedes IS 2365 (1977)
IS_2369_2022,IS 2369 : 2022,Standard,IS_2369,IS 2369,Standard,SUPERSEDES,0.95,IS 2369 : 2022 (2022) chronologically supersedes IS 2369 (1967)
IS_2370_2014,IS 2370 : 2014,Standard,IS_2370,IS 2370,Standard,SUPERSEDES,0.95,IS 2370 : 2014 (2018) chronologically supersedes IS 2370 (1963)
IS_2372_2021,IS 2372 : 2021,Standard,IS_2372,IS 2372,Standard,SUPERSEDES,0.95,IS 2372 : 2021 (2021) chronologically supersedes IS 2372 (2004)
IS_2384_2023,IS 2384 : 2023,Standard,IS_2384,IS 2384,Standard,SUPERSEDES,0.95,IS 2384 : 2023 (2023) chronologically supersedes IS 2384 (1963)
IS_2400_2022,IS 2400 : 2022,Standard,IS_2400,IS 2400,Standard,SUPERSEDES,0.95,IS 2400 : 2022 (2022) chronologically supersedes IS 2400 (1976)
IS_2409_2019,IS 2409 : 2019,Standard,IS_2409,IS 2409,Standard,SUPERSEDES,0.95,IS 2409 : 2019 (2019) chronologically supersedes IS 2409 (1985)
IS_2415_2015,IS 2415 : 2015,Standard,IS_2415,IS 2415,Standard,SUPERSEDES,0.95,IS 2415 : 2015 (2019) chronologically supersedes IS 2415 (2004)
IS_2422_2015,IS 2422 : 2015,Standard,IS_2422,IS 2422,Standard,SUPERSEDES,0.95,IS 2422 : 2015 (2019) chronologically supersedes IS 2422 (1985)
IS_2427_2022,IS 2427 : 2022,Standard,IS_2427,IS 2427,Standard,SUPERSEDES,0.95,IS 2427 : 2022 (2022) chronologically supersedes IS 2427 (1968)
IS_2431_2022,IS 2431 : 2022,Standard,IS_2431,IS 2431,Standard,SUPERSEDES,0.95,IS 2431 : 2022 (2022) chronologically supersedes IS 2431 (1963)
IS_2438_2022,IS 2438 : 2022,Standard,IS_2438,IS 2438,Standard,SUPERSEDES,0.95,IS 2438 : 2022 (2022) chronologically supersedes IS 2438 (1963)
IS_2442_2023,IS 2442 : 2023,Standard,IS_2442,IS 2442,Standard,SUPERSEDES,0.95,IS 2442 : 2023 (2023) chronologically supersedes IS 2442 (1963)
IS_2447_2023,IS 2447 : 2023,Standard,IS_2447,IS 2447,Standard,SUPERSEDES,0.95,IS 2447 : 2023 (2023) chronologically supersedes IS 2447 (2010)
IS_2449_2023,IS 2449 : 2023,Standard,IS_2449,IS 2449,Standard,SUPERSEDES,0.95,IS 2449 : 2023 (2023) chronologically supersedes IS 2449 (1963)
IS_245_2020,IS 245 : 2020,Standard,IS_245,IS 245,Standard,SUPERSEDES,0.95,IS 245 : 2020 (2020) chronologically supersedes IS 245 (1988)
IS_2461_2023,IS 2461 : 2023,Standard,IS_2461,IS 2461,Standard,SUPERSEDES,0.95,IS 2461 : 2023 (2023) chronologically supersedes IS 2461 (1963)
IS_2463_2022,IS 2463 : 2022,Standard,IS_2463,IS 2463,Standard,SUPERSEDES,0.95,IS 2463 : 2022 (2022) chronologically supersedes IS 2463 (1981)
IS_2469_2023,IS 2469 : 2023,Standard,IS_2469,IS 2469,Standard,SUPERSEDES,0.95,IS 2469 : 2023 (2023) chronologically supersedes IS 2469 (1976)
IS_247_2023,IS 247 : 2023,Standard,IS_247,IS 247,Standard,SUPERSEDES,0.95,IS 247 : 2023 (2023) chronologically supersedes IS 247 (1987)
IS_248_2023,IS 248 : 2023,Standard,IS_248,IS 248,Standard,SUPERSEDES,0.95,IS 248 : 2023 (2023) chronologically supersedes IS 248 (1987)
IS_2485_2022,IS 2485 : 2022,Standard,IS_2485,IS 2485,Standard,SUPERSEDES,0.95,IS 2485 : 2022 (2022) chronologically supersedes IS 2485 (1979)
IS_2487_2023,IS 2487 : 2023,Standard,IS_2487,IS 2487,Standard,SUPERSEDES,0.95,IS 2487 : 2023 (2023) chronologically supersedes IS 2487 (1972)
IS_249_2022,IS 249 : 2022,Standard,IS_249,IS 249,Standard,SUPERSEDES,0.95,IS 249 : 2022 (2022) chronologically supersedes IS 249 (1979)
IS_2491_2013,IS 2491 : 2013,Standard,IS_2491,IS 2491,Standard,SUPERSEDES,0.95,IS 2491 : 2013 (2019) chronologically supersedes IS 2491 (1998)
IS_2492_2019,IS 2492 : 2019,Standard,IS_2492,IS 2492,Standard,SUPERSEDES,0.95,IS 2492 : 2019 (2020) chronologically supersedes IS 2492 (1976)
IS_250_2022,IS 250 : 2022,Standard,IS_250,IS 250,Standard,SUPERSEDES,0.95,IS 250 : 2022 (2022) chronologically supersedes IS 250 (1964)
IS_2505_2023,IS 2505 : 2023,Standard,IS_2505,IS 2505,Standard,SUPERSEDES,0.95,IS 2505 : 2023 (2023) chronologically supersedes IS 2505 (1992)
IS_2506_2022,IS 2506 : 2022,Standard,IS_2506,IS 2506,Standard,SUPERSEDES,0.95,IS 2506 : 2022 (2022) chronologically supersedes IS 2506 (1985)
IS_2508_2016,IS 2508 : 2016,Standard,IS_2508,IS 2508,Standard,SUPERSEDES,0.95,IS 2508 : 2016 (2016) chronologically supersedes IS 2508 (1984)
IS_2514_2023,IS 2514 : 2023,Standard,IS_2514,IS 2514,Standard,SUPERSEDES,0.95,IS 2514 : 2023 (2023) chronologically supersedes IS 2514 (1963)
IS_252_2013,IS 252 : 2013,Standard,IS_252,IS 252,Standard,SUPERSEDES,0.95,IS 252 : 2013 (2019) chronologically supersedes IS 252 (1991)
IS_2522_2023,IS 2522 : 2023,Standard,IS_2522,IS 2522,Standard,SUPERSEDES,0.95,IS 2522 : 2023 (2023) chronologically supersedes IS 2522 (1984)
IS_253_2014,IS 253 : 2014,Standard,IS_253,IS 253,Standard,SUPERSEDES,0.95,IS 253 : 2014 (2016) chronologically supersedes IS 253 (1985)
IS_2531_2023,IS 2531 : 2023,Standard,IS_2531,IS 2531,Standard,SUPERSEDES,0.95,IS 2531 : 2023 (2023) chronologically supersedes IS 2531 (1979)
IS_254_2023,IS 254 : 2023,Standard,IS_254,IS 254,Standard,SUPERSEDES,0.95,IS 254 : 2023 (2023) chronologically supersedes IS 254 (1973)
IS_2542_Part_2_Sec_1_to_8_1981,IS 2542 : Part 2 : Sec 1 to 8 : 1981,Standard,IS_2542_Part_1_Sec_1_to_12_1978,IS 2542 : Part 1 : Sec 1 to 12 : 1978,Standard,SUPERSEDES,0.95,IS 2542 : Part 2 : Sec 1 to 8 : 1981 (2018) chronologically supersedes IS 2542 : Part 1 : Sec 1 to 12 : 1978 (2016)
IS_2542_Part_1_Sec_1_2023,IS 2542 : Part 1 : Sec 1 : 2023,Standard,IS_2542_Part_2_Sec_1_to_8_1981,IS 2542 : Part 2 : Sec 1 to 8 : 1981,Standard,SUPERSEDES,0.95,IS 2542 : Part 1 : Sec 1 : 2023 (2023) chronologically supersedes IS 2542 : Part 2 : Sec 1 to 8 : 1981 (2018)
IS_2549_2023,IS 2549 : 2023,Standard,IS_2549,IS 2549,Standard,SUPERSEDES,0.95,IS 2549 : 2023 (2023) chronologically supersedes IS 2549 (1994)
IS_255_2023,IS 255 : 2023,Standard,IS_255,IS 255,Standard,SUPERSEDES,0.95,IS 255 : 2023 (2023) chronologically supersedes IS 255 (1982)
IS_2573_2023,IS 2573 : 2023,Standard,IS_2573,IS 2573,Standard,SUPERSEDES,0.95,IS 2573 : 2023 (2023) chronologically supersedes IS 2573 (1986)
IS_2605_2023,IS 2605 : 2023,Standard,IS_2605,IS 2605,Standard,SUPERSEDES,0.95,IS 2605 : 2023 (2023) chronologically supersedes IS 2605 (1985)
IS_261_2023,IS 261 : 2023,Standard,IS_261,IS 261,Standard,SUPERSEDES,0.95,IS 261 : 2023 (2023) chronologically supersedes IS 261 (1982)
IS_2616_2023,IS 2616 : 2023,Standard,IS_2616,IS 2616,Standard,SUPERSEDES,0.95,IS 2616 : 2023 (2023) chronologically supersedes IS 2616 (1963)
IS_262_2022,IS 262 : 2022,Standard,IS_262,IS 262,Standard,SUPERSEDES,0.95,IS 262 : 2022 (2022) chronologically supersedes IS 262 (1982)
IS_2621_2023,IS 2621 : 2023,Standard,IS_2621,IS 2621,Standard,SUPERSEDES,0.95,IS 2621 : 2023 (2023) chronologically supersedes IS 2621 (1976)
IS_2622_2023,IS 2622 : 2023,Standard,IS_2622,IS 2622,Standard,SUPERSEDES,0.95,IS 2622 : 2023 (2023) chronologically supersedes IS 2622 (1986)
IS_2630_2021,IS 2630 : 2021,Standard,IS_2630,IS 2630,Standard,SUPERSEDES,0.95,IS 2630 : 2021 (2021) chronologically supersedes IS 2630 (1992)
IS_2631_2020,IS 2631 : 2020,Standard,IS_2631,IS 2631,Standard,SUPERSEDES,0.95,IS 2631 : 2020 (2020) chronologically supersedes IS 2631 (1976)
IS_2632_2023,IS 2632 : 2023,Standard,IS_2632,IS 2632,Standard,SUPERSEDES,0.95,IS 2632 : 2023 (2023) chronologically supersedes IS 2632 (1964)
IS_265_2021,IS 265 : 2021,Standard,IS_265,IS 265,Standard,SUPERSEDES,0.95,IS 265 : 2021 (2021) chronologically supersedes IS 265 (1993)
IS_2689_2019,IS 2689 : 2019,Standard,IS_2689,IS 2689,Standard,SUPERSEDES,0.95,IS 2689 : 2019 (2019) chronologically supersedes IS 2689 (1964)
IS_2691_2017,IS 2691 : 2017,Standard,IS_2691,IS 2691,Standard,SUPERSEDES,0.95,IS 2691 : 2017 (2017) chronologically supersedes IS 2691 (1988)
IS_2694_2018,IS 2694 : 2018,Standard,IS_2694,IS 2694,Standard,SUPERSEDES,0.95,IS 2694 : 2018 (2018) chronologically supersedes IS 2694 (1963)
IS_2697_2023,IS 2697 : 2023,Standard,IS_2697,IS 2697,Standard,SUPERSEDES,0.95,IS 2697 : 2023 (2023) chronologically supersedes IS 2697 (1976)
IS_2699_2023,IS 2699 : 2023,Standard,IS_2699,IS 2699,Standard,SUPERSEDES,0.95,IS 2699 : 2023 (2023) chronologically supersedes IS 2699 (1982)
IS_27_2023,IS 27 : 2023,Standard,IS_27,IS 27,Standard,SUPERSEDES,0.95,IS 27 : 2023 (2023) chronologically supersedes IS 27 (1992)
IS_271_2020,IS 271 : 2020,Standard,IS_271,IS 271,Standard,SUPERSEDES,0.95,IS 271 : 2020 (2021) chronologically supersedes IS 271 (2003)
IS_2714_2023,IS 2714 : 2023,Standard,IS_2714,IS 2714,Standard,SUPERSEDES,0.95,IS 2714 : 2023 (2023) chronologically supersedes IS 2714 (1991)
IS_2715_2023,IS 2715 : 2023,Standard,IS_2715,IS 2715,Standard,SUPERSEDES,0.95,IS 2715 : 2023 (2023) chronologically supersedes IS 2715 (1991)
IS_2716_2013,IS 2716 : 2013,Standard,IS_2716,IS 2716,Standard,SUPERSEDES,0.95,IS 2716 : 2013 (2018) chronologically supersedes IS 2716 (1972)
IS_2722_2022,IS 2722 : 2022,Standard,IS_2722,IS 2722,Standard,SUPERSEDES,0.95,IS 2722 : 2022 (2022) chronologically supersedes IS 2722 (1964)
IS_2724_2017,IS 2724 : 2017,Standard,IS_2724,IS 2724,Standard,SUPERSEDES,0.95,IS 2724 : 2017 (2017) chronologically supersedes IS 2724 (1964)
IS_2725_2022,IS 2725 : 2022,Standard,IS_2725,IS 2725,Standard,SUPERSEDES,0.95,IS 2725 : 2022 (2022) chronologically supersedes IS 2725 (1964)
IS_2727_2022,IS 2727 : 2022,Standard,IS_2727,IS 2727,Standard,SUPERSEDES,0.95,IS 2727 : 2022 (2022) chronologically supersedes IS 2727 (1964)
IS_2740_2022,IS 2740 : 2022,Standard,IS_2740,IS 2740,Standard,SUPERSEDES,0.95,IS 2740 : 2022 (2022) chronologically supersedes IS 2740 (1986)
IS_2741_2022,IS 2741 : 2022,Standard,IS_2741,IS 2741,Standard,SUPERSEDES,0.95,IS 2741 : 2022 (2022) chronologically supersedes IS 2741 (1989)
IS_2744_2022,IS 2744 : 2022,Standard,IS_2744,IS 2744,Standard,SUPERSEDES,0.95,IS 2744 : 2022 (2022) chronologically supersedes IS 2744 (1984)
IS_2746_2023,IS 2746 : 2023,Standard,IS_2746,IS 2746,Standard,SUPERSEDES,0.95,IS 2746 : 2023 (2023) chronologically supersedes IS 2746 (1964)
IS_2764_2018,IS 2764 : 2018,Standard,IS_2764,IS 2764,Standard,SUPERSEDES,0.95,IS 2764 : 2018 (2017) chronologically supersedes IS 2764 (1980)
IS_277_2018,IS 277 : 2018,Standard,IS_277,IS 277,Standard,SUPERSEDES,0.95,IS 277 : 2018 (2018) chronologically supersedes IS 277 (2003)
IS_2779_2018,IS 2779 : 2018,Standard,IS_2779,IS 2779,Standard,SUPERSEDES,0.95,IS 2779 : 2018 (2019) chronologically supersedes IS 2779 (1980)
IS_2781_2020,IS 2781 : 2020,Standard,IS_2781,IS 2781,Standard,SUPERSEDES,0.95,IS 2781 : 2020 (2020) chronologically supersedes IS 2781 (2004)
IS_2782_2023,IS 2782 : 2023,Standard,IS_2782,IS 2782,Standard,SUPERSEDES,0.95,IS 2782 : 2023 (2023) chronologically supersedes IS 2782 (1964)
IS_2783_2023,IS 2783 : 2023,Standard,IS_2783,IS 2783,Standard,SUPERSEDES,0.95,IS 2783 : 2023 (2023) chronologically supersedes IS 2783 (1976)
IS_2784_2023,IS 2784 : 2023,Standard,IS_2784,IS 2784,Standard,SUPERSEDES,0.95,IS 2784 : 2023 (2023) chronologically supersedes IS 2784 (1971)
IS_2785_2022,IS 2785 : 2022,Standard,IS_2785,IS 2785,Standard,SUPERSEDES,0.95,IS 2785 : 2022 (2023) chronologically supersedes IS 2785 (1979)
IS_2791_2022,IS 2791 : 2022,Standard,IS_2791,IS 2791,Standard,SUPERSEDES,0.95,IS 2791 : 2022 (2022) chronologically supersedes IS 2791 (1992)
IS_2794_2021,IS 2794 : 2021,Standard,IS_2794,IS 2794,Standard,SUPERSEDES,0.95,IS 2794 : 2021 (2021) chronologically supersedes IS 2794 (1979)
IS_2796_2017,IS 2796 : 2017,Standard,IS_2796,IS 2796,Standard,SUPERSEDES,0.95,IS 2796 : 2017 (2018) chronologically supersedes IS 2796 (2008)
IS_2802_2022,IS 2802 : 2022,Standard,IS_2802,IS 2802,Standard,SUPERSEDES,0.95,IS 2802 : 2022 (2023) chronologically supersedes IS 2802 (1964)
IS_2813_2019,IS 2813 : 2019,Standard,IS_2813,IS 2813,Standard,SUPERSEDES,0.95,IS 2813 : 2019 (2019) chronologically supersedes IS 2813 (1995)
IS_2823_2023,IS 2823 : 2023,Standard,IS_2823,IS 2823,Standard,SUPERSEDES,0.95,IS 2823 : 2023 (2023) chronologically supersedes IS 2823 (1972)
IS_2829_2019,IS 2829 : 2019,Standard,IS_2829,IS 2829,Standard,SUPERSEDES,0.95,IS 2829 : 2019 (2019) chronologically supersedes IS 2829 (1979)
IS_2833_2019,IS 2833 : 2019,Standard,IS_2833,IS 2833,Standard,SUPERSEDES,0.95,IS 2833 : 2019 (2019) chronologically supersedes IS 2833 (1973)
IS_2840_2021,IS 2840 : 2021,Standard,IS_2840,IS 2840,Standard,SUPERSEDES,0.95,IS 2840 : 2021 (2021) chronologically supersedes IS 2840 (2002)
IS_285_2021,IS 285 : 2021,Standard,IS_285,IS 285,Standard,SUPERSEDES,0.95,IS 285 : 2021 (2021) chronologically supersedes IS 285 (1992)
IS_286_2018,IS 286 : 2018,Standard,IS_286,IS 286,Standard,SUPERSEDES,0.95,IS 286 : 2018 (2018) chronologically supersedes IS 286 (1978)
IS_2867_2021,IS 2867 : 2021,Standard,IS_2867,IS 2867,Standard,SUPERSEDES,0.95,IS 2867 : 2021 (2021) chronologically supersedes IS 2867 (1964)
IS_2876_2021,IS 2876 : 2021,Standard,IS_2876,IS 2876,Standard,SUPERSEDES,0.95,IS 2876 : 2021 (2021) chronologically supersedes IS 2876 (1999)
IS_2887_2017,IS 2887 : 2017,Standard,IS_2887,IS 2887,Standard,SUPERSEDES,0.95,IS 2887 : 2017 (2018) chronologically supersedes IS 2887 (1993)
IS_289_2021,IS 289 : 2021,Standard,IS_289,IS 289,Standard,SUPERSEDES,0.95,IS 289 : 2021 (2021) chronologically supersedes IS 289 (1963)
IS_2911_Part_2_2021,IS 2911 : Part 2 : 2021,Standard,IS_2911_Part_4_2013,IS 2911 : Part 4 : 2013,Standard,SUPERSEDES,0.95,IS 2911 : Part 2 : 2021 (2021) chronologically supersedes IS 2911 : Part 4 : 2013 (2019)
IS_2911_Part_3_2021,IS 2911 : Part 3 : 2021,Standard,IS_2911_Part_2_2021,IS 2911 : Part 2 : 2021,Standard,SUPERSEDES,0.95,IS 2911 : Part 3 : 2021 (2022) chronologically supersedes IS 2911 : Part 2 : 2021 (2021)
IS_2932_Part_1_2013,IS 2932 : Part 1 : 2013,Standard,IS_2932,IS 2932,Standard,SUPERSEDES,0.95,IS 2932 : Part 1 : 2013 (2019) chronologically supersedes IS 2932 (2003)
IS_2933_Part_1_2013,IS 2933 : Part 1 : 2013,Standard,IS_2933,IS 2933,Standard,SUPERSEDES,0.95,IS 2933 : Part 1 : 2013 (2019) chronologically supersedes IS 2933 (1975)
IS_294_2018,IS 294 : 2018,Standard,IS_294,IS 294,Standard,SUPERSEDES,0.95,IS 294 : 2018 (2018) chronologically supersedes IS 294 (1979)
IS_296_2023,IS 296 : 2023,Standard,IS_296,IS 296,Standard,SUPERSEDES,0.95,IS 296 : 2023 (2023) chronologically supersedes IS 296 (1986)
IS_2962_2023,IS 2962 : 2023,Standard,IS_2962,IS 2962,Standard,SUPERSEDES,0.95,IS 2962 : 2023 (2023) chronologically supersedes IS 2962 (1964)
IS_2963_2013,IS 2963 : 2013,Standard,IS_2963,IS 2963,Standard,SUPERSEDES,0.95,IS 2963 : 2013 (2018) chronologically supersedes IS 2963 (1979)
IS_2973_2017,IS 2973 : 2017,Standard,IS_2973,IS 2973,Standard,SUPERSEDES,0.95,IS 2973 : 2017 (2017) chronologically supersedes IS 2973 (1983)
IS_299_2012,IS 299 : 2012,Standard,IS_299,IS 299,Standard,SUPERSEDES,0.95,IS 299 : 2012 (2017) chronologically supersedes IS 299 (1989)
IS_3008_2012,IS 3008 : 2012,Standard,IS_3008,IS 3008,Standard,SUPERSEDES,0.95,IS 3008 : 2012 (2017) chronologically supersedes IS 3008 (2002)
IS_302_Part_2_Sec_21_2018,IS 302 : Part 2 : Sec 21 : 2018,Standard,IS_302_Part_2_Sec_80_2017,IS 302 : Part 2 : Sec 80 : 2017,Standard,SUPERSEDES,0.95,IS 302 : Part 2 : Sec 21 : 2018 (2018) chronologically supersedes IS 302 : Part 2 : Sec 80 : 2017 (2017)
IS_3023_2013,IS 3023 : 2013,Standard,IS_3023,IS 3023,Standard,SUPERSEDES,0.95,IS 3023 : 2013 (2019) chronologically supersedes IS 3023 (1965)
IS_3024_2015,IS 3024 : 2015,Standard,IS_3024,IS 3024,Standard,SUPERSEDES,0.95,IS 3024 : 2015 (2018) chronologically supersedes IS 3024 (2006)
IS_3025_Part_19_2018,IS 3025 : Part 19 : 2018,Standard,IS_3025_Part_3_1987,IS 3025 : Part 3 : 1987,Standard,SUPERSEDES,0.95,IS 3025 : Part 19 : 2018 (2018) chronologically supersedes IS 3025 : Part 3 : 1987 (2017)
IS_3025_Part_68_2019,IS 3025 : Part 68 : 2019,Standard,IS_3025_Part_19_2018,IS 3025 : Part 19 : 2018,Standard,SUPERSEDES,0.95,IS 3025 : Part 68 : 2019 (2019) chronologically supersedes IS 3025 : Part 19 : 2018 (2018)
IS_3025_Part_26_2021,IS 3025 : Part 26 : 2021,Standard,IS_3025_Part_68_2019,IS 3025 : Part 68 : 2019,Standard,SUPERSEDES,0.95,IS 3025 : Part 26 : 2021 (2021) chronologically supersedes IS 3025 : Part 68 : 2019 (2019)
IS_3025_Part_17_2022,IS 3025 : Part 17 : 2022,Standard,IS_3025_Part_26_2021,IS 3025 : Part 26 : 2021,Standard,SUPERSEDES,0.95,IS 3025 : Part 17 : 2022 (2022) chronologically supersedes IS 3025 : Part 26 : 2021 (2021)
IS_3025_Part_10_2023,IS 3025 : Part 10 : 2023,Standard,IS_3025_Part_17_2022,IS 3025 : Part 17 : 2022,Standard,SUPERSEDES,0.95,IS 3025 : Part 10 : 2023 (2023) chronologically supersedes IS 3025 : Part 17 : 2022 (2022)
IS_3028_Part_1_2018,IS 3028 : Part 1 : 2018,Standard,IS_3028,IS 3028,Standard,SUPERSEDES,0.95,IS 3028 : Part 1 : 2018 (2018) chronologically supersedes IS 3028 (1998)
IS_3028_Part_2_2023,IS 3028 : Part 2 : 2023,Standard,IS_3028_Part_1_2018,IS 3028 : Part 1 : 2018,Standard,SUPERSEDES,0.95,IS 3028 : Part 2 : 2023 (2023) chronologically supersedes IS 3028 : Part 1 : 2018 (2018)
IS_3031_2023,IS 3031 : 2023,Standard,IS_3031,IS 3031,Standard,SUPERSEDES,0.95,IS 3031 : 2023 (2023) chronologically supersedes IS 3031 (1964)
IS_3036_2022,IS 3036 : 2022,Standard,IS_3036,IS 3036,Standard,SUPERSEDES,0.95,IS 3036 : 2022 (2022) chronologically supersedes IS 3036 (1992)
IS_3040_2022,IS 3040 : 2022,Standard,IS_3040,IS 3040,Standard,SUPERSEDES,0.95,IS 3040 : 2022 (2022) chronologically supersedes IS 3040 (1980)
IS_3041_2022,IS 3041 : 2022,Standard,IS_3041,IS 3041,Standard,SUPERSEDES,0.95,IS 3041 : 2022 (2022) chronologically supersedes IS 3041 (1994)
IS_3043_2018,IS 3043 : 2018,Standard,IS_3043,IS 3043,Standard,SUPERSEDES,0.95,IS 3043 : 2018 (2018) chronologically supersedes IS 3043 (1987)
IS_3050_2018,IS 3050 : 2018,Standard,IS_3050,IS 3050,Standard,SUPERSEDES,0.95,IS 3050 : 2018 (2019) chronologically supersedes IS 3050 (1965)
IS_3061_2022,IS 3061 : 2022,Standard,IS_3061,IS 3061,Standard,SUPERSEDES,0.95,IS 3061 : 2022 (2022) chronologically supersedes IS 3061 (1979)
IS_3064_2018,IS 3064 : 2018,Standard,IS_3064,IS 3064,Standard,SUPERSEDES,0.95,IS 3064 : 2018 (2018) chronologically supersedes IS 3064 (1986)
IS_3065_2021,IS 3065 : 2021,Standard,IS_3065,IS 3065,Standard,SUPERSEDES,0.95,IS 3065 : 2021 (2021) chronologically supersedes IS 3065 (1985)
IS_3069_2020,IS 3069 : 2020,Standard,IS_3069,IS 3069,Standard,SUPERSEDES,0.95,IS 3069 : 2020 (2020) chronologically supersedes IS 3069 (1994)
IS_3074_2013,IS 3074 : 2013,Standard,IS_3074,IS 3074,Standard,SUPERSEDES,0.95,IS 3074 : 2013 (2019) chronologically supersedes IS 3074 (2005)
IS_3077_2022,IS 3077 : 2022,Standard,IS_3077,IS 3077,Standard,SUPERSEDES,0.95,IS 3077 : 2022 (2022) chronologically supersedes IS 3077 (1992)
IS_3078_2023,IS 3078 : 2023,Standard,IS_3078,IS 3078,Standard,SUPERSEDES,0.95,IS 3078 : 2023 (2023) chronologically supersedes IS 3078 (1989)
IS_309_2023,IS 309 : 2023,Standard,IS_309,IS 309,Standard,SUPERSEDES,0.95,IS 309 : 2023 (2023) chronologically supersedes IS 309 (2005)
IS_3100_2023,IS 3100 : 2023,Standard,IS_3100,IS 3100,Standard,SUPERSEDES,0.95,IS 3100 : 2023 (2023) chronologically supersedes IS 3100 (1980)
IS_3110_2015,IS 3110 : 2015,Standard,IS_3110,IS 3110,Standard,SUPERSEDES,0.95,IS 3110 : 2015 (2018) chronologically supersedes IS 3110 (1982)
IS_3121_2023,IS 3121 : 2023,Standard,IS_3121,IS 3121,Standard,SUPERSEDES,0.95,IS 3121 : 2023 (2023) chronologically supersedes IS 3121 (1981)
IS_3160_2022,IS 3160 : 2022,Standard,IS_3160,IS 3160,Standard,SUPERSEDES,0.95,IS 3160 : 2022 (2022) chronologically supersedes IS 3160 (1965)
IS_3161_2022,IS 3161 : 2022,Standard,IS_3161,IS 3161,Standard,SUPERSEDES,0.95,IS 3161 : 2022 (2022) chronologically supersedes IS 3161 (1965)
IS_3163_2022,IS 3163 : 2022,Standard,IS_3163,IS 3163,Standard,SUPERSEDES,0.95,IS 3163 : 2022 (2022) chronologically supersedes IS 3163 (1965)
IS_3176_2023,IS 3176 : 2023,Standard,IS_3176,IS 3176,Standard,SUPERSEDES,0.95,IS 3176 : 2023 (2023) chronologically supersedes IS 3176 (1983)
IS_3177_2020,IS 3177 : 2020,Standard,IS_3177,IS 3177,Standard,SUPERSEDES,0.95,IS 3177 : 2020 (2020) chronologically supersedes IS 3177 (1999)
IS_3192_2022,IS 3192 : 2022,Standard,IS_3192,IS 3192,Standard,SUPERSEDES,0.95,IS 3192 : 2022 (2022) chronologically supersedes IS 3192 (1984)
IS_3199_2022,IS 3199 : 2022,Standard,IS_3199,IS 3199,Standard,SUPERSEDES,0.95,IS 3199 : 2022 (2022) chronologically supersedes IS 3199 (1965)
IS_32_2023,IS 32 : 2023,Standard,IS_32,IS 32,Standard,SUPERSEDES,0.95,IS 32 : 2023 (2023) chronologically supersedes IS 32 (1971)
IS_3224_2021,IS 3224 : 2021,Standard,IS_3224,IS 3224,Standard,SUPERSEDES,0.95,IS 3224 : 2021 (2022) chronologically supersedes IS 3224 (2002)
IS_3229_2020,IS 3229 : 2020,Standard,IS_3229,IS 3229,Standard,SUPERSEDES,0.95,IS 3229 : 2020 (2021) chronologically supersedes IS 3229 (2003)
IS_3245_2021,IS 3245 : 2021,Standard,IS_3245,IS 3245,Standard,SUPERSEDES,0.95,IS 3245 : 2021 (2021) chronologically supersedes IS 3245 (1965)
IS_3251_Part_2_2021,IS 3251 : Part 2 : 2021,Standard,IS_3251,IS 3251,Standard,SUPERSEDES,0.95,IS 3251 : Part 2 : 2021 (2021) chronologically supersedes IS 3251 (1965)
IS_3251_Part_1_2021,IS 3251 : Part 1 : 2021,Standard,IS_3251_Part_2_2021,IS 3251 : Part 2 : 2021,Standard,SUPERSEDES,0.95,IS 3251 : Part 1 : 2021 (2022) chronologically supersedes IS 3251 : Part 2 : 2021 (2021)
IS_3252_2023,IS 3252 : 2023,Standard,IS_3252,IS 3252,Standard,SUPERSEDES,0.95,IS 3252 : 2023 (2023) chronologically supersedes IS 3252 (1987)
IS_326_Part_27_2018,IS 326 : Part 27 : 2018,Standard,IS_326_Part_26_2017,IS 326 : Part 26 : 2017,Standard,SUPERSEDES,0.95,IS 326 : Part 27 : 2018 (2018) chronologically supersedes IS 326 : Part 26 : 2017 (2017)
IS_326_Part_13_2020,IS 326 : Part 13 : 2020,Standard,IS_326_Part_27_2018,IS 326 : Part 27 : 2018,Standard,SUPERSEDES,0.95,IS 326 : Part 13 : 2020 (2020) chronologically supersedes IS 326 : Part 27 : 2018 (2018)
IS_326_Part_1_2022,IS 326 : Part 1 : 2022,Standard,IS_326_Part_13_2020,IS 326 : Part 13 : 2020,Standard,SUPERSEDES,0.95,IS 326 : Part 1 : 2022 (2022) chronologically supersedes IS 326 : Part 13 : 2020 (2020)
IS_326_Part_2_2023,IS 326 : Part 2 : 2023,Standard,IS_326_Part_1_2022,IS 326 : Part 1 : 2022,Standard,SUPERSEDES,0.95,IS 326 : Part 2 : 2023 (2023) chronologically supersedes IS 326 : Part 1 : 2022 (2022)
IS_3262_2023,IS 3262 : 2023,Standard,IS_3262,IS 3262,Standard,SUPERSEDES,0.95,IS 3262 : 2023 (2023) chronologically supersedes IS 3262 (1987)
IS_330_2023,IS 330 : 2023,Standard,IS_330,IS 330,Standard,SUPERSEDES,0.95,IS 330 : 2023 (2023) chronologically supersedes IS 330 (1992)
IS_3309_2022,IS 3309 : 2022,Standard,IS_3309,IS 3309,Standard,SUPERSEDES,0.95,IS 3309 : 2022 (2022) chronologically supersedes IS 3309 (1992)
IS_3312_2021,IS 3312 : 2021,Standard,IS_3312,IS 3312,Standard,SUPERSEDES,0.95,IS 3312 : 2021 (2021) chronologically supersedes IS 3312 (1984)
IS_3315_2019,IS 3315 : 2019,Standard,IS_3315,IS 3315,Standard,SUPERSEDES,0.95,IS 3315 : 2019 (2019) chronologically supersedes IS 3315 (1994)
IS_333_2023,IS 333 : 2023,Standard,IS_333,IS 333,Standard,SUPERSEDES,0.95,IS 333 : 2023 (2023) chronologically supersedes IS 333 (1980)
IS_3330_2023,IS 3330 : 2023,Standard,IS_3330,IS 3330,Standard,SUPERSEDES,0.95,IS 3330 : 2023 (2023) chronologically supersedes IS 3330 (1988)
IS_334_2023,IS 334 : 2023,Standard,IS_334,IS 334,Standard,SUPERSEDES,0.95,IS 334 : 2023 (2023) chronologically supersedes IS 334 (2002)
IS_3344_2023,IS 3344 : 2023,Standard,IS_3344,IS 3344,Standard,SUPERSEDES,0.95,IS 3344 : 2023 (2023) chronologically supersedes IS 3344 (1965)
IS_335_2018,IS 335 : 2018,Standard,IS_335,IS 335,Standard,SUPERSEDES,0.95,IS 335 : 2018 (2018) chronologically supersedes IS 335 (1993)
IS_336_2021,IS 336 : 2021,Standard,IS_336,IS 336,Standard,SUPERSEDES,0.95,IS 336 : 2021 (2022) chronologically supersedes IS 336 (1973)
IS_3365_2022,IS 3365 : 2022,Standard,IS_3365,IS 3365,Standard,SUPERSEDES,0.95,IS 3365 : 2022 (2022) chronologically supersedes IS 3365 (1965)
IS_3367_2023,IS 3367 : 2023,Standard,IS_3367,IS 3367,Standard,SUPERSEDES,0.95,IS 3367 : 2023 (2023) chronologically supersedes IS 3367 (1993)
IS_3374_2013,IS 3374 : 2013,Standard,IS_3374,IS 3374,Standard,SUPERSEDES,0.95,IS 3374 : 2013 (2018) chronologically supersedes IS 3374 (1983)
IS_3383_2023,IS 3383 : 2023,Standard,IS_3383,IS 3383,Standard,SUPERSEDES,0.95,IS 3383 : 2023 (2023) chronologically supersedes IS 3383 (1982)
IS_3401_2023,IS 3401 : 2023,Standard,IS_3401,IS 3401,Standard,SUPERSEDES,0.95,IS 3401 : 2023 (2023) chronologically supersedes IS 3401 (1992)
IS_341_2016,IS 341 : 2016,Standard,IS_341,IS 341,Standard,SUPERSEDES,0.95,IS 341 : 2016 (2017) chronologically supersedes IS 341 (1973)
IS_3419_1988,IS 3419 : 1988,Standard,IS_3419,IS 3419,Standard,SUPERSEDES,0.95,IS 3419 : 1988 (2018) chronologically supersedes IS 3419 (1989)
IS_3429_2022,IS 3429 : 2022,Standard,IS_3429,IS 3429,Standard,SUPERSEDES,0.95,IS 3429 : 2022 (2022) chronologically supersedes IS 3429 (1966)
IS_3430_2022,IS 3430 : 2022,Standard,IS_3430,IS 3430,Standard,SUPERSEDES,0.95,IS 3430 : 2022 (2022) chronologically supersedes IS 3430 (1966)
IS_3438_2023,IS 3438 : 2023,Standard,IS_3438,IS 3438,Standard,SUPERSEDES,0.95,IS 3438 : 2023 (2023) chronologically supersedes IS 3438 (1994)
IS_344_2023,IS 344 : 2023,Standard,IS_344,IS 344,Standard,SUPERSEDES,0.95,IS 344 : 2023 (2023) chronologically supersedes IS 344 (1976)
IS_3441_2022,IS 3441 : 2022,Standard,IS_3441,IS 3441,Standard,SUPERSEDES,0.95,IS 3441 : 2022 (2022) chronologically supersedes IS 3441 (1982)
IS_3442_2023,IS 3442 : 2023,Standard,IS_3442,IS 3442,Standard,SUPERSEDES,0.95,IS 3442 : 2023 (2023) chronologically supersedes IS 3442 (1980)
IS_3448_2014,IS 3448 : 2014,Standard,IS_3448,IS 3448,Standard,SUPERSEDES,0.95,IS 3448 : 2014 (2018) chronologically supersedes IS 3448 (1984)
IS_3450_2022,IS 3450 : 2022,Standard,IS_3450,IS 3450,Standard,SUPERSEDES,0.95,IS 3450 : 2022 (2022) chronologically supersedes IS 3450 (1994)
IS_3456_2022,IS 3456 : 2022,Standard,IS_3456,IS 3456,Standard,SUPERSEDES,0.95,IS 3456 : 2022 (2022) chronologically supersedes IS 3456 (1966)
IS_347_2023,IS 347 : 2023,Standard,IS_347,IS 347,Standard,SUPERSEDES,0.95,IS 347 : 2023 (2023) chronologically supersedes IS 347 (1975)
IS_3490_2018,IS 3490 : 2018,Standard,IS_3490,IS 3490,Standard,SUPERSEDES,0.95,IS 3490 : 2018 (2018) chronologically supersedes IS 3490 (1965)
IS_3491_2018,IS 3491 : 2018,Standard,IS_3491,IS 3491,Standard,SUPERSEDES,0.95,IS 3491 : 2018 (2018) chronologically supersedes IS 3491 (1965)
IS_3495_Part_5_2021,IS 3495 : Part 5 : 2021,Standard,IS_3495_Part_1_2019,IS 3495 : Part 1 : 2019,Standard,SUPERSEDES,0.95,IS 3495 : Part 5 : 2021 (2021) chronologically supersedes IS 3495 : Part 1 : 2019 (2020)
IS_3495_Part_6_2022,IS 3495 : Part 6 : 2022,Standard,IS_3495_Part_5_2021,IS 3495 : Part 5 : 2021,Standard,SUPERSEDES,0.95,IS 3495 : Part 6 : 2022 (2022) chronologically supersedes IS 3495 : Part 5 : 2021 (2021)
IS_35_2021,IS 35 : 2021,Standard,IS_35,IS 35,Standard,SUPERSEDES,0.95,IS 35 : 2021 (2021) chronologically supersedes IS 35 (1975)
IS_3500_2020,IS 3500 : 2020,Standard,IS_3500,IS 3500,Standard,SUPERSEDES,0.95,IS 3500 : 2020 (2021) chronologically supersedes IS 3500 (1966)
IS_3521_Part_1_2021,IS 3521 : Part 1 : 2021,Standard,IS_3521,IS 3521,Standard,SUPERSEDES,0.95,IS 3521 : Part 1 : 2021 (2021) chronologically supersedes IS 3521 (1999)
IS_3536_2016,IS 3536 : 2016,Standard,IS_3536,IS 3536,Standard,SUPERSEDES,0.95,IS 3536 : 2016 (2016) chronologically supersedes IS 3536 (1999)
IS_3537_2017,IS 3537 : 2017,Standard,IS_3537,IS 3537,Standard,SUPERSEDES,0.95,IS 3537 : 2017 (2017) chronologically supersedes IS 3537 (1966)
IS_3544_2009,IS 3544 : 2009,Standard,IS_3544,IS 3544,Standard,SUPERSEDES,0.95,IS 3544 : 2009 (2017) chronologically supersedes IS 3544 (1966)
IS_3559_2018,IS 3559 : 2018,Standard,IS_3559,IS 3559,Standard,SUPERSEDES,0.95,IS 3559 : 2018 (2018) chronologically supersedes IS 3559 (1966)
IS_3565_2018,IS 3565 : 2018,Standard,IS_3565,IS 3565,Standard,SUPERSEDES,0.95,IS 3565 : 2018 (2018) chronologically supersedes IS 3565 (1966)
IS_3566_2023,IS 3566 : 2023,Standard,IS_3566,IS 3566,Standard,SUPERSEDES,0.95,IS 3566 : 2023 (2023) chronologically supersedes IS 3566 (1966)
IS_3576_2022,IS 3576 : 2022,Standard,IS_3576,IS 3576,Standard,SUPERSEDES,0.95,IS 3576 : 2022 (2022) chronologically supersedes IS 3576 (2010)
IS_3581_2019,IS 3581 : 2019,Standard,IS_3581,IS 3581,Standard,SUPERSEDES,0.95,IS 3581 : 2019 (2019) chronologically supersedes IS 3581 (1982)
IS_3585_2018,IS 3585 : 2018,Standard,IS_3585,IS 3585,Standard,SUPERSEDES,0.95,IS 3585 : 2018 (2018) chronologically supersedes IS 3585 (1966)
IS_3593_2022,IS 3593 : 2022,Standard,IS_3593,IS 3593,Standard,SUPERSEDES,0.95,IS 3593 : 2022 (2023) chronologically supersedes IS 3593 (1979)
IS_3604_2023,IS 3604 : 2023,Standard,IS_3604,IS 3604,Standard,SUPERSEDES,0.95,IS 3604 : 2023 (2023) chronologically supersedes IS 3604 (1977)
IS_3612_2023,IS 3612 : 2023,Standard,IS_3612,IS 3612,Standard,SUPERSEDES,0.95,IS 3612 : 2023 (2023) chronologically supersedes IS 3612 (1994)
IS_3615_2020,IS 3615 : 2020,Standard,IS_3615,IS 3615,Standard,SUPERSEDES,0.95,IS 3615 : 2020 (2020) chronologically supersedes IS 3615 (2007)
IS_3617_2022,IS 3617 : 2022,Standard,IS_3617,IS 3617,Standard,SUPERSEDES,0.95,IS 3617 : 2022 (2022) chronologically supersedes IS 3617 (1992)
IS_3627_2023,IS 3627 : 2023,Standard,IS_3627,IS 3627,Standard,SUPERSEDES,0.95,IS 3627 : 2023 (2023) chronologically supersedes IS 3627 (1966)
IS_3649_2018,IS 3649 : 2018,Standard,IS_3649,IS 3649,Standard,SUPERSEDES,0.95,IS 3649 : 2018 (2018) chronologically supersedes IS 3649 (1966)
IS_3657_2018,IS 3657 : 2018,Standard,IS_3657,IS 3657,Standard,SUPERSEDES,0.95,IS 3657 : 2018 (2018) chronologically supersedes IS 3657 (1978)
IS_3661_2023,IS 3661 : 2023,Standard,IS_3661,IS 3661,Standard,SUPERSEDES,0.95,IS 3661 : 2023 (2023) chronologically supersedes IS 3661 (1966)
IS_3663_2018,IS 3663 : 2018,Standard,IS_3663,IS 3663,Standard,SUPERSEDES,0.95,IS 3663 : 2018 (2018) chronologically supersedes IS 3663 (1991)
IS_3674_2020,IS 3674 : 2020,Standard,IS_3674,IS 3674,Standard,SUPERSEDES,0.95,IS 3674 : 2020 (2020) chronologically supersedes IS 3674 (1966)
IS_3675_2020,IS 3675 : 2020,Standard,IS_3675,IS 3675,Standard,SUPERSEDES,0.95,IS 3675 : 2020 (2021) chronologically supersedes IS 3675 (1966)
IS_3678_2016,IS 3678 : 2016,Standard,IS_3678,IS 3678,Standard,SUPERSEDES,0.95,IS 3678 : 2016 (2016) chronologically supersedes IS 3678 (1966)
IS_3683_2022,IS 3683 : 2022,Standard,IS_3683,IS 3683,Standard,SUPERSEDES,0.95,IS 3683 : 2022 (2022) chronologically supersedes IS 3683 (1987)
IS_369_2019,IS 369 : 2019,Standard,IS_369,IS 369,Standard,SUPERSEDES,0.95,IS 369 : 2019 (2019) chronologically supersedes IS 369 (1992)
IS_3703_2023,IS 3703 : 2023,Standard,IS_3703,IS 3703,Standard,SUPERSEDES,0.95,IS 3703 : 2023 (2023) chronologically supersedes IS 3703 (2004)
IS_3724_2017,IS 3724 : 2017,Standard,IS_3724,IS 3724,Standard,SUPERSEDES,0.95,IS 3724 : 2017 (2017) chronologically supersedes IS 3724 (1966)
IS_374_2019,IS 374 : 2019,Standard,IS_374,IS 374,Standard,SUPERSEDES,0.95,IS 374 : 2019 (2019) chronologically supersedes IS 374 (1979)
IS_3746_2018,IS 3746 : 2018,Standard,IS_3746,IS 3746,Standard,SUPERSEDES,0.95,IS 3746 : 2018 (2018) chronologically supersedes IS 3746 (1966)
IS_3758_2018,IS 3758 : 2018,Standard,IS_3758,IS 3758,Standard,SUPERSEDES,0.95,IS 3758 : 2018 (2018) chronologically supersedes IS 3758 (1966)
IS_376_2023,IS 376 : 2023,Standard,IS_376,IS 376,Standard,SUPERSEDES,0.95,IS 376 : 2023 (2023) chronologically supersedes IS 376 (1986)
IS_3760_2021,IS 3760 : 2021,Standard,IS_3760,IS 3760,Standard,SUPERSEDES,0.95,IS 3760 : 2021 (2021) chronologically supersedes IS 3760 (1966)
IS_3761_2020,IS 3761 : 2020,Standard,IS_3761,IS 3761,Standard,SUPERSEDES,0.95,IS 3761 : 2020 (2021) chronologically supersedes IS 3761 (1983)
IS_3769_2019,IS 3769 : 2019,Standard,IS_3769,IS 3769,Standard,SUPERSEDES,0.95,IS 3769 : 2019 (2019) chronologically supersedes IS 3769 (1993)
IS_3770_2019,IS 3770 : 2019,Standard,IS_3770,IS 3770,Standard,SUPERSEDES,0.95,IS 3770 : 2019 (2019) chronologically supersedes IS 3770 (1994)
IS_3771_2019,IS 3771 : 2019,Standard,IS_3771,IS 3771,Standard,SUPERSEDES,0.95,IS 3771 : 2019 (2019) chronologically supersedes IS 3771 (1993)
IS_3777_2019,IS 3777 : 2019,Standard,IS_3777,IS 3777,Standard,SUPERSEDES,0.95,IS 3777 : 2019 (2019) chronologically supersedes IS 3777 (1994)
IS_3778_2019,IS 3778 : 2019,Standard,IS_3778,IS 3778,Standard,SUPERSEDES,0.95,IS 3778 : 2019 (2019) chronologically supersedes IS 3778 (1993)
IS_3779_2019,IS 3779 : 2019,Standard,IS_3779,IS 3779,Standard,SUPERSEDES,0.95,IS 3779 : 2019 (2019) chronologically supersedes IS 3779 (1994)
IS_3781_2019,IS 3781 : 2019,Standard,IS_3781,IS 3781,Standard,SUPERSEDES,0.95,IS 3781 : 2019 (2019) chronologically supersedes IS 3781 (1994)
IS_3782_2019,IS 3782 : 2019,Standard,IS_3782,IS 3782,Standard,SUPERSEDES,0.95,IS 3782 : 2019 (2019) chronologically supersedes IS 3782 (1994)
IS_3785_2023,IS 3785 : 2023,Standard,IS_3785,IS 3785,Standard,SUPERSEDES,0.95,IS 3785 : 2023 (2023) chronologically supersedes IS 3785 (1983)
IS_3786_2022,IS 3786 : 2022,Standard,IS_3786,IS 3786,Standard,SUPERSEDES,0.95,IS 3786 : 2022 (2022) chronologically supersedes IS 3786 (1983)
IS_3789_2023,IS 3789 : 2023,Standard,IS_3789,IS 3789,Standard,SUPERSEDES,0.95,IS 3789 : 2023 (2023) chronologically supersedes IS 3789 (1966)
IS_3795_2022,IS 3795 : 2022,Standard,IS_3795,IS 3795,Standard,SUPERSEDES,0.95,IS 3795 : 2022 (2022) chronologically supersedes IS 3795 (2010)
IS_3799_2019,IS 3799 : 2019,Standard,IS_3799,IS 3799,Standard,SUPERSEDES,0.95,IS 3799 : 2019 (2019) chronologically supersedes IS 3799 (1966)
IS_380_2023,IS 380 : 2023,Standard,IS_380,IS 380,Standard,SUPERSEDES,0.95,IS 380 : 2023 (2023) chronologically supersedes IS 380 (1978)
IS_3800_2023,IS 3800 : 2023,Standard,IS_3800,IS 3800,Standard,SUPERSEDES,0.95,IS 3800 : 2023 (2023) chronologically supersedes IS 3800 (1983)
IS_3802_2019,IS 3802 : 2019,Standard,IS_3802,IS 3802,Standard,SUPERSEDES,0.95,IS 3802 : 2019 (2019) chronologically supersedes IS 3802 (1992)
IS_3825_2023,IS 3825 : 2023,Standard,IS_3825,IS 3825,Standard,SUPERSEDES,0.95,IS 3825 : 2023 (2023) chronologically supersedes IS 3825 (1990)
IS_384_Part_1_2023,IS 384 : Part 1 : 2023,Standard,IS_384,IS 384,Standard,SUPERSEDES,0.95,IS 384 : Part 1 : 2023 (2023) chronologically supersedes IS 384 (2002)
IS_3854_2023,IS 3854 : 2023,Standard,IS_3854,IS 3854,Standard,SUPERSEDES,0.95,IS 3854 : 2023 (2023) chronologically supersedes IS 3854 (1997)
IS_3856_2022,IS 3856 : 2022,Standard,IS_3856,IS 3856,Standard,SUPERSEDES,0.95,IS 3856 : 2022 (2022) chronologically supersedes IS 3856 (1966)
IS_3859_2019,IS 3859 : 2019,Standard,IS_3859,IS 3859,Standard,SUPERSEDES,0.95,IS 3859 : 2019 (2020) chronologically supersedes IS 3859 (1966)
IS_3880_2019,IS 3880 : 2019,Standard,IS_3880,IS 3880,Standard,SUPERSEDES,0.95,IS 3880 : 2019 (2019) chronologically supersedes IS 3880 (1976)
IS_3883_2019,IS 3883 : 2019,Standard,IS_3883,IS 3883,Standard,SUPERSEDES,0.95,IS 3883 : 2019 (2019) chronologically supersedes IS 3883 (1993)
IS_3884_2019,IS 3884 : 2019,Standard,IS_3884,IS 3884,Standard,SUPERSEDES,0.95,IS 3884 : 2019 (2019) chronologically supersedes IS 3884 (1993)
IS_3901_2023,IS 3901 : 2023,Standard,IS_3901,IS 3901,Standard,SUPERSEDES,0.95,IS 3901 : 2023 (2023) chronologically supersedes IS 3901 (1975)
IS_391_2020,IS 391 : 2020,Standard,IS_391,IS 391,Standard,SUPERSEDES,0.95,IS 391 : 2020 (2021) chronologically supersedes IS 391 (1975)
IS_3913_2014,IS 3913 : 2014,Standard,IS_3913,IS 3913,Standard,SUPERSEDES,0.95,IS 3913 : 2014 (2018) chronologically supersedes IS 3913 (2005)
IS_3923_2023,IS 3923 : 2023,Standard,IS_3923,IS 3923,Standard,SUPERSEDES,0.95,IS 3923 : 2023 (2023) chronologically supersedes IS 3923 (1983)
IS_393_2023,IS 393 : 2023,Standard,IS_393,IS 393,Standard,SUPERSEDES,0.95,IS 393 : 2023 (2023) chronologically supersedes IS 393 (1985)
IS_3933_2021,IS 3933 : 2021,Standard,IS_3933,IS 3933,Standard,SUPERSEDES,0.95,IS 3933 : 2021 (2021) chronologically supersedes IS 3933 (1966)
IS_3934_2023,IS 3934 : 2023,Standard,IS_3934,IS 3934,Standard,SUPERSEDES,0.95,IS 3934 : 2023 (2023) chronologically supersedes IS 3934 (1989)
IS_3952_2013,IS 3952 : 2013,Standard,IS_3952,IS 3952,Standard,SUPERSEDES,0.95,IS 3952 : 2013 (2018) chronologically supersedes IS 3952 (1988)
IS_3958_2021,IS 3958 : 2021,Standard,IS_3958,IS 3958,Standard,SUPERSEDES,0.95,IS 3958 : 2021 (2021) chronologically supersedes IS 3958 (1984)
IS_3959_2023,IS 3959 : 2023,Standard,IS_3959,IS 3959,Standard,SUPERSEDES,0.95,IS 3959 : 2023 (2023) chronologically supersedes IS 3959 (2004)
IS_3961_Part_2_2017,IS 3961 : Part 2 : 2017,Standard,IS_3961_Part_6_2016,IS 3961 : Part 6 : 2016,Standard,SUPERSEDES,0.95,IS 3961 : Part 2 : 2017 (2017) chronologically supersedes IS 3961 : Part 6 : 2016 (2016)
IS_3966_2023,IS 3966 : 2023,Standard,IS_3966,IS 3966,Standard,SUPERSEDES,0.95,IS 3966 : 2023 (2023) chronologically supersedes IS 3966 (1967)
IS_3967_2013,IS 3967 : 2013,Standard,IS_3967,IS 3967,Standard,SUPERSEDES,0.95,IS 3967 : 2013 (2017) chronologically supersedes IS 3967 (1975)
IS_3968_2013,IS 3968 : 2013,Standard,IS_3968,IS 3968,Standard,SUPERSEDES,0.95,IS 3968 : 2013 (2017) chronologically supersedes IS 3968 (1967)
IS_3969_2013,IS 3969 : 2013,Standard,IS_3969,IS 3969,Standard,SUPERSEDES,0.95,IS 3969 : 2013 (2018) chronologically supersedes IS 3969 (1975)
IS_3976_2018,IS 3976 : 2018,Standard,IS_3976,IS 3976,Standard,SUPERSEDES,0.95,IS 3976 : 2018 (2018) chronologically supersedes IS 3976 (2003)
IS_3988_2023,IS 3988 : 2023,Standard,IS_3988,IS 3988,Standard,SUPERSEDES,0.95,IS 3988 : 2023 (2023) chronologically supersedes IS 3988 (1981)
IS_3989_2009,IS 3989 : 2009,Standard,IS_3989,IS 3989,Standard,SUPERSEDES,0.95,IS 3989 : 2009 (2018) chronologically supersedes IS 3989 (1984)
IS_3999_2015,IS 3999 : 2015,Standard,IS_3999,IS 3999,Standard,SUPERSEDES,0.95,IS 3999 : 2015 (2018) chronologically supersedes IS 3999 (1966)
IS_40_2021,IS 40 : 2021,Standard,IS_40,IS 40,Standard,SUPERSEDES,0.95,IS 40 : 2021 (2021) chronologically supersedes IS 40 (1971)
IS_4001_2017,IS 4001 : 2017,Standard,IS_4001,IS 4001,Standard,SUPERSEDES,0.95,IS 4001 : 2017 (2017) chronologically supersedes IS 4001 (1995)
IS_4011_2018,IS 4011 : 2018,Standard,IS_4011,IS 4011,Standard,SUPERSEDES,0.95,IS 4011 : 2018 (2018) chronologically supersedes IS 4011 (1997)
IS_4026_2023,IS 4026 : 2023,Standard,IS_4026,IS 4026,Standard,SUPERSEDES,0.95,IS 4026 : 2023 (2023) chronologically supersedes IS 4026 (2007)
IS_4044_2023,IS 4044 : 2023,Standard,IS_4044,IS 4044,Standard,SUPERSEDES,0.95,IS 4044 : 2023 (2023) chronologically supersedes IS 4044 (1993)
IS_4053_2023,IS 4053 : 2023,Standard,IS_4053,IS 4053,Standard,SUPERSEDES,0.95,IS 4053 : 2023 (2023) chronologically supersedes IS 4053 (1967)
IS_4055_2018,IS 4055 : 2018,Standard,IS_4055,IS 4055,Standard,SUPERSEDES,0.95,IS 4055 : 2018 (2018) chronologically supersedes IS 4055 (1966)
IS_4074_2019,IS 4074 : 2019,Standard,IS_4074,IS 4074,Standard,SUPERSEDES,0.95,IS 4074 : 2019 (2019) chronologically supersedes IS 4074 (1981)
IS_4079_2023,IS 4079 : 2023,Standard,IS_4079,IS 4079,Standard,SUPERSEDES,0.95,IS 4079 : 2023 (2023) chronologically supersedes IS 4079 (1967)
IS_408_2020,IS 408 : 2020,Standard,IS_408,IS 408,Standard,SUPERSEDES,0.95,IS 408 : 2020 (2020) chronologically supersedes IS 408 (1981)
IS_4081_2013,IS 4081 : 2013,Standard,IS_4081,IS 4081,Standard,SUPERSEDES,0.95,IS 4081 : 2013 (2019) chronologically supersedes IS 4081 (1986)
IS_4097_2019,IS 4097 : 2019,Standard,IS_4097,IS 4097,Standard,SUPERSEDES,0.95,IS 4097 : 2019 (2019) chronologically supersedes IS 4097 (1967)
IS_4105_2023,IS 4105 : 2023,Standard,IS_4105,IS 4105,Standard,SUPERSEDES,0.95,IS 4105 : 2023 (2023) chronologically supersedes IS 4105 (1988)
IS_4106_2019,IS 4106 : 2019,Standard,IS_4106,IS 4106,Standard,SUPERSEDES,0.95,IS 4106 : 2019 (2019) chronologically supersedes IS 4106 (1994)
IS_4109_2023,IS 4109 : 2023,Standard,IS_4109,IS 4109,Standard,SUPERSEDES,0.95,IS 4109 : 2023 (2023) chronologically supersedes IS 4109 (1967)
IS_411_2020,IS 411 : 2020,Standard,IS_411,IS 411,Standard,SUPERSEDES,0.95,IS 411 : 2020 (2020) chronologically supersedes IS 411 (1991)
IS_4127_2023,IS 4127 : 2023,Standard,IS_4127,IS 4127,Standard,SUPERSEDES,0.95,IS 4127 : 2023 (2023) chronologically supersedes IS 4127 (1983)
IS_4145_2023,IS 4145 : 2023,Standard,IS_4145,IS 4145,Standard,SUPERSEDES,0.95,IS 4145 : 2023 (2023) chronologically supersedes IS 4145 (1987)
IS_4148_1988,IS 4148 : 1988,Standard,IS_4148,IS 4148,Standard,SUPERSEDES,0.95,IS 4148 : 1988 (2018) chronologically supersedes IS 4148 (1989)
IS_415_2022,IS 415 : 2022,Standard,IS_415,IS 415,Standard,SUPERSEDES,0.95,IS 415 : 2022 (2022) chronologically supersedes IS 415 (2002)
IS_4151_2015,IS 4151 : 2015,Standard,IS_4151,IS 4151,Standard,SUPERSEDES,0.95,IS 4151 : 2015 (2018) chronologically supersedes IS 4151 (1993)
IS_4155_2023,IS 4155 : 2023,Standard,IS_4155,IS 4155,Standard,SUPERSEDES,0.95,IS 4155 : 2023 (2023) chronologically supersedes IS 4155 (1966)
IS_4156_2023,IS 4156 : 2023,Standard,IS_4156,IS 4156,Standard,SUPERSEDES,0.95,IS 4156 : 2023 (2023) chronologically supersedes IS 4156 (1967)
IS_4158_1986,IS 4158 : 1986,Standard,IS_4158,IS 4158,Standard,SUPERSEDES,0.95,IS 4158 : 1986 (2018) chronologically supersedes IS 4158 (1985)
IS_4159_2021,IS 4159 : 2021,Standard,IS_4159,IS 4159,Standard,SUPERSEDES,0.95,IS 4159 : 2021 (2021) chronologically supersedes IS 4159 (2002)
IS_4161_2023,IS 4161 : 2023,Standard,IS_4161,IS 4161,Standard,SUPERSEDES,0.95,IS 4161 : 2023 (2023) chronologically supersedes IS 4161 (1967)
IS_4167_2020,IS 4167 : 2020,Standard,IS_4167,IS 4167,Standard,SUPERSEDES,0.95,IS 4167 : 2020 (2020) chronologically supersedes IS 4167 (1980)
IS_4175_2018,IS 4175 : 2018,Standard,IS_4175,IS 4175,Standard,SUPERSEDES,0.95,IS 4175 : 2018 (2018) chronologically supersedes IS 4175 (1981)
IS_4183_2022,IS 4183 : 2022,Standard,IS_4183,IS 4183,Standard,SUPERSEDES,0.95,IS 4183 : 2022 (2022) chronologically supersedes IS 4183 (1967)
IS_4184_2023,IS 4184 : 2023,Standard,IS_4184,IS 4184,Standard,SUPERSEDES,0.95,IS 4184 : 2023 (2023) chronologically supersedes IS 4184 (1967)
IS_419_2023,IS 419 : 2023,Standard,IS_419,IS 419,Standard,SUPERSEDES,0.95,IS 419 : 2023 (2023) chronologically supersedes IS 419 (1967)
IS_4193_2022,IS 4193 : 2022,Standard,IS_4193,IS 4193,Standard,SUPERSEDES,0.95,IS 4193 : 2022 (2022) chronologically supersedes IS 4193 (1986)
IS_4200_2020,IS 4200 : 2020,Standard,IS_4200,IS 4200,Standard,SUPERSEDES,0.95,IS 4200 : 2020 (2020) chronologically supersedes IS 4200 (1984)
IS_4202_2022,IS 4202 : 2022,Standard,IS_4202,IS 4202,Standard,SUPERSEDES,0.95,IS 4202 : 2022 (2022) chronologically supersedes IS 4202 (1967)
IS_4203_2022,IS 4203 : 2022,Standard,IS_4203,IS 4203,Standard,SUPERSEDES,0.95,IS 4203 : 2022 (2022) chronologically supersedes IS 4203 (1967)
IS_4217_2020,IS 4217 : 2020,Standard,IS_4217,IS 4217,Standard,SUPERSEDES,0.95,IS 4217 : 2020 (2020) chronologically supersedes IS 4217 (1981)
IS_4221_2022,IS 4221 : 2022,Standard,IS_4221,IS 4221,Standard,SUPERSEDES,0.95,IS 4221 : 2022 (2023) chronologically supersedes IS 4221 (1967)
IS_4222_2018,IS 4222 : 2018,Standard,IS_4222,IS 4222,Standard,SUPERSEDES,0.95,IS 4222 : 2018 (2018) chronologically supersedes IS 4222 (1967)
IS_4228_2023,IS 4228 : 2023,Standard,IS_4228,IS 4228,Standard,SUPERSEDES,0.95,IS 4228 : 2023 (2023) chronologically supersedes IS 4228 (1979)
IS_4238_2020,IS 4238 : 2020,Standard,IS_4238,IS 4238,Standard,SUPERSEDES,0.95,IS 4238 : 2020 (2020) chronologically supersedes IS 4238 (1967)
IS_4239_2023,IS 4239 : 2023,Standard,IS_4239,IS 4239,Standard,SUPERSEDES,0.95,IS 4239 : 2023 (2023) chronologically supersedes IS 4239 (1970)
IS_4254_2023,IS 4254 : 2023,Standard,IS_4254,IS 4254,Standard,SUPERSEDES,0.95,IS 4254 : 2023 (2023) chronologically supersedes IS 4254 (1994)
IS_4255_2022,IS 4255 : 2022,Standard,IS_4255,IS 4255,Standard,SUPERSEDES,0.95,IS 4255 : 2022 (2022) chronologically supersedes IS 4255 (1967)
IS_4256_2022,IS 4256 : 2022,Standard,IS_4256,IS 4256,Standard,SUPERSEDES,0.95,IS 4256 : 2022 (2022) chronologically supersedes IS 4256 (1967)
IS_4262_2022,IS 4262 : 2022,Standard,IS_4262,IS 4262,Standard,SUPERSEDES,0.95,IS 4262 : 2022 (2022) chronologically supersedes IS 4262 (2002)
IS_4264_2023,IS 4264 : 2023,Standard,IS_4264,IS 4264,Standard,SUPERSEDES,0.95,IS 4264 : 2023 (2023) chronologically supersedes IS 4264 (1967)
IS_427_2013,IS 427 : 2013,Standard,IS_427,IS 427,Standard,SUPERSEDES,0.95,IS 427 : 2013 (2018) chronologically supersedes IS 427 (2005)
IS_4276_2014,IS 4276 : 2014,Standard,IS_4276,IS 4276,Standard,SUPERSEDES,0.95,IS 4276 : 2014 (2018) chronologically supersedes IS 4276 (1977)
IS_4277_2014,IS 4277 : 2014,Standard,IS_4277,IS 4277,Standard,SUPERSEDES,0.95,IS 4277 : 2014 (2018) chronologically supersedes IS 4277 (1975)
IS_428_2013,IS 428 : 2013,Standard,IS_428,IS 428,Standard,SUPERSEDES,0.95,IS 428 : 2013 (2018) chronologically supersedes IS 428 (2000)
IS_4287_2022,IS 4287 : 2022,Standard,IS_4287,IS 4287,Standard,SUPERSEDES,0.95,IS 4287 : 2022 (2022) chronologically supersedes IS 4287 (1992)
IS_4294_2018,IS 4294 : 2018,Standard,IS_4294,IS 4294,Standard,SUPERSEDES,0.95,IS 4294 : 2018 (2018) chronologically supersedes IS 4294 (1982)
IS_4308_2019,IS 4308 : 2019,Standard,IS_4308,IS 4308,Standard,SUPERSEDES,0.95,IS 4308 : 2019 (2019) chronologically supersedes IS 4308 (2003)
IS_4326_2013,IS 4326 : 2013,Standard,IS_4326,IS 4326,Standard,SUPERSEDES,0.95,IS 4326 : 2013 (2018) chronologically supersedes IS 4326 (1993)
IS_4343_2023,IS 4343 : 2023,Standard,IS_4343,IS 4343,Standard,SUPERSEDES,0.95,IS 4343 : 2023 (2023) chronologically supersedes IS 4343 (1983)
IS_4359_2021,IS 4359 : 2021,Standard,IS_4359,IS 4359,Standard,SUPERSEDES,0.95,IS 4359 : 2021 (2021) chronologically supersedes IS 4359 (1967)
IS_4360_2020,IS 4360 : 2020,Standard,IS_4360,IS 4360,Standard,SUPERSEDES,0.95,IS 4360 : 2020 (2020) chronologically supersedes IS 4360 (1967)
IS_437_2020,IS 437 : 2020,Standard,IS_437,IS 437,Standard,SUPERSEDES,0.95,IS 437 : 2020 (2020) chronologically supersedes IS 437 (1979)
IS_4375_2019,IS 4375 : 2019,Standard,IS_4375,IS 4375,Standard,SUPERSEDES,0.95,IS 4375 : 2019 (2019) chronologically supersedes IS 4375 (1975)
IS_4376_2013,IS 4376 : 2013,Standard,IS_4376,IS 4376,Standard,SUPERSEDES,0.95,IS 4376 : 2013 (2019) chronologically supersedes IS 4376 (1996)
IS_4379_2021,IS 4379 : 2021,Standard,IS_4379,IS 4379,Standard,SUPERSEDES,0.95,IS 4379 : 2021 (2021) chronologically supersedes IS 4379 (1981)
IS_4385_2022,IS 4385 : 2022,Standard,IS_4385,IS 4385,Standard,SUPERSEDES,0.95,IS 4385 : 2022 (2022) chronologically supersedes IS 4385 (1988)
IS_4386_2022,IS 4386 : 2022,Standard,IS_4386,IS 4386,Standard,SUPERSEDES,0.95,IS 4386 : 2022 (2022) chronologically supersedes IS 4386 (1988)
IS_439_2020,IS 439 : 2020,Standard,IS_439,IS 439,Standard,SUPERSEDES,0.95,IS 439 : 2020 (2020) chronologically supersedes IS 439 (1989)
IS_4393_2016,IS 4393 : 2016,Standard,IS_4393,IS 4393,Standard,SUPERSEDES,0.95,IS 4393 : 2016 (2016) chronologically supersedes IS 4393 (1979)
IS_4394_2023,IS 4394 : 2023,Standard,IS_4394,IS 4394,Standard,SUPERSEDES,0.95,IS 4394 : 2023 (2023) chronologically supersedes IS 4394 (1988)
IS_4399_2023,IS 4399 : 2023,Standard,IS_4399,IS 4399,Standard,SUPERSEDES,0.95,IS 4399 : 2023 (2023) chronologically supersedes IS 4399 (1967)
IS_4403_2022,IS 4403 : 2022,Standard,IS_4403,IS 4403,Standard,SUPERSEDES,0.95,IS 4403 : 2022 (2022) chronologically supersedes IS 4403 (2010)
IS_4404_2022,IS 4404 : 2022,Standard,IS_4404,IS 4404,Standard,SUPERSEDES,0.95,IS 4404 : 2022 (2022) chronologically supersedes IS 4404 (2010)
IS_4409_2023,IS 4409 : 2023,Standard,IS_4409,IS 4409,Standard,SUPERSEDES,0.95,IS 4409 : 2023 (2023) chronologically supersedes IS 4409 (1973)
IS_4410_Part_6_2022,IS 4410 : Part 6 : 2022,Standard,IS_4410_Part_11_Sec_6_2018,IS 4410 : Part 11 : Sec 6 : 2018,Standard,SUPERSEDES,0.95,IS 4410 : Part 6 : 2022 (2022) chronologically supersedes IS 4410 : Part 11 : Sec 6 : 2018 (2019)
IS_4410_Part_15_Sec_1_2023,IS 4410 : Part 15 : Sec 1 : 2023,Standard,IS_4410_Part_6_2022,IS 4410 : Part 6 : 2022,Standard,SUPERSEDES,0.95,IS 4410 : Part 15 : Sec 1 : 2023 (2023) chronologically supersedes IS 4410 : Part 6 : 2022 (2022)
IS_4420_2022,IS 4420 : 2022,Standard,IS_4420,IS 4420,Standard,SUPERSEDES,0.95,IS 4420 : 2022 (2022) chronologically supersedes IS 4420 (1967)
IS_4438_2023,IS 4438 : 2023,Standard,IS_4438,IS 4438,Standard,SUPERSEDES,0.95,IS 4438 : 2023 (2023) chronologically supersedes IS 4438 (1967)
IS_4439_2022,IS 4439 : 2022,Standard,IS_4439,IS 4439,Standard,SUPERSEDES,0.95,IS 4439 : 2022 (2022) chronologically supersedes IS 4439 (1967)
IS_4448_2022,IS 4448 : 2022,Standard,IS_4448,IS 4448,Standard,SUPERSEDES,0.95,IS 4448 : 2022 (2023) chronologically supersedes IS 4448 (1994)
IS_4459_2020,IS 4459 : 2020,Standard,IS_4459,IS 4459,Standard,SUPERSEDES,0.95,IS 4459 : 2020 (2020) chronologically supersedes IS 4459 (1967)
IS_4463_2018,IS 4463 : 2018,Standard,IS_4463,IS 4463,Standard,SUPERSEDES,0.95,IS 4463 : 2018 (2018) chronologically supersedes IS 4463 (1973)
IS_4464_2020,IS 4464 : 2020,Standard,IS_4464,IS 4464,Standard,SUPERSEDES,0.95,IS 4464 : 2020 (2020) chronologically supersedes IS 4464 (1985)
IS_4469_2020,IS 4469 : 2020,Standard,IS_4469,IS 4469,Standard,SUPERSEDES,0.95,IS 4469 : 2020 (2020) chronologically supersedes IS 4469 (1985)
IS_4471_2022,IS 4471 : 2022,Standard,IS_4471,IS 4471,Standard,SUPERSEDES,0.95,IS 4471 : 2022 (2022) chronologically supersedes IS 4471 (1981)
IS_4484_2013,IS 4484 : 2013,Standard,IS_4484,IS 4484,Standard,SUPERSEDES,0.95,IS 4484 : 2013 (2018) chronologically supersedes IS 4484 (1994)
IS_4488_2018,IS 4488 : 2018,Standard,IS_4488,IS 4488,Standard,SUPERSEDES,0.95,IS 4488 : 2018 (2018) chronologically supersedes IS 4488 (1968)
IS_4489_2018,IS 4489 : 2018,Standard,IS_4489,IS 4489,Standard,SUPERSEDES,0.95,IS 4489 : 2018 (2018) chronologically supersedes IS 4489 (1968)
IS_4514_2018,IS 4514 : 2018,Standard,IS_4514,IS 4514,Standard,SUPERSEDES,0.95,IS 4514 : 2018 (2018) chronologically supersedes IS 4514 (1968)
IS_4520_2018,IS 4520 : 2018,Standard,IS_4520,IS 4520,Standard,SUPERSEDES,0.95,IS 4520 : 2018 (2018) chronologically supersedes IS 4520 (1968)
IS_455_2015,IS 455 : 2015,Standard,IS_455,IS 455,Standard,SUPERSEDES,0.95,IS 455 : 2015 (2018) chronologically supersedes IS 455 (1989)
IS_4566_2020,IS 4566 : 2020,Standard,IS_4566,IS 4566,Standard,SUPERSEDES,0.95,IS 4566 : 2020 (2020) chronologically supersedes IS 4566 (1979)
IS_4573_2020,IS 4573 : 2020,Standard,IS_4573,IS 4573,Standard,SUPERSEDES,0.95,IS 4573 : 2020 (2020) chronologically supersedes IS 4573 (1982)
IS_4576_2021,IS 4576 : 2021,Standard,IS_4576,IS 4576,Standard,SUPERSEDES,0.95,IS 4576 : 2021 (2021) chronologically supersedes IS 4576 (1999)
IS_458_2021,IS 458 : 2021,Standard,IS_458,IS 458,Standard,SUPERSEDES,0.95,IS 458 : 2021 (2021) chronologically supersedes IS 458 (2003)
IS_4581_2021,IS 4581 : 2021,Standard,IS_4581,IS 4581,Standard,SUPERSEDES,0.95,IS 4581 : 2021 (2022) chronologically supersedes IS 4581 (1978)
IS_4582_2021,IS 4582 : 2021,Standard,IS_4582,IS 4582,Standard,SUPERSEDES,0.95,IS 4582 : 2021 (2022) chronologically supersedes IS 4582 (1992)
IS_4589_2022,IS 4589 : 2022,Standard,IS_4589,IS 4589,Standard,SUPERSEDES,0.95,IS 4589 : 2022 (2022) chronologically supersedes IS 4589 (2002)
IS_4591_Part_1_Sec_1_2020,IS 4591 : Part 1 : Sec 1 : 2020,Standard,IS_4591,IS 4591,Standard,SUPERSEDES,0.95,IS 4591 : Part 1 : Sec 1 : 2020 (2021) chronologically supersedes IS 4591 (1968)
IS_4591_Part_2_2022,IS 4591 : Part 2 : 2022,Standard,IS_4591_Part_1_Sec_1_2020,IS 4591 : Part 1 : Sec 1 : 2020,Standard,SUPERSEDES,0.95,IS 4591 : Part 2 : 2022 (2022) chronologically supersedes IS 4591 : Part 1 : Sec 1 : 2020 (2021)
IS_4605_2020,IS 4605 : 2020,Standard,IS_4605,IS 4605,Standard,SUPERSEDES,0.95,IS 4605 : 2020 (2021) chronologically supersedes IS 4605 (1981)
IS_4622_2020,IS 4622 : 2020,Standard,IS_4622,IS 4622,Standard,SUPERSEDES,0.95,IS 4622 : 2020 (2021) chronologically supersedes IS 4622 (2003)
IS_4629_2023,IS 4629 : 2023,Standard,IS_4629,IS 4629,Standard,SUPERSEDES,0.95,IS 4629 : 2023 (2023) chronologically supersedes IS 4629 (1994)
IS_4630_2022,IS 4630 : 2022,Standard,IS_4630,IS 4630,Standard,SUPERSEDES,0.95,IS 4630 : 2022 (2022) chronologically supersedes IS 4630 (1968)
IS_4651_Part_4_2023,IS 4651 : Part 4 : 2023,Standard,IS_4651_Part_1_2020,IS 4651 : Part 1 : 2020,Standard,SUPERSEDES,0.95,IS 4651 : Part 4 : 2023 (2023) chronologically supersedes IS 4651 : Part 1 : 2020 (2021)
IS_4652_2019,IS 4652 : 2019,Standard,IS_4652,IS 4652,Standard,SUPERSEDES,0.95,IS 4652 : 2019 (2019) chronologically supersedes IS 4652 (1987)
IS_4653_2018,IS 4653 : 2018,Standard,IS_4653,IS 4653,Standard,SUPERSEDES,0.95,IS 4653 : 2018 (2019) chronologically supersedes IS 4653 (1985)
IS_4654_2019,IS 4654 : 2019,Standard,IS_4654,IS 4654,Standard,SUPERSEDES,0.95,IS 4654 : 2019 (2020) chronologically supersedes IS 4654 (1993)
IS_4658_2019,IS 4658 : 2019,Standard,IS_4658,IS 4658,Standard,SUPERSEDES,0.95,IS 4658 : 2019 (2019) chronologically supersedes IS 4658 (1988)
IS_4671_2018,IS 4671 : 2018,Standard,IS_4671,IS 4671,Standard,SUPERSEDES,0.95,IS 4671 : 2018 (2021) chronologically supersedes IS 4671 (1984)
IS_4686_2021,IS 4686 : 2021,Standard,IS_4686,IS 4686,Standard,SUPERSEDES,0.95,IS 4686 : 2021 (2021) chronologically supersedes IS 4686 (1980)
IS_4690_2013,IS 4690 : 2013,Standard,IS_4690,IS 4690,Standard,SUPERSEDES,0.95,IS 4690 : 2013 (2019) chronologically supersedes IS 4690 (1968)
IS_4707_Part_1_2020,IS 4707 : Part 1 : 2020,Standard,IS_4707_Part_2_2017,IS 4707 : Part 2 : 2017,Standard,SUPERSEDES,0.95,IS 4707 : Part 1 : 2020 (2020) chronologically supersedes IS 4707 : Part 2 : 2017 (2017)
IS_4707_Part_4_2022,IS 4707 : Part 4 : 2022,Standard,IS_4707_Part_1_2020,IS 4707 : Part 1 : 2020,Standard,SUPERSEDES,0.95,IS 4707 : Part 4 : 2022 (2022) chronologically supersedes IS 4707 : Part 1 : 2020 (2020)
IS_4709_2021,IS 4709 : 2021,Standard,IS_4709,IS 4709,Standard,SUPERSEDES,0.95,IS 4709 : 2021 (2021) chronologically supersedes IS 4709 (1968)
IS_4717_2020,IS 4717 : 2020,Standard,IS_4717,IS 4717,Standard,SUPERSEDES,0.95,IS 4717 : 2020 (2021) chronologically supersedes IS 4717 (1980)
IS_4720_2020,IS 4720 : 2020,Standard,IS_4720,IS 4720,Standard,SUPERSEDES,0.95,IS 4720 : 2020 (2020) chronologically supersedes IS 4720 (1982)
IS_4721_2014,IS 4721 : 2014,Standard,IS_4721,IS 4721,Standard,SUPERSEDES,0.95,IS 4721 : 2014 (2017) chronologically supersedes IS 4721 (2000)
IS_4727_2020,IS 4727 : 2020,Standard,IS_4727,IS 4727,Standard,SUPERSEDES,0.95,IS 4727 : 2020 (2020) chronologically supersedes IS 4727 (1968)
IS_4731_1968,IS 4731 : 1968,Standard,IS_4731,IS 4731,Standard,SUPERSEDES,0.95,IS 4731 : 1968 (2017) chronologically supersedes IS 4731 (2009)
IS_4738_2020,IS 4738 : 2020,Standard,IS_4738,IS 4738,Standard,SUPERSEDES,0.95,IS 4738 : 2020 (2021) chronologically supersedes IS 4738 (1993)
IS_4739_2023,IS 4739 : 2023,Standard,IS_4739,IS 4739,Standard,SUPERSEDES,0.95,IS 4739 : 2023 (2023) chronologically supersedes IS 4739 (1986)
IS_4743_2018,IS 4743 : 2018,Standard,IS_4743,IS 4743,Standard,SUPERSEDES,0.95,IS 4743 : 2018 (2018) chronologically supersedes IS 4743 (1968)
IS_4746_2023,IS 4746 : 2023,Standard,IS_4746,IS 4746,Standard,SUPERSEDES,0.95,IS 4746 : 2023 (2023) chronologically supersedes IS 4746 (1968)
IS_4747_2023,IS 4747 : 2023,Standard,IS_4747,IS 4747,Standard,SUPERSEDES,0.95,IS 4747 : 2023 (2023) chronologically supersedes IS 4747 (1986)
IS_4751_2023,IS 4751 : 2023,Standard,IS_4751,IS 4751,Standard,SUPERSEDES,0.95,IS 4751 : 2023 (2023) chronologically supersedes IS 4751 (1994)
IS_4768_2022,IS 4768 : 2022,Standard,IS_4768,IS 4768,Standard,SUPERSEDES,0.95,IS 4768 : 2022 (2022) chronologically supersedes IS 4768 (1968)
IS_4772_2019,IS 4772 : 2019,Standard,IS_4772,IS 4772,Standard,SUPERSEDES,0.95,IS 4772 : 2019 (2019) chronologically supersedes IS 4772 (1983)
IS_4775_2023,IS 4775 : 2023,Standard,IS_4775,IS 4775,Standard,SUPERSEDES,0.95,IS 4775 : 2023 (2023) chronologically supersedes IS 4775 (1976)
IS_4786_2014,IS 4786 : 2014,Standard,IS_4786,IS 4786,Standard,SUPERSEDES,0.95,IS 4786 : 2014 (2018) chronologically supersedes IS 4786 (1968)
IS_4811_2014,IS 4811 : 2014,Standard,IS_4811,IS 4811,Standard,SUPERSEDES,0.95,IS 4811 : 2014 (2018) chronologically supersedes IS 4811 (1992)
IS_4822_2022,IS 4822 : 2022,Standard,IS_4822,IS 4822,Standard,SUPERSEDES,0.95,IS 4822 : 2022 (2023) chronologically supersedes IS 4822 (1981)
IS_4824_2022,IS 4824 : 2022,Standard,IS_4824,IS 4824,Standard,SUPERSEDES,0.95,IS 4824 : 2022 (2022) chronologically supersedes IS 4824 (2006)
IS_4830_2018,IS 4830 : 2018,Standard,IS_4830,IS 4830,Standard,SUPERSEDES,0.95,IS 4830 : 2018 (2019) chronologically supersedes IS 4830 (1979)
IS_4831_2019,IS 4831 : 2019,Standard,IS_4831,IS 4831,Standard,SUPERSEDES,0.95,IS 4831 : 2019 (2019) chronologically supersedes IS 4831 (1968)
IS_486_2023,IS 486 : 2023,Standard,IS_486,IS 486,Standard,SUPERSEDES,0.95,IS 486 : 2023 (2023) chronologically supersedes IS 486 (2012)
IS_487_2023,IS 487 : 2023,Standard,IS_487,IS 487,Standard,SUPERSEDES,0.95,IS 487 : 2023 (2023) chronologically supersedes IS 487 (2012)
IS_4879_2023,IS 4879 : 2023,Standard,IS_4879,IS 4879,Standard,SUPERSEDES,0.95,IS 4879 : 2023 (2023) chronologically supersedes IS 4879 (1968)
IS_4883_2023,IS 4883 : 2023,Standard,IS_4883,IS 4883,Standard,SUPERSEDES,0.95,IS 4883 : 2023 (2023) chronologically supersedes IS 4883 (1980)
IS_4884_2021,IS 4884 : 2021,Standard,IS_4884,IS 4884,Standard,SUPERSEDES,0.95,IS 4884 : 2021 (2021) chronologically supersedes IS 4884 (1968)
IS_4906_2017,IS 4906 : 2017,Standard,IS_4906,IS 4906,Standard,SUPERSEDES,0.95,IS 4906 : 2017 (2017) chronologically supersedes IS 4906 (1968)
IS_4909_2023,IS 4909 : 2023,Standard,IS_4909,IS 4909,Standard,SUPERSEDES,0.95,IS 4909 : 2023 (2023) chronologically supersedes IS 4909 (1990)
IS_4925_2023,IS 4925 : 2023,Standard,IS_4925,IS 4925,Standard,SUPERSEDES,0.95,IS 4925 : 2023 (2023) chronologically supersedes IS 4925 (2004)
IS_4929_2023,IS 4929 : 2023,Standard,IS_4929,IS 4929,Standard,SUPERSEDES,0.95,IS 4929 : 2023 (2023) chronologically supersedes IS 4929 (1978)
IS_4935_2018,IS 4935 : 2018,Standard,IS_4935,IS 4935,Standard,SUPERSEDES,0.95,IS 4935 : 2018 (2019) chronologically supersedes IS 4935 (1968)
IS_4946_2021,IS 4946 : 2021,Standard,IS_4946,IS 4946,Standard,SUPERSEDES,0.95,IS 4946 : 2021 (2021) chronologically supersedes IS 4946 (1968)
IS_4948_2020,IS 4948 : 2020,Standard,IS_4948,IS 4948,Standard,SUPERSEDES,0.95,IS 4948 : 2020 (2021) chronologically supersedes IS 4948 (2002)
IS_495_2023,IS 495 : 2023,Standard,IS_495,IS 495,Standard,SUPERSEDES,0.95,IS 495 : 2023 (2023) chronologically supersedes IS 495 (1967)
IS_4950_2022,IS 4950 : 2022,Standard,IS_4950,IS 4950,Standard,SUPERSEDES,0.95,IS 4950 : 2022 (2022) chronologically supersedes IS 4950 (1968)
IS_4955_2020,IS 4955 : 2020,Standard,IS_4955,IS 4955,Standard,SUPERSEDES,0.95,IS 4955 : 2020 (2020) chronologically supersedes IS 4955 (2001)
IS_4956_2020,IS 4956 : 2020,Standard,IS_4956,IS 4956,Standard,SUPERSEDES,0.95,IS 4956 : 2020 (2021) chronologically supersedes IS 4956 (2002)
IS_4959_2018,IS 4959 : 2018,Standard,IS_4959,IS 4959,Standard,SUPERSEDES,0.95,IS 4959 : 2018 (2018) chronologically supersedes IS 4959 (1968)
IS_4961_2022,IS 4961 : 2022,Standard,IS_4961,IS 4961,Standard,SUPERSEDES,0.95,IS 4961 : 2022 (2022) chronologically supersedes IS 4961 (1968)
IS_4964_2013,IS 4964 : 2013,Standard,IS_4964,IS 4964,Standard,SUPERSEDES,0.95,IS 4964 : 2013 (2019) chronologically supersedes IS 4964 (2003)
IS_498_2018,IS 498 : 2018,Standard,IS_498,IS 498,Standard,SUPERSEDES,0.95,IS 498 : 2018 (2019) chronologically supersedes IS 498 (2003)
IS_4980_2022,IS 4980 : 2022,Standard,IS_4980,IS 4980,Standard,SUPERSEDES,0.95,IS 4980 : 2022 (2022) chronologically supersedes IS 4980 (1968)
IS_4984_2016,IS 4984 : 2016,Standard,IS_4984,IS 4984,Standard,SUPERSEDES,0.95,IS 4984 : 2016 (2017) chronologically supersedes IS 4984 (1995)
IS_4985_2021,IS 4985 : 2021,Standard,IS_4985,IS 4985,Standard,SUPERSEDES,0.95,IS 4985 : 2021 (2021) chronologically supersedes IS 4985 (2000)
IS_4989_2018,IS 4989 : 2018,Standard,IS_4989,IS 4989,Standard,SUPERSEDES,0.95,IS 4989 : 2018 (2019) chronologically supersedes IS 4989 (2006)
IS_5034_2022,IS 5034 : 2022,Standard,IS_5034,IS 5034,Standard,SUPERSEDES,0.95,IS 5034 : 2022 (2022) chronologically supersedes IS 5034 (1987)
IS_5056_2023,IS 5056 : 2023,Standard,IS_5056,IS 5056,Standard,SUPERSEDES,0.95,IS 5056 : 2023 (2023) chronologically supersedes IS 5056 (1969)
IS_506_2019,IS 506 : 2019,Standard,IS_506,IS 506,Standard,SUPERSEDES,0.95,IS 506 : 2019 (2019) chronologically supersedes IS 506 (1993)
IS_508_2022,IS 508 : 2022,Standard,IS_508,IS 508,Standard,SUPERSEDES,0.95,IS 508 : 2022 (2022) chronologically supersedes IS 508 (1987)
IS_5083_2023,IS 5083 : 2023,Standard,IS_5083,IS 5083,Standard,SUPERSEDES,0.95,IS 5083 : 2023 (2023) chronologically supersedes IS 5083 (1988)
IS_5084_2023,IS 5084 : 2023,Standard,IS_5084,IS 5084,Standard,SUPERSEDES,0.95,IS 5084 : 2023 (2023) chronologically supersedes IS 5084 (1990)
IS_5085_2023,IS 5085 : 2023,Standard,IS_5085,IS 5085,Standard,SUPERSEDES,0.95,IS 5085 : 2023 (2023) chronologically supersedes IS 5085 (1976)
IS_5088_2022,IS 5088 : 2022,Standard,IS_5088,IS 5088,Standard,SUPERSEDES,0.95,IS 5088 : 2022 (2022) chronologically supersedes IS 5088 (1982)
IS_5115_2022,IS 5115 : 2022,Standard,IS_5115,IS 5115,Standard,SUPERSEDES,0.95,IS 5115 : 2022 (2022) chronologically supersedes IS 5115 (1969)
IS_5116_2020,IS 5116 : 2020,Standard,IS_5116,IS 5116,Standard,SUPERSEDES,0.95,IS 5116 : 2020 (2020) chronologically supersedes IS 5116 (1996)
IS_5117_2023,IS 5117 : 2023,Standard,IS_5117,IS 5117,Standard,SUPERSEDES,0.95,IS 5117 : 2023 (2023) chronologically supersedes IS 5117 (1993)
IS_5121_2013,IS 5121 : 2013,Standard,IS_5121,IS 5121,Standard,SUPERSEDES,0.95,IS 5121 : 2013 (2019) chronologically supersedes IS 5121 (1969)
IS_5127_2013,IS 5127 : 2013,Standard,IS_5127,IS 5127,Standard,SUPERSEDES,0.95,IS 5127 : 2013 (2016) chronologically supersedes IS 5127 (1969)
IS_5128_2013,IS 5128 : 2013,Standard,IS_5128,IS 5128,Standard,SUPERSEDES,0.95,IS 5128 : 2013 (2018) chronologically supersedes IS 5128 (1969)
IS_513_Part_1_2016,IS 513 : Part 1 : 2016,Standard,IS_513,IS 513,Standard,SUPERSEDES,0.95,IS 513 : Part 1 : 2016 (2016) chronologically supersedes IS 513 (2008)
IS_5137_2023,IS 5137 : 2023,Standard,IS_5137,IS 5137,Standard,SUPERSEDES,0.95,IS 5137 : 2023 (2023) chronologically supersedes IS 5137 (1990)
IS_5149_2020,IS 5149 : 2020,Standard,IS_5149,IS 5149,Standard,SUPERSEDES,0.95,IS 5149 : 2020 (2020) chronologically supersedes IS 5149 (1977)
IS_516_Part_2_Sec_1_2018,IS 516 : Part 2 : Sec 1 : 2018,Standard,IS_516,IS 516,Standard,SUPERSEDES,0.95,IS 516 : Part 2 : Sec 1 : 2018 (2019) chronologically supersedes IS 516 (1959)
IS_516_Part_11_2020,IS 516 : Part 11 : 2020,Standard,IS_516_Part_2_Sec_1_2018,IS 516 : Part 2 : Sec 1 : 2018,Standard,SUPERSEDES,0.95,IS 516 : Part 11 : 2020 (2020) chronologically supersedes IS 516 : Part 2 : Sec 1 : 2018 (2019)
IS_516_Part_1_Sec_1_2021,IS 516 : Part 1 : Sec 1 : 2021,Standard,IS_516_Part_11_2020,IS 516 : Part 11 : 2020,Standard,SUPERSEDES,0.95,IS 516 : Part 1 : Sec 1 : 2021 (2021) chronologically supersedes IS 516 : Part 11 : 2020 (2020)
IS_516_Part_2_Sec_3_2022,IS 516 : Part 2 : Sec 3 : 2022,Standard,IS_516_Part_1_Sec_1_2021,IS 516 : Part 1 : Sec 1 : 2021,Standard,SUPERSEDES,0.95,IS 516 : Part 2 : Sec 3 : 2022 (2022) chronologically supersedes IS 516 : Part 1 : Sec 1 : 2021 (2021)
IS_5162_2021,IS 5162 : 2021,Standard,IS_5162,IS 5162,Standard,SUPERSEDES,0.95,IS 5162 : 2021 (2021) chronologically supersedes IS 5162 (1980)
IS_5168_2018,IS 5168 : 2018,Standard,IS_5168,IS 5168,Standard,SUPERSEDES,0.95,IS 5168 : 2018 (2018) chronologically supersedes IS 5168 (1969)
IS_517_2020,IS 517 : 2020,Standard,IS_517,IS 517,Standard,SUPERSEDES,0.95,IS 517 : 2020 (2021) chronologically supersedes IS 517 (1986)
IS_5176_2023,IS 5176 : 2023,Standard,IS_5176,IS 5176,Standard,SUPERSEDES,0.95,IS 5176 : 2023 (2023) chronologically supersedes IS 5176 (1985)
IS_5182_Part_3_1970,IS 5182 : Part 3 : 1970,Standard,IS_5182_Part_1_2006,IS 5182 : Part 1 : 2006,Standard,SUPERSEDES,0.95,IS 5182 : Part 3 : 1970 (2018) chronologically supersedes IS 5182 : Part 1 : 2006 (2017)
IS_5182_Part_24_2019,IS 5182 : Part 24 : 2019,Standard,IS_5182_Part_3_1970,IS 5182 : Part 3 : 1970,Standard,SUPERSEDES,0.95,IS 5182 : Part 24 : 2019 (2019) chronologically supersedes IS 5182 : Part 3 : 1970 (2018)
IS_5182_Part_26_2020,IS 5182 : Part 26 : 2020,Standard,IS_5182_Part_24_2019,IS 5182 : Part 24 : 2019,Standard,SUPERSEDES,0.95,IS 5182 : Part 26 : 2020 (2020) chronologically supersedes IS 5182 : Part 24 : 2019 (2019)
IS_5182_Part_5_2020,IS 5182 : Part 5 : 2020,Standard,IS_5182_Part_26_2020,IS 5182 : Part 26 : 2020,Standard,SUPERSEDES,0.95,IS 5182 : Part 5 : 2020 (2021) chronologically supersedes IS 5182 : Part 26 : 2020 (2020)
IS_5182_Part_19_2022,IS 5182 : Part 19 : 2022,Standard,IS_5182_Part_5_2020,IS 5182 : Part 5 : 2020,Standard,SUPERSEDES,0.95,IS 5182 : Part 19 : 2022 (2022) chronologically supersedes IS 5182 : Part 5 : 2020 (2021)
IS_5182_Part_2_Sec_1_2023,IS 5182 : Part 2 : Sec 1 : 2023,Standard,IS_5182_Part_19_2022,IS 5182 : Part 19 : 2022,Standard,SUPERSEDES,0.95,IS 5182 : Part 2 : Sec 1 : 2023 (2023) chronologically supersedes IS 5182 : Part 19 : 2022 (2022)
IS_5189_2022,IS 5189 : 2022,Standard,IS_5189,IS 5189,Standard,SUPERSEDES,0.95,IS 5189 : 2022 (2022) chronologically supersedes IS 5189 (1985)
IS_5228_2017,IS 5228 : 2017,Standard,IS_5228,IS 5228,Standard,SUPERSEDES,0.95,IS 5228 : 2017 (2017) chronologically supersedes IS 5228 (2003)
IS_5229_2017,IS 5229 : 2017,Standard,IS_5229,IS 5229,Standard,SUPERSEDES,0.95,IS 5229 : 2017 (2017) chronologically supersedes IS 5229 (1998)
IS_5230_2017,IS 5230 : 2017,Standard,IS_5230,IS 5230,Standard,SUPERSEDES,0.95,IS 5230 : 2017 (2017) chronologically supersedes IS 5230 (2003)
IS_5236_2022,IS 5236 : 2022,Standard,IS_5236,IS 5236,Standard,SUPERSEDES,0.95,IS 5236 : 2022 (2022) chronologically supersedes IS 5236 (1982)
IS_5244_2020,IS 5244 : 2020,Standard,IS_5244,IS 5244,Standard,SUPERSEDES,0.95,IS 5244 : 2020 (2020) chronologically supersedes IS 5244 (1991)
IS_5245_Part_1_2022,IS 5245 : Part 1 : 2022,Standard,IS_5245_Part_2_2013,IS 5245 : Part 2 : 2013,Standard,SUPERSEDES,0.95,IS 5245 : Part 1 : 2022 (2022) chronologically supersedes IS 5245 : Part 2 : 2013 (2018)
IS_5277_2023,IS 5277 : 2023,Standard,IS_5277,IS 5277,Standard,SUPERSEDES,0.95,IS 5277 : 2023 (2023) chronologically supersedes IS 5277 (1978)
IS_5280_2023,IS 5280 : 2023,Standard,IS_5280,IS 5280,Standard,SUPERSEDES,0.95,IS 5280 : 2023 (2023) chronologically supersedes IS 5280 (1969)
IS_5281_2023,IS 5281 : 2023,Standard,IS_5281,IS 5281,Standard,SUPERSEDES,0.95,IS 5281 : 2023 (2023) chronologically supersedes IS 5281 (1979)
IS_5282_Part_1_2023,IS 5282 : Part 1 : 2023,Standard,IS_5282,IS 5282,Standard,SUPERSEDES,0.95,IS 5282 : Part 1 : 2023 (2023) chronologically supersedes IS 5282 (1969)
IS_5295_2023,IS 5295 : 2023,Standard,IS_5295,IS 5295,Standard,SUPERSEDES,0.95,IS 5295 : 2023 (2023) chronologically supersedes IS 5295 (1985)
IS_5298_2013,IS 5298 : 2013,Standard,IS_5298,IS 5298,Standard,SUPERSEDES,0.95,IS 5298 : 2013 (2019) chronologically supersedes IS 5298 (1983)
IS_5313_2020,IS 5313 : 2020,Standard,IS_5313,IS 5313,Standard,SUPERSEDES,0.95,IS 5313 : 2020 (2020) chronologically supersedes IS 5313 (1980)
IS_5321_2022,IS 5321 : 2022,Standard,IS_5321,IS 5321,Standard,SUPERSEDES,0.95,IS 5321 : 2022 (2023) chronologically supersedes IS 5321 (1969)
IS_5324_2023,IS 5324 : 2023,Standard,IS_5324,IS 5324,Standard,SUPERSEDES,0.95,IS 5324 : 2023 (2023) chronologically supersedes IS 5324 (1996)
IS_5334_2014,IS 5334 : 2014,Standard,IS_5334,IS 5334,Standard,SUPERSEDES,0.95,IS 5334 : 2014 (2018) chronologically supersedes IS 5334 (2003)
IS_5339_2021,IS 5339 : 2021,Standard,IS_5339,IS 5339,Standard,SUPERSEDES,0.95,IS 5339 : 2021 (2021) chronologically supersedes IS 5339 (2004)
IS_534_2021,IS 534 : 2021,Standard,IS_534,IS 534,Standard,SUPERSEDES,0.95,IS 534 : 2021 (2021) chronologically supersedes IS 534 (2007)
IS_5352_Part_1_2023,IS 5352 : Part 1 : 2023,Standard,IS_5352,IS 5352,Standard,SUPERSEDES,0.95,IS 5352 : Part 1 : 2023 (2023) chronologically supersedes IS 5352 (1988)
IS_5356_1983,IS 5356 : 1983,Standard,IS_5356,IS 5356,Standard,SUPERSEDES,0.95,IS 5356 : 1983 (2018) chronologically supersedes IS 5356 (1977)
IS_5363_2017,IS 5363 : 2017,Standard,IS_5363,IS 5363,Standard,SUPERSEDES,0.95,IS 5363 : 2017 (2017) chronologically supersedes IS 5363 (1983)
IS_538_2020,IS 538 : 2020,Standard,IS_538,IS 538,Standard,SUPERSEDES,0.95,IS 538 : 2020 (2020) chronologically supersedes IS 538 (2000)
IS_5383_2021,IS 5383 : 2021,Standard,IS_5383,IS 5383,Standard,SUPERSEDES,0.95,IS 5383 : 2021 (2022) chronologically supersedes IS 5383 (2006)
IS_5387_2022,IS 5387 : 2022,Standard,IS_5387,IS 5387,Standard,SUPERSEDES,0.95,IS 5387 : 2022 (2022) chronologically supersedes IS 5387 (1969)
IS_5405_2019,IS 5405 : 2019,Standard,IS_5405,IS 5405,Standard,SUPERSEDES,0.95,IS 5405 : 2019 (2020) chronologically supersedes IS 5405 (1980)
IS_5410_2013,IS 5410 : 2013,Standard,IS_5410,IS 5410,Standard,SUPERSEDES,0.95,IS 5410 : 2013 (2019) chronologically supersedes IS 5410 (1992)
IS_542_2018,IS 542 : 2018,Standard,IS_542,IS 542,Standard,SUPERSEDES,0.95,IS 542 : 2018 (2018) chronologically supersedes IS 542 (1968)
IS_5429_2013,IS 5429 : 2013,Standard,IS_5429,IS 5429,Standard,SUPERSEDES,0.95,IS 5429 : 2013 (2019) chronologically supersedes IS 5429 (1979)
IS_543_2018,IS 543 : 2018,Standard,IS_543,IS 543,Standard,SUPERSEDES,0.95,IS 543 : 2018 (2018) chronologically supersedes IS 543 (1968)
IS_5436_2023,IS 5436 : 2023,Standard,IS_5436,IS 5436,Standard,SUPERSEDES,0.95,IS 5436 : 2023 (2023) chronologically supersedes IS 5436 (1969)
IS_5439_2017,IS 5439 : 2017,Standard,IS_5439,IS 5439,Standard,SUPERSEDES,0.95,IS 5439 : 2017 (2017) chronologically supersedes IS 5439 (1978)
IS_544_2014,IS 544 : 2014,Standard,IS_544,IS 544,Standard,SUPERSEDES,0.95,IS 544 : 2014 (2017) chronologically supersedes IS 544 (1968)
IS_5446_2017,IS 5446 : 2017,Standard,IS_5446,IS 5446,Standard,SUPERSEDES,0.95,IS 5446 : 2017 (2017) chronologically supersedes IS 5446 (1978)
IS_5447_2017,IS 5447 : 2017,Standard,IS_5447,IS 5447,Standard,SUPERSEDES,0.95,IS 5447 : 2017 (2017) chronologically supersedes IS 5447 (1978)
IS_5449_2022,IS 5449 : 2022,Standard,IS_5449,IS 5449,Standard,SUPERSEDES,0.95,IS 5449 : 2022 (2022) chronologically supersedes IS 5449 (1969)
IS_5450_2023,IS 5450 : 2023,Standard,IS_5450,IS 5450,Standard,SUPERSEDES,0.95,IS 5450 : 2023 (2023) chronologically supersedes IS 5450 (1986)
IS_5457_2022,IS 5457 : 2022,Standard,IS_5457,IS 5457,Standard,SUPERSEDES,0.95,IS 5457 : 2022 (2023) chronologically supersedes IS 5457 (1969)
IS_5459_2023,IS 5459 : 2023,Standard,IS_5459,IS 5459,Standard,SUPERSEDES,0.95,IS 5459 : 2023 (2023) chronologically supersedes IS 5459 (1969)
IS_546_2014,IS 546 : 2014,Standard,IS_546,IS 546,Standard,SUPERSEDES,0.95,IS 546 : 2014 (2017) chronologically supersedes IS 546 (1975)
IS_5460_2022,IS 5460 : 2022,Standard,IS_5460,IS 5460,Standard,SUPERSEDES,0.95,IS 5460 : 2022 (2022) chronologically supersedes IS 5460 (1969)
IS_5463_2022,IS 5463 : 2022,Standard,IS_5463,IS 5463,Standard,SUPERSEDES,0.95,IS 5463 : 2022 (2022) chronologically supersedes IS 5463 (1969)
IS_5464_2023,IS 5464 : 2023,Standard,IS_5464,IS 5464,Standard,SUPERSEDES,0.95,IS 5464 : 2023 (2023) chronologically supersedes IS 5464 (1995)
IS_5465_2013,IS 5465 : 2013,Standard,IS_5465,IS 5465,Standard,SUPERSEDES,0.95,IS 5465 : 2013 (2018) chronologically supersedes IS 5465 (1969)
IS_5466_2013,IS 5466 : 2013,Standard,IS_5466,IS 5466,Standard,SUPERSEDES,0.95,IS 5466 : 2013 (2018) chronologically supersedes IS 5466 (1969)
IS_547_2018,IS 547 : 2018,Standard,IS_547,IS 547,Standard,SUPERSEDES,0.95,IS 547 : 2018 (2018) chronologically supersedes IS 547 (1968)
IS_5477_Part_2_2020,IS 5477 : Part 2 : 2020,Standard,IS_5477_Part_4_2019,IS 5477 : Part 4 : 2019,Standard,SUPERSEDES,0.95,IS 5477 : Part 2 : 2020 (2020) chronologically supersedes IS 5477 : Part 4 : 2019 (2019)
IS_5484_2023,IS 5484 : 2023,Standard,IS_5484,IS 5484,Standard,SUPERSEDES,0.95,IS 5484 : 2023 (2023) chronologically supersedes IS 5484 (1997)
IS_5485_2022,IS 5485 : 2022,Standard,IS_5485,IS 5485,Standard,SUPERSEDES,0.95,IS 5485 : 2022 (2022) chronologically supersedes IS 5485 (1980)
IS_550_Part_1_2022,IS 550 : Part 1 : 2022,Standard,IS_550_Part_2_2021,IS 550 : Part 2 : 2021,Standard,SUPERSEDES,0.95,IS 550 : Part 1 : 2022 (2022) chronologically supersedes IS 550 : Part 2 : 2021 (2021)
IS_5501_2021,IS 5501 : 2021,Standard,IS_5501,IS 5501,Standard,SUPERSEDES,0.95,IS 5501 : 2021 (2022) chronologically supersedes IS 5501 (1969)
IS_5502_2023,IS 5502 : 2023,Standard,IS_5502,IS 5502,Standard,SUPERSEDES,0.95,IS 5502 : 2023 (2023) chronologically supersedes IS 5502 (1988)
IS_5508_Part_13_2020,IS 5508 : Part 13 : 2020,Standard,IS_5508_Part_10_2015,IS 5508 : Part 10 : 2015,Standard,SUPERSEDES,0.95,IS 5508 : Part 13 : 2020 (2020) chronologically supersedes IS 5508 : Part 10 : 2015 (2016)
IS_5508_Part_1_2020,IS 5508 : Part 1 : 2020,Standard,IS_5508_Part_13_2020,IS 5508 : Part 13 : 2020,Standard,SUPERSEDES,0.95,IS 5508 : Part 1 : 2020 (2021) chronologically supersedes IS 5508 : Part 13 : 2020 (2020)
IS_5508_Part_20_2021,IS 5508 : Part 20 : 2021,Standard,IS_5508_Part_1_2020,IS 5508 : Part 1 : 2020,Standard,SUPERSEDES,0.95,IS 5508 : Part 20 : 2021 (2022) chronologically supersedes IS 5508 : Part 1 : 2020 (2021)
IS_5509_2021,IS 5509 : 2021,Standard,IS_5509,IS 5509,Standard,SUPERSEDES,0.95,IS 5509 : 2021 (2021) chronologically supersedes IS 5509 (2000)
IS_5521_2022,IS 5521 : 2022,Standard,IS_5521,IS 5521,Standard,SUPERSEDES,0.95,IS 5521 : 2022 (2022) chronologically supersedes IS 5521 (1980)
IS_5522_2014,IS 5522 : 2014,Standard,IS_5522,IS 5522,Standard,SUPERSEDES,0.95,IS 5522 : 2014 (2016) chronologically supersedes IS 5522 (1992)
IS_5524_2023,IS 5524 : 2023,Standard,IS_5524,IS 5524,Standard,SUPERSEDES,0.95,IS 5524 : 2023 (2023) chronologically supersedes IS 5524 (1980)
IS_5531_2014,IS 5531 : 2014,Standard,IS_5531,IS 5531,Standard,SUPERSEDES,0.95,IS 5531 : 2014 (2016) chronologically supersedes IS 5531 (1988)
IS_5543_2023,IS 5543 : 2023,Standard,IS_5543,IS 5543,Standard,SUPERSEDES,0.95,IS 5543 : 2023 (2023) chronologically supersedes IS 5543 (1970)
IS_5544_2023,IS 5544 : 2023,Standard,IS_5544,IS 5544,Standard,SUPERSEDES,0.95,IS 5544 : 2023 (2023) chronologically supersedes IS 5544 (1970)
IS_5549_2023,IS 5549 : 2023,Standard,IS_5549,IS 5549,Standard,SUPERSEDES,0.95,IS 5549 : 2023 (2023) chronologically supersedes IS 5549 (1970)
IS_5550_2023,IS 5550 : 2023,Standard,IS_5550,IS 5550,Standard,SUPERSEDES,0.95,IS 5550 : 2023 (2023) chronologically supersedes IS 5550 (1970)
IS_5551_2023,IS 5551 : 2023,Standard,IS_5551,IS 5551,Standard,SUPERSEDES,0.95,IS 5551 : 2023 (2023) chronologically supersedes IS 5551 (1970)
IS_5552_2022,IS 5552 : 2022,Standard,IS_5552,IS 5552,Standard,SUPERSEDES,0.95,IS 5552 : 2022 (2023) chronologically supersedes IS 5552 (1970)
IS_5557_Part_2_2018,IS 5557 : Part 2 : 2018,Standard,IS_5557,IS 5557,Standard,SUPERSEDES,0.95,IS 5557 : Part 2 : 2018 (2018) chronologically supersedes IS 5557 (2004)
IS_5561_2018,IS 5561 : 2018,Standard,IS_5561,IS 5561,Standard,SUPERSEDES,0.95,IS 5561 : 2018 (2018) chronologically supersedes IS 5561 (1970)
IS_5577_2015,IS 5577 : 2015,Standard,IS_5577,IS 5577,Standard,SUPERSEDES,0.95,IS 5577 : 2015 (2018) chronologically supersedes IS 5577 (2000)
IS_5633_2023,IS 5633 : 2023,Standard,IS_5633,IS 5633,Standard,SUPERSEDES,0.95,IS 5633 : 2023 (2023) chronologically supersedes IS 5633 (1973)
IS_5664_2019,IS 5664 : 2019,Standard,IS_5664,IS 5664,Standard,SUPERSEDES,0.95,IS 5664 : 2019 (2019) chronologically supersedes IS 5664 (1970)
IS_573_2023,IS 573 : 2023,Standard,IS_573,IS 573,Standard,SUPERSEDES,0.95,IS 573 : 2023 (2023) chronologically supersedes IS 573 (1992)
IS_5742_2022,IS 5742 : 2022,Standard,IS_5742_Part_2_1970,IS 5742 : Part 2 : 1970,Standard,SUPERSEDES,0.95,IS 5742 : 2022 (2022) chronologically supersedes IS 5742 : Part 2 : 1970 (2018)
IS_579_2017,IS 579 : 2017,Standard,IS_579,IS 579,Standard,SUPERSEDES,0.95,IS 579 : 2017 (2017) chronologically supersedes IS 579 (1996)
IS_5815_Part_1_2021,IS 5815 : Part 1 : 2021,Standard,IS_5815_Part_8_1988,IS 5815 : Part 8 : 1988,Standard,SUPERSEDES,0.95,IS 5815 : Part 1 : 2021 (2021) chronologically supersedes IS 5815 : Part 8 : 1988 (2018)
IS_5824_2023,IS 5824 : 2023,Standard,IS_5824,IS 5824,Standard,SUPERSEDES,0.95,IS 5824 : 2023 (2023) chronologically supersedes IS 5824 (1970)
IS_5841_2023,IS 5841 : 2023,Standard,IS_5841,IS 5841,Standard,SUPERSEDES,0.95,IS 5841 : 2023 (2023) chronologically supersedes IS 5841 (1970)
IS_5844_2014,IS 5844 : 2014,Standard,IS_5844,IS 5844,Standard,SUPERSEDES,0.95,IS 5844 : 2014 (2018) chronologically supersedes IS 5844 (1970)
IS_5850_2023,IS 5850 : 2023,Standard,IS_5850,IS 5850,Standard,SUPERSEDES,0.95,IS 5850 : 2023 (2023) chronologically supersedes IS 5850 (1970)
IS_5852_Part_1_2019,IS 5852 : Part 1 : 2019,Standard,IS_5852,IS 5852,Standard,SUPERSEDES,0.95,IS 5852 : Part 1 : 2019 (2019) chronologically supersedes IS 5852 (2004)
IS_5861_2019,IS 5861 : 2019,Standard,IS_5861,IS 5861,Standard,SUPERSEDES,0.95,IS 5861 : 2019 (2019) chronologically supersedes IS 5861 (1993)
IS_5862_2022,IS 5862 : 2022,Standard,IS_5862,IS 5862,Standard,SUPERSEDES,0.95,IS 5862 : 2022 (2022) chronologically supersedes IS 5862 (1970)
IS_5884_2020,IS 5884 : 2020,Standard,IS_5884,IS 5884,Standard,SUPERSEDES,0.95,IS 5884 : 2020 (2021) chronologically supersedes IS 5884 (1993)
IS_5891_2022,IS 5891 : 2022,Standard,IS_5891,IS 5891,Standard,SUPERSEDES,0.95,IS 5891 : 2022 (2022) chronologically supersedes IS 5891 (1970)
IS_5903_2014,IS 5903 : 2014,Standard,IS_5903,IS 5903,Standard,SUPERSEDES,0.95,IS 5903 : 2014 (2018) chronologically supersedes IS 5903 (1970)
IS_5910_2023,IS 5910 : 2023,Standard,IS_5910,IS 5910,Standard,SUPERSEDES,0.95,IS 5910 : 2023 (2023) chronologically supersedes IS 5910 (1977)
IS_5911_2023,IS 5911 : 2023,Standard,IS_5911,IS 5911,Standard,SUPERSEDES,0.95,IS 5911 : 2023 (2023) chronologically supersedes IS 5911 (1977)
IS_5916_2013,IS 5916 : 2013,Standard,IS_5916,IS 5916,Standard,SUPERSEDES,0.95,IS 5916 : 2013 (2019) chronologically supersedes IS 5916 (1970)
IS_5960_Part_11_2013,IS 5960 : Part 11 : 2013,Standard,IS_5960_Part_3_2016,IS 5960 : Part 3 : 2016,Standard,SUPERSEDES,0.95,IS 5960 : Part 11 : 2013 (2019) chronologically supersedes IS 5960 : Part 3 : 2016 (2017)
IS_5970_2022,IS 5970 : 2022,Standard,IS_5970,IS 5970,Standard,SUPERSEDES,0.95,IS 5970 : 2022 (2022) chronologically supersedes IS 5970 (1970)
IS_5972_2022,IS 5972 : 2022,Standard,IS_5972,IS 5972,Standard,SUPERSEDES,0.95,IS 5972 : 2022 (2022) chronologically supersedes IS 5972 (1970)
IS_5975_2020,IS 5975 : 2020,Standard,IS_5975,IS 5975,Standard,SUPERSEDES,0.95,IS 5975 : 2020 (2021) chronologically supersedes IS 5975 (2003)
IS_5986_2017,IS 5986 : 2017,Standard,IS_5986,IS 5986,Standard,SUPERSEDES,0.95,IS 5986 : 2017 (2017) chronologically supersedes IS 5986 (2011)
IS_5988_2023,IS 5988 : 2023,Standard,IS_5988,IS 5988,Standard,SUPERSEDES,0.95,IS 5988 : 2023 (2023) chronologically supersedes IS 5988 (1970)
IS_5994_2022,IS 5994 : 2022,Standard,IS_5994,IS 5994,Standard,SUPERSEDES,0.95,IS 5994 : 2022 (2022) chronologically supersedes IS 5994 (1998)
IS_6001_2023,IS 6001 : 2023,Standard,IS_6001,IS 6001,Standard,SUPERSEDES,0.95,IS 6001 : 2023 (2023) chronologically supersedes IS 6001 (1971)
IS_6006_2014,IS 6006 : 2014,Standard,IS_6006,IS 6006,Standard,SUPERSEDES,0.95,IS 6006 : 2014 (2017) chronologically supersedes IS 6006 (1983)
IS_6013_2023,IS 6013 : 2023,Standard,IS_6013,IS 6013,Standard,SUPERSEDES,0.95,IS 6013 : 2023 (2023) chronologically supersedes IS 6013 (1970)
IS_6031_2023,IS 6031 : 2023,Standard,IS_6031,IS 6031,Standard,SUPERSEDES,0.95,IS 6031 : 2023 (2023) chronologically supersedes IS 6031 (1997)
IS_6044_Part_2_2021,IS 6044 : Part 2 : 2021,Standard,IS_6044_Part_1_2018,IS 6044 : Part 1 : 2018,Standard,SUPERSEDES,0.95,IS 6044 : Part 2 : 2021 (2021) chronologically supersedes IS 6044 : Part 1 : 2018 (2019)
IS_6046_2023,IS 6046 : 2023,Standard,IS_6046,IS 6046,Standard,SUPERSEDES,0.95,IS 6046 : 2023 (2023) chronologically supersedes IS 6046 (1982)
IS_6072_2023,IS 6072 : 2023,Standard,IS_6072,IS 6072,Standard,SUPERSEDES,0.95,IS 6072 : 2023 (2023) chronologically supersedes IS 6072 (1971)
IS_609_2020,IS 609 : 2020,Standard,IS_609,IS 609,Standard,SUPERSEDES,0.95,IS 609 : 2020 (2021) chronologically supersedes IS 609 (1955)
IS_6100_2021,IS 6100 : 2021,Standard,IS_6100,IS 6100,Standard,SUPERSEDES,0.95,IS 6100 : 2021 (2022) chronologically supersedes IS 6100 (1984)
IS_6117_2021,IS 6117 : 2021,Standard,IS_6117,IS 6117,Standard,SUPERSEDES,0.95,IS 6117 : 2021 (2021) chronologically supersedes IS 6117 (1977)
IS_6125_2017,IS 6125 : 2017,Standard,IS_6125,IS 6125,Standard,SUPERSEDES,0.95,IS 6125 : 2017 (2017) chronologically supersedes IS 6125 (1971)
IS_6127_2023,IS 6127 : 2023,Standard,IS_6127,IS 6127,Standard,SUPERSEDES,0.95,IS 6127 : 2023 (2023) chronologically supersedes IS 6127 (1971)
IS_6136_2023,IS 6136 : 2023,Standard,IS_6136,IS 6136,Standard,SUPERSEDES,0.95,IS 6136 : 2023 (2023) chronologically supersedes IS 6136 (1971)
IS_6164_2023,IS 6164 : 2023,Standard,IS_6164,IS 6164,Standard,SUPERSEDES,0.95,IS 6164 : 2023 (2023) chronologically supersedes IS 6164 (1971)
IS_6197_2019,IS 6197 : 2019,Standard,IS_6197,IS 6197,Standard,SUPERSEDES,0.95,IS 6197 : 2019 (2019) chronologically supersedes IS 6197 (1971)
IS_6199_2013,IS 6199 : 2013,Standard,IS_6199,IS 6199,Standard,SUPERSEDES,0.95,IS 6199 : 2013 (2018) chronologically supersedes IS 6199 (1971)
IS_6206_2023,IS 6206 : 2023,Standard,IS_6206,IS 6206,Standard,SUPERSEDES,0.95,IS 6206 : 2023 (2023) chronologically supersedes IS 6206 (1985)
IS_6213_Part_11_2020,IS 6213 : Part 11 : 2020,Standard,IS_6213_Part_12_2013,IS 6213 : Part 12 : 2013,Standard,SUPERSEDES,0.95,IS 6213 : Part 11 : 2020 (2021) chronologically supersedes IS 6213 : Part 12 : 2013 (2018)
IS_6233_2023,IS 6233 : 2023,Standard,IS_6233,IS 6233,Standard,SUPERSEDES,0.95,IS 6233 : 2023 (2023) chronologically supersedes IS 6233 (1971)
IS_6255_2013,IS 6255 : 2013,Standard,IS_6255,IS 6255,Standard,SUPERSEDES,0.95,IS 6255 : 2013 (2019) chronologically supersedes IS 6255 (1995)
IS_6263_2018,IS 6263 : 2018,Standard,IS_6263,IS 6263,Standard,SUPERSEDES,0.95,IS 6263 : 2018 (2018) chronologically supersedes IS 6263 (1972)
IS_6268_2023,IS 6268 : 2023,Standard,IS_6268,IS 6268,Standard,SUPERSEDES,0.95,IS 6268 : 2023 (2023) chronologically supersedes IS 6268 (1971)
IS_6281_2023,IS 6281 : 2023,Standard,IS_6281,IS 6281,Standard,SUPERSEDES,0.95,IS 6281 : 2023 (2023) chronologically supersedes IS 6281 (1971)
IS_6298_2023,IS 6298 : 2023,Standard,IS_6298,IS 6298,Standard,SUPERSEDES,0.95,IS 6298 : 2023 (2023) chronologically supersedes IS 6298 (1971)
IS_6301_2013,IS 6301 : 2013,Standard,IS_6301,IS 6301,Standard,SUPERSEDES,0.95,IS 6301 : 2013 (2018) chronologically supersedes IS 6301 (1971)
IS_6303_2018,IS 6303 : 2018,Standard,IS_6303,IS 6303,Standard,SUPERSEDES,0.95,IS 6303 : 2018 (2018) chronologically supersedes IS 6303 (1984)
IS_6307_2023,IS 6307 : 2023,Standard,IS_6307,IS 6307,Standard,SUPERSEDES,0.95,IS 6307 : 2023 (2023) chronologically supersedes IS 6307 (1985)
IS_6333_2019,IS 6333 : 2019,Standard,IS_6333,IS 6333,Standard,SUPERSEDES,0.95,IS 6333 : 2019 (2019) chronologically supersedes IS 6333 (1985)
IS_6334_2019,IS 6334 : 2019,Standard,IS_6334,IS 6334,Standard,SUPERSEDES,0.95,IS 6334 : 2019 (2019) chronologically supersedes IS 6334 (1987)
IS_6348_2021,IS 6348 : 2021,Standard,IS_6348,IS 6348,Standard,SUPERSEDES,0.95,IS 6348 : 2021 (2021) chronologically supersedes IS 6348 (1971)
IS_6351_2023,IS 6351 : 2023,Standard,IS_6351,IS 6351,Standard,SUPERSEDES,0.95,IS 6351 : 2023 (2023) chronologically supersedes IS 6351 (1971)
IS_6352_2014,IS 6352 : 2014,Standard,IS_6352,IS 6352,Standard,SUPERSEDES,0.95,IS 6352 : 2014 (2017) chronologically supersedes IS 6352 (1991)
IS_6353_2014,IS 6353 : 2014,Standard,IS_6353,IS 6353,Standard,SUPERSEDES,0.95,IS 6353 : 2014 (2017) chronologically supersedes IS 6353 (1991)
IS_6354_2017,IS 6354 : 2017,Standard,IS_6354,IS 6354,Standard,SUPERSEDES,0.95,IS 6354 : 2017 (2017) chronologically supersedes IS 6354 (1991)
IS_6356_2021,IS 6356 : 2021,Standard,IS_6356,IS 6356,Standard,SUPERSEDES,0.95,IS 6356 : 2021 (2021) chronologically supersedes IS 6356 (2001)
IS_6357_2013,IS 6357 : 2013,Standard,IS_6357,IS 6357,Standard,SUPERSEDES,0.95,IS 6357 : 2013 (2017) chronologically supersedes IS 6357 (1971)
IS_6359_2023,IS 6359 : 2023,Standard,IS_6359,IS 6359,Standard,SUPERSEDES,0.95,IS 6359 : 2023 (2023) chronologically supersedes IS 6359 (1971)
IS_636_2018,IS 636 : 2018,Standard,IS_636,IS 636,Standard,SUPERSEDES,0.95,IS 636 : 2018 (2017) chronologically supersedes IS 636 (1988)
IS_6369_2023,IS 6369 : 2023,Standard,IS_6369,IS 6369,Standard,SUPERSEDES,0.95,IS 6369 : 2023 (2023) chronologically supersedes IS 6369 (1971)
IS_6371_2023,IS 6371 : 2023,Standard,IS_6371,IS 6371,Standard,SUPERSEDES,0.95,IS 6371 : 2023 (2023) chronologically supersedes IS 6371 (1971)
IS_6388_2017,IS 6388 : 2017,Standard,IS_6388,IS 6388,Standard,SUPERSEDES,0.95,IS 6388 : 2017 (2017) chronologically supersedes IS 6388 (1991)
IS_6392_2020,IS 6392 : 2020,Standard,IS_6392,IS 6392,Standard,SUPERSEDES,0.95,IS 6392 : 2020 (2020) chronologically supersedes IS 6392 (1971)
IS_6399_2023,IS 6399 : 2023,Standard,IS_6399,IS 6399,Standard,SUPERSEDES,0.95,IS 6399 : 2023 (2023) chronologically supersedes IS 6399 (1971)
IS_64_2023,IS 64 : 2023,Standard,IS_64,IS 64,Standard,SUPERSEDES,0.95,IS 64 : 2023 (2023) chronologically supersedes IS 64 (1972)
IS_6410_2013,IS 6410 : 2013,Standard,IS_6410,IS 6410,Standard,SUPERSEDES,0.95,IS 6410 : 2013 (2018) chronologically supersedes IS 6410 (1991)
IS_6416_2022,IS 6416 : 2022,Standard,IS_6416,IS 6416,Standard,SUPERSEDES,0.95,IS 6416 : 2022 (2022) chronologically supersedes IS 6416 (1988)
IS_6426_2023,IS 6426 : 2023,Standard,IS_6426,IS 6426,Standard,SUPERSEDES,0.95,IS 6426 : 2023 (2023) chronologically supersedes IS 6426 (1972)
IS_6427_2023,IS 6427 : 2023,Standard,IS_6427,IS 6427,Standard,SUPERSEDES,0.95,IS 6427 : 2023 (2023) chronologically supersedes IS 6427 (1972)
IS_6428_2023,IS 6428 : 2023,Standard,IS_6428,IS 6428,Standard,SUPERSEDES,0.95,IS 6428 : 2023 (2023) chronologically supersedes IS 6428 (1972)
IS_6430_2023,IS 6430 : 2023,Standard,IS_6430,IS 6430,Standard,SUPERSEDES,0.95,IS 6430 : 2023 (2023) chronologically supersedes IS 6430 (1985)
IS_6433_2021,IS 6433 : 2021,Standard,IS_6433,IS 6433,Standard,SUPERSEDES,0.95,IS 6433 : 2021 (2021) chronologically supersedes IS 6433 (1972)
IS_644_2023,IS 644 : 2023,Standard,IS_644,IS 644,Standard,SUPERSEDES,0.95,IS 644 : 2023 (2023) chronologically supersedes IS 644 (1992)
IS_6444_2023,IS 6444 : 2023,Standard,IS_6444,IS 6444,Standard,SUPERSEDES,0.95,IS 6444 : 2023 (2023) chronologically supersedes IS 6444 (1979)
IS_6448_2018,IS 6448 : 2018,Standard,IS_6448,IS 6448,Standard,SUPERSEDES,0.95,IS 6448 : 2018 (2018) chronologically supersedes IS 6448 (1993)
IS_6455_2020,IS 6455 : 2020,Standard,IS_6455,IS 6455,Standard,SUPERSEDES,0.95,IS 6455 : 2020 (2021) chronologically supersedes IS 6455 (1972)
IS_646_2020,IS 646 : 2020,Standard,IS_646,IS 646,Standard,SUPERSEDES,0.95,IS 646 : 2020 (2020) chronologically supersedes IS 646 (1986)
IS_648_2022,IS 648 : 2022,Standard,IS_648,IS 648,Standard,SUPERSEDES,0.95,IS 648 : 2022 (2022) chronologically supersedes IS 648 (2006)
IS_6480_2023,IS 6480 : 2023,Standard,IS_6480,IS 6480,Standard,SUPERSEDES,0.95,IS 6480 : 2023 (2023) chronologically supersedes IS 6480 (1988)
IS_6482_2023,IS 6482 : 2023,Standard,IS_6482,IS 6482,Standard,SUPERSEDES,0.95,IS 6482 : 2023 (2023) chronologically supersedes IS 6482 (1971)
IS_6484_2023,IS 6484 : 2023,Standard,IS_6484,IS 6484,Standard,SUPERSEDES,0.95,IS 6484 : 2023 (2023) chronologically supersedes IS 6484 (1972)
IS_6485_2023,IS 6485 : 2023,Standard,IS_6485,IS 6485,Standard,SUPERSEDES,0.95,IS 6485 : 2023 (2023) chronologically supersedes IS 6485 (1972)
IS_6495_2019,IS 6495 : 2019,Standard,IS_6495,IS 6495,Standard,SUPERSEDES,0.95,IS 6495 : 2019 (2019) chronologically supersedes IS 6495 (1984)
IS_6501_2023,IS 6501 : 2023,Standard,IS_6501,IS 6501,Standard,SUPERSEDES,0.95,IS 6501 : 2023 (2023) chronologically supersedes IS 6501 (1972)
IS_6512_2019,IS 6512 : 2019,Standard,IS_6512,IS 6512,Standard,SUPERSEDES,0.95,IS 6512 : 2019 (2019) chronologically supersedes IS 6512 (1984)
IS_6518_2017,IS 6518 : 2017,Standard,IS_6518,IS 6518,Standard,SUPERSEDES,0.95,IS 6518 : 2017 (2017) chronologically supersedes IS 6518 (1992)
IS_6519_2021,IS 6519 : 2021,Standard,IS_6519,IS 6519,Standard,SUPERSEDES,0.95,IS 6519 : 2021 (2021) chronologically supersedes IS 6519 (1971)
IS_6526_2022,IS 6526 : 2022,Standard,IS_6526,IS 6526,Standard,SUPERSEDES,0.95,IS 6526 : 2022 (2022) chronologically supersedes IS 6526 (1971)
IS_6531_2021,IS 6531 : 2021,Standard,IS_6531,IS 6531,Standard,SUPERSEDES,0.95,IS 6531 : 2021 (2021) chronologically supersedes IS 6531 (1994)
IS_654_2023,IS 654 : 2023,Standard,IS_654,IS 654,Standard,SUPERSEDES,0.95,IS 654 : 2023 (2023) chronologically supersedes IS 654 (1992)
IS_6547_2015,IS 6547 : 2015,Standard,IS_6547,IS 6547,Standard,SUPERSEDES,0.95,IS 6547 : 2015 (2017) chronologically supersedes IS 6547 (1972)
IS_6587_2023,IS 6587 : 2023,Standard,IS_6587,IS 6587,Standard,SUPERSEDES,0.95,IS 6587 : 2023 (2023) chronologically supersedes IS 6587 (1987)
IS_6590_2023,IS 6590 : 2023,Standard,IS_6590,IS 6590,Standard,SUPERSEDES,0.95,IS 6590 : 2023 (2023) chronologically supersedes IS 6590 (1972)
IS_6591_2023,IS 6591 : 2023,Standard,IS_6591,IS 6591,Standard,SUPERSEDES,0.95,IS 6591 : 2023 (2023) chronologically supersedes IS 6591 (1972)
IS_6594_2018,IS 6594 : 2018,Standard,IS_6594,IS 6594,Standard,SUPERSEDES,0.95,IS 6594 : 2018 (2018) chronologically supersedes IS 6594 (2001)
IS_6598_2018,IS 6598 : 2018,Standard,IS_6598,IS 6598,Standard,SUPERSEDES,0.95,IS 6598 : 2018 (2018) chronologically supersedes IS 6598 (1972)
IS_6604_2023,IS 6604 : 2023,Standard,IS_6604,IS 6604,Standard,SUPERSEDES,0.95,IS 6604 : 2023 (2023) chronologically supersedes IS 6604 (1991)
IS_6605_2023,IS 6605 : 2023,Standard,IS_6605,IS 6605,Standard,SUPERSEDES,0.95,IS 6605 : 2023 (2023) chronologically supersedes IS 6605 (1972)
IS_6609_Part_3_2023,IS 6609 : Part 3 : 2023,Standard,IS_6609_Part_4_2020,IS 6609 : Part 4 : 2020,Standard,SUPERSEDES,0.95,IS 6609 : Part 3 : 2023 (2023) chronologically supersedes IS 6609 : Part 4 : 2020 (2021)
IS_661_2019,IS 661 : 2019,Standard,IS_661,IS 661,Standard,SUPERSEDES,0.95,IS 661 : 2019 (2019) chronologically supersedes IS 661 (2000)
IS_6611_2019,IS 6611 : 2019,Standard,IS_6611,IS 6611,Standard,SUPERSEDES,0.95,IS 6611 : 2019 (2020) chronologically supersedes IS 6611 (1988)
IS_6614_2021,IS 6614 : 2021,Standard,IS_6614,IS 6614,Standard,SUPERSEDES,0.95,IS 6614 : 2021 (2021) chronologically supersedes IS 6614 (1972)
IS_6615_2021,IS 6615 : 2021,Standard,IS_6615,IS 6615,Standard,SUPERSEDES,0.95,IS 6615 : 2021 (2021) chronologically supersedes IS 6615 (1972)
IS_662_2020,IS 662 : 2020,Standard,IS_662,IS 662,Standard,SUPERSEDES,0.95,IS 662 : 2020 (2020) chronologically supersedes IS 662 (1980)
IS_6621_2023,IS 6621 : 2023,Standard,IS_6621,IS 6621,Standard,SUPERSEDES,0.95,IS 6621 : 2023 (2023) chronologically supersedes IS 6621 (1985)
IS_6657_2013,IS 6657 : 2013,Standard,IS_6657,IS 6657,Standard,SUPERSEDES,0.95,IS 6657 : 2013 (2018) chronologically supersedes IS 6657 (1972)
IS_6658_2013,IS 6658 : 2013,Standard,IS_6658,IS 6658,Standard,SUPERSEDES,0.95,IS 6658 : 2013 (2018) chronologically supersedes IS 6658 (1972)
IS_6660_2023,IS 6660 : 2023,Standard,IS_6660,IS 6660,Standard,SUPERSEDES,0.95,IS 6660 : 2023 (2023) chronologically supersedes IS 6660 (1972)
IS_6661_2022,IS 6661 : 2022,Standard,IS_6661,IS 6661,Standard,SUPERSEDES,0.95,IS 6661 : 2022 (2022) chronologically supersedes IS 6661 (1972)
IS_6670_2018,IS 6670 : 2018,Standard,IS_6670,IS 6670,Standard,SUPERSEDES,0.95,IS 6670 : 2018 (2018) chronologically supersedes IS 6670 (1972)
IS_6672_2023,IS 6672 : 2023,Standard,IS_6672,IS 6672,Standard,SUPERSEDES,0.95,IS 6672 : 2023 (2023) chronologically supersedes IS 6672 (1989)
IS_6673_2021,IS 6673 : 2021,Standard,IS_6673,IS 6673,Standard,SUPERSEDES,0.95,IS 6673 : 2021 (2021) chronologically supersedes IS 6673 (1972)
IS_6674_2021,IS 6674 : 2021,Standard,IS_6674,IS 6674,Standard,SUPERSEDES,0.95,IS 6674 : 2021 (2021) chronologically supersedes IS 6674 (1972)
IS_6721_2023,IS 6721 : 2023,Standard,IS_6721,IS 6721,Standard,SUPERSEDES,0.95,IS 6721 : 2023 (2023) chronologically supersedes IS 6721 (1972)
IS_673_2023,IS 673 : 2023,Standard,IS_673,IS 673,Standard,SUPERSEDES,0.95,IS 673 : 2023 (2023) chronologically supersedes IS 673 (1987)
IS_674_2023,IS 674 : 2023,Standard,IS_674,IS 674,Standard,SUPERSEDES,0.95,IS 674 : 2023 (2023) chronologically supersedes IS 674 (1987)
IS_6747_2018,IS 6747 : 2018,Standard,IS_6747,IS 6747,Standard,SUPERSEDES,0.95,IS 6747 : 2018 (2018) chronologically supersedes IS 6747 (1981)
IS_6752_2014,IS 6752 : 2014,Standard,IS_6752,IS 6752,Standard,SUPERSEDES,0.95,IS 6752 : 2014 (2018) chronologically supersedes IS 6752 (1991)
IS_6788_2023,IS 6788 : 2023,Standard,IS_6788,IS 6788,Standard,SUPERSEDES,0.95,IS 6788 : 2023 (2023) chronologically supersedes IS 6788 (1973)
IS_6799_2021,IS 6799 : 2021,Standard,IS_6799,IS 6799,Standard,SUPERSEDES,0.95,IS 6799 : 2021 (2021) chronologically supersedes IS 6799 (1987)
IS_6808_2023,IS 6808 : 2023,Standard,IS_6808,IS 6808,Standard,SUPERSEDES,0.95,IS 6808 : 2023 (2023) chronologically supersedes IS 6808 (1972)
IS_681_2015,IS 681 : 2015,Standard,IS_681,IS 681,Standard,SUPERSEDES,0.95,IS 681 : 2015 (2017) chronologically supersedes IS 681 (1964)
IS_6831_2023,IS 6831 : 2023,Standard,IS_6831,IS 6831,Standard,SUPERSEDES,0.95,IS 6831 : 2023 (2023) chronologically supersedes IS 6831 (1992)
IS_6840_2013,IS 6840 : 2013,Standard,IS_6840,IS 6840,Standard,SUPERSEDES,0.95,IS 6840 : 2013 (2018) chronologically supersedes IS 6840 (1972)
IS_6850_2023,IS 6850 : 2023,Standard,IS_6850,IS 6850,Standard,SUPERSEDES,0.95,IS 6850 : 2023 (2023) chronologically supersedes IS 6850 (1973)
IS_6876_2019,IS 6876 : 2019,Standard,IS_6876,IS 6876,Standard,SUPERSEDES,0.95,IS 6876 : 2019 (2019) chronologically supersedes IS 6876 (2003)
IS_6879_2021,IS 6879 : 2021,Standard,IS_6879,IS 6879,Standard,SUPERSEDES,0.95,IS 6879 : 2021 (2022) chronologically supersedes IS 6879 (1973)
IS_6900_2021,IS 6900 : 2021,Standard,IS_6900,IS 6900,Standard,SUPERSEDES,0.95,IS 6900 : 2021 (2021) chronologically supersedes IS 6900 (1973)
IS_6911_2017,IS 6911 : 2017,Standard,IS_6911,IS 6911,Standard,SUPERSEDES,0.95,IS 6911 : 2017 (2017) chronologically supersedes IS 6911 (1992)
IS_6913_2023,IS 6913 : 2023,Standard,IS_6913,IS 6913,Standard,SUPERSEDES,0.95,IS 6913 : 2023 (2023) chronologically supersedes IS 6913 (1973)
IS_6923_2023,IS 6923 : 2023,Standard,IS_6923,IS 6923,Standard,SUPERSEDES,0.95,IS 6923 : 2023 (2023) chronologically supersedes IS 6923 (1973)
IS_6934_2014,IS 6934 : 2014,Standard,IS_6934,IS 6934,Standard,SUPERSEDES,0.95,IS 6934 : 2014 (2017) chronologically supersedes IS 6934 (1998)
IS_695_2020,IS 695 : 2020,Standard,IS_695,IS 695,Standard,SUPERSEDES,0.95,IS 695 : 2020 (2020) chronologically supersedes IS 695 (1986)
IS_6997_2021,IS 6997 : 2021,Standard,IS_6997,IS 6997,Standard,SUPERSEDES,0.95,IS 6997 : 2021 (2021) chronologically supersedes IS 6997 (1973)
IS_702_2022,IS 702 : 2022,Standard,IS_702,IS 702,Standard,SUPERSEDES,0.95,IS 702 : 2022 (2022) chronologically supersedes IS 702 (1988)
IS_7021_2017,IS 7021 : 2017,Standard,IS_7021,IS 7021,Standard,SUPERSEDES,0.95,IS 7021 : 2017 (2017) chronologically supersedes IS 7021 (1973)
IS_7026_2023,IS 7026 : 2023,Standard,IS_7026,IS 7026,Standard,SUPERSEDES,0.95,IS 7026 : 2023 (2023) chronologically supersedes IS 7026 (1973)
IS_7033_2023,IS 7033 : 2023,Standard,IS_7033,IS 7033,Standard,SUPERSEDES,0.95,IS 7033 : 2023 (2023) chronologically supersedes IS 7033 (1973)
IS_7051_2023,IS 7051 : 2023,Standard,IS_7051,IS 7051,Standard,SUPERSEDES,0.95,IS 7051 : 2023 (2023) chronologically supersedes IS 7051 (1973)
IS_7082_2021,IS 7082 : 2021,Standard,IS_7082,IS 7082,Standard,SUPERSEDES,0.95,IS 7082 : 2021 (2021) chronologically supersedes IS 7082 (1973)
IS_711_2023,IS 711 : 2023,Standard,IS_711,IS 711,Standard,SUPERSEDES,0.95,IS 711 : 2023 (2023) chronologically supersedes IS 711 (1970)
IS_7119_2022,IS 7119 : 2022,Standard,IS_7119,IS 7119,Standard,SUPERSEDES,0.95,IS 7119 : 2022 (2022) chronologically supersedes IS 7119 (1973)
IS_7123_2019,IS 7123 : 2019,Standard,IS_7123,IS 7123,Standard,SUPERSEDES,0.95,IS 7123 : 2019 (2019) chronologically supersedes IS 7123 (1993)
IS_7126_2023,IS 7126 : 2023,Standard,IS_7126,IS 7126,Standard,SUPERSEDES,0.95,IS 7126 : 2023 (2023) chronologically supersedes IS 7126 (1973)
IS_7129_2021,IS 7129 : 2021,Standard,IS_7129,IS 7129,Standard,SUPERSEDES,0.95,IS 7129 : 2021 (2021) chronologically supersedes IS 7129 (1992)
IS_7131_2022,IS 7131 : 2022,Standard,IS_7131,IS 7131,Standard,SUPERSEDES,0.95,IS 7131 : 2022 (2022) chronologically supersedes IS 7131 (1973)
IS_7140_2023,IS 7140 : 2023,Standard,IS_7140,IS 7140,Standard,SUPERSEDES,0.95,IS 7140 : 2023 (2023) chronologically supersedes IS 7140 (1971)
IS_7152_2021,IS 7152 : 2021,Standard,IS_7152,IS 7152,Standard,SUPERSEDES,0.95,IS 7152 : 2021 (2021) chronologically supersedes IS 7152 (1992)
IS_7168_2023,IS 7168 : 2023,Standard,IS_7168,IS 7168,Standard,SUPERSEDES,0.95,IS 7168 : 2023 (2023) chronologically supersedes IS 7168 (1973)
IS_718_2023,IS 718 : 2023,Standard,IS_718,IS 718,Standard,SUPERSEDES,0.95,IS 718 : 2023 (2023) chronologically supersedes IS 718 (1977)
IS_7185_2022,IS 7185 : 2022,Standard,IS_7185,IS 7185,Standard,SUPERSEDES,0.95,IS 7185 : 2022 (2022) chronologically supersedes IS 7185 (1981)
IS_719_2022,IS 719 : 2022,Standard,IS_719,IS 719,Standard,SUPERSEDES,0.95,IS 719 : 2022 (2022) chronologically supersedes IS 719 (1990)
IS_7192_2022,IS 7192 : 2022,Standard,IS_7192,IS 7192,Standard,SUPERSEDES,0.95,IS 7192 : 2022 (2022) chronologically supersedes IS 7192 (1974)
IS_720_2022,IS 720 : 2022,Standard,IS_720,IS 720,Standard,SUPERSEDES,0.95,IS 720 : 2022 (2022) chronologically supersedes IS 720 (1986)
IS_7202_2017,IS 7202 : 2017,Standard,IS_7202,IS 7202,Standard,SUPERSEDES,0.95,IS 7202 : 2017 (2019) chronologically supersedes IS 7202 (1974)
IS_7211_2023,IS 7211 : 2023,Standard,IS_7211,IS 7211,Standard,SUPERSEDES,0.95,IS 7211 : 2023 (2023) chronologically supersedes IS 7211 (1973)
IS_7212_2023,IS 7212 : 2023,Standard,IS_7212,IS 7212,Standard,SUPERSEDES,0.95,IS 7212 : 2023 (2023) chronologically supersedes IS 7212 (1974)
IS_723_2023,IS 723 : 2023,Standard,IS_723,IS 723,Standard,SUPERSEDES,0.95,IS 723 : 2023 (2023) chronologically supersedes IS 723 (1972)
IS_7231_2021,IS 7231 : 2021,Standard,IS_7231,IS 7231,Standard,SUPERSEDES,0.95,IS 7231 : 2021 (2022) chronologically supersedes IS 7231 (1994)
IS_7236_2013,IS 7236 : 2013,Standard,IS_7236,IS 7236,Standard,SUPERSEDES,0.95,IS 7236 : 2013 (2019) chronologically supersedes IS 7236 (1974)
IS_724_2023,IS 724 : 2023,Standard,IS_724,IS 724,Standard,SUPERSEDES,0.95,IS 724 : 2023 (2023) chronologically supersedes IS 724 (1964)
IS_7257_2022,IS 7257 : 2022,Standard,IS_7257,IS 7257,Standard,SUPERSEDES,0.95,IS 7257 : 2022 (2022) chronologically supersedes IS 7257 (1973)
IS_726_2022,IS 726 : 2022,Standard,IS_726,IS 726,Standard,SUPERSEDES,0.95,IS 726 : 2022 (2022) chronologically supersedes IS 726 (1982)
IS_7285_Part_1_2018,IS 7285 : Part 1 : 2018,Standard,IS_7285_Part_2_2017,IS 7285 : Part 2 : 2017,Standard,SUPERSEDES,0.95,IS 7285 : Part 1 : 2018 (2019) chronologically supersedes IS 7285 : Part 2 : 2017 (2017)
IS_729_2021,IS 729 : 2021,Standard,IS_729,IS 729,Standard,SUPERSEDES,0.95,IS 729 : 2021 (2021) chronologically supersedes IS 729 (1979)
IS_7298_2021,IS 7298 : 2021,Standard,IS_7298,IS 7298,Standard,SUPERSEDES,0.95,IS 7298 : 2021 (2021) chronologically supersedes IS 7298 (1973)
IS_7299_2021,IS 7299 : 2021,Standard,IS_7299,IS 7299,Standard,SUPERSEDES,0.95,IS 7299 : 2021 (2021) chronologically supersedes IS 7299 (1974)
IS_730_2021,IS 730 : 2021,Standard,IS_730,IS 730,Standard,SUPERSEDES,0.95,IS 730 : 2021 (2021) chronologically supersedes IS 730 (1978)
IS_7302_2018,IS 7302 : 2018,Standard,IS_7302,IS 7302,Standard,SUPERSEDES,0.95,IS 7302 : 2018 (2018) chronologically supersedes IS 7302 (1974)
IS_7312_2018,IS 7312 : 2018,Standard,IS_7312,IS 7312,Standard,SUPERSEDES,0.95,IS 7312 : 2018 (2018) chronologically supersedes IS 7312 (1993)
IS_7314_2023,IS 7314 : 2023,Standard,IS_7314,IS 7314,Standard,SUPERSEDES,0.95,IS 7314 : 2023 (2023) chronologically supersedes IS 7314 (1974)
IS_7317_2020,IS 7317 : 2020,Standard,IS_7317,IS 7317,Standard,SUPERSEDES,0.95,IS 7317 : 2020 (2021) chronologically supersedes IS 7317 (1993)
IS_732_2019,IS 732 : 2019,Standard,IS_732,IS 732,Standard,SUPERSEDES,0.95,IS 732 : 2019 (2019) chronologically supersedes IS 732 (1989)
IS_7328_2020,IS 7328 : 2020,Standard,IS_7328,IS 7328,Standard,SUPERSEDES,0.95,IS 7328 : 2020 (2020) chronologically supersedes IS 7328 (1992)
IS_7337_2020,IS 7337 : 2020,Standard,IS_7337,IS 7337,Standard,SUPERSEDES,0.95,IS 7337 : 2020 (2021) chronologically supersedes IS 7337 (2010)
IS_7376_2023,IS 7376 : 2023,Standard,IS_7376,IS 7376,Standard,SUPERSEDES,0.95,IS 7376 : 2023 (2023) chronologically supersedes IS 7376 (1980)
IS_7424_2019,IS 7424 : 2019,Standard,IS_7424,IS 7424,Standard,SUPERSEDES,0.95,IS 7424 : 2019 (2020) chronologically supersedes IS 7424 (1987)
IS_7445_2022,IS 7445 : 2022,Standard,IS_7445,IS 7445,Standard,SUPERSEDES,0.95,IS 7445 : 2022 (2022) chronologically supersedes IS 7445 (1974)
IS_7447_2022,IS 7447 : 2022,Standard,IS_7447,IS 7447,Standard,SUPERSEDES,0.95,IS 7447 : 2022 (2022) chronologically supersedes IS 7447 (1974)
IS_7448_2022,IS 7448 : 2022,Standard,IS_7448,IS 7448,Standard,SUPERSEDES,0.95,IS 7448 : 2022 (2022) chronologically supersedes IS 7448 (1974)
IS_745_2021,IS 745 : 2021,Standard,IS_745,IS 745,Standard,SUPERSEDES,0.95,IS 745 : 2021 (2022) chronologically supersedes IS 745 (2003)
IS_7459_2023,IS 7459 : 2023,Standard,IS_7459,IS 7459,Standard,SUPERSEDES,0.95,IS 7459 : 2023 (2023) chronologically supersedes IS 7459 (1974)
IS_746_2021,IS 746 : 2021,Standard,IS_746,IS 746,Standard,SUPERSEDES,0.95,IS 746 : 2021 (2022) chronologically supersedes IS 746 (1987)
IS_7466_2023,IS 7466 : 2023,Standard,IS_7466,IS 7466,Standard,SUPERSEDES,0.95,IS 7466 : 2023 (2023) chronologically supersedes IS 7466 (1994)
IS_747_2021,IS 747 : 2021,Standard,IS_747,IS 747,Standard,SUPERSEDES,0.95,IS 747 : 2021 (2022) chronologically supersedes IS 747 (1991)
IS_748_2021,IS 748 : 2021,Standard,IS_748,IS 748,Standard,SUPERSEDES,0.95,IS 748 : 2021 (2022) chronologically supersedes IS 748 (1990)
IS_7490_2023,IS 7490 : 2023,Standard,IS_7490,IS 7490,Standard,SUPERSEDES,0.95,IS 7490 : 2023 (2023) chronologically supersedes IS 7490 (1997)
IS_7494_2023,IS 7494 : 2023,Standard,IS_7494,IS 7494,Standard,SUPERSEDES,0.95,IS 7494 : 2023 (2023) chronologically supersedes IS 7494 (1981)
IS_751_2023,IS 751 : 2023,Standard,IS_751,IS 751,Standard,SUPERSEDES,0.95,IS 751 : 2023 (2023) chronologically supersedes IS 751 (1984)
IS_7514_2020,IS 7514 : 2020,Standard,IS_7514,IS 7514,Standard,SUPERSEDES,0.95,IS 7514 : 2020 (2020) chronologically supersedes IS 7514 (1994)
IS_752_2023,IS 752 : 2023,Standard,IS_752,IS 752,Standard,SUPERSEDES,0.95,IS 752 : 2023 (2023) chronologically supersedes IS 752 (1984)
IS_7532_2018,IS 7532 : 2018,Standard,IS_7532,IS 7532,Standard,SUPERSEDES,0.95,IS 7532 : 2018 (2018) chronologically supersedes IS 7532 (1974)
IS_7533_2017,IS 7533 : 2017,Standard,IS_7533,IS 7533,Standard,SUPERSEDES,0.95,IS 7533 : 2017 (2017) chronologically supersedes IS 7533 (2003)
IS_7536_2023,IS 7536 : 2023,Standard,IS_7536,IS 7536,Standard,SUPERSEDES,0.95,IS 7536 : 2023 (2023) chronologically supersedes IS 7536 (1975)
IS_7541_2023,IS 7541 : 2023,Standard,IS_7541,IS 7541,Standard,SUPERSEDES,0.95,IS 7541 : 2023 (2023) chronologically supersedes IS 7541 (1974)
IS_755_2023,IS 755 : 2023,Standard,IS_755,IS 755,Standard,SUPERSEDES,0.95,IS 755 : 2023 (2023) chronologically supersedes IS 755 (1984)
IS_756_2023,IS 756 : 2023,Standard,IS_756,IS 756,Standard,SUPERSEDES,0.95,IS 756 : 2023 (2023) chronologically supersedes IS 756 (1984)
IS_7577_2020,IS 7577 : 2020,Standard,IS_7577,IS 7577,Standard,SUPERSEDES,0.95,IS 7577 : 2020 (2020) chronologically supersedes IS 7577 (1986)
IS_758_2023,IS 758 : 2023,Standard,IS_758,IS 758,Standard,SUPERSEDES,0.95,IS 758 : 2023 (2023) chronologically supersedes IS 758 (1988)
IS_7587_Part_1_2020,IS 7587 : Part 1 : 2020,Standard,IS_7587_Part_7_2017,IS 7587 : Part 7 : 2017,Standard,SUPERSEDES,0.95,IS 7587 : Part 1 : 2020 (2020) chronologically supersedes IS 7587 : Part 7 : 2017 (2017)
IS_7590_2023,IS 7590 : 2023,Standard,IS_7590,IS 7590,Standard,SUPERSEDES,0.95,IS 7590 : 2023 (2023) chronologically supersedes IS 7590 (1975)
IS_7591_2023,IS 7591 : 2023,Standard,IS_7591,IS 7591,Standard,SUPERSEDES,0.95,IS 7591 : 2023 (2023) chronologically supersedes IS 7591 (1975)
IS_761_2017,IS 761 : 2017,Standard,IS_761,IS 761,Standard,SUPERSEDES,0.95,IS 761 : 2017 (2017) chronologically supersedes IS 761 (1988)
IS_7623_2019,IS 7623 : 2019,Standard,IS_7623,IS 7623,Standard,SUPERSEDES,0.95,IS 7623 : 2019 (2019) chronologically supersedes IS 7623 (1993)
IS_7645_2021,IS 7645 : 2021,Standard,IS_7645,IS 7645,Standard,SUPERSEDES,0.95,IS 7645 : 2021 (2021) chronologically supersedes IS 7645 (1994)
IS_7686_2020,IS 7686 : 2020,Standard,IS_7686,IS 7686,Standard,SUPERSEDES,0.95,IS 7686 : 2020 (2020) chronologically supersedes IS 7686 (1975)
IS_7696_2023,IS 7696 : 2023,Standard,IS_7696,IS 7696,Standard,SUPERSEDES,0.95,IS 7696 : 2023 (2023) chronologically supersedes IS 7696 (1991)
IS_770_2013,IS 770 : 2013,Standard,IS_770,IS 770,Standard,SUPERSEDES,0.95,IS 770 : 2013 (2019) chronologically supersedes IS 770 (1977)
IS_7704_2022,IS 7704 : 2022,Standard,IS_7704,IS 7704,Standard,SUPERSEDES,0.95,IS 7704 : 2022 (2022) chronologically supersedes IS 7704 (1993)
IS_7718_2018,IS 7718 : 2018,Standard,IS_7718,IS 7718,Standard,SUPERSEDES,0.95,IS 7718 : 2018 (2018) chronologically supersedes IS 7718 (1991)
IS_7730_2022,IS 7730 : 2022,Standard,IS_7730,IS 7730,Standard,SUPERSEDES,0.95,IS 7730 : 2022 (2022) chronologically supersedes IS 7730 (1975)
IS_7731_2021,IS 7731 : 2021,Standard,IS_7731,IS 7731,Standard,SUPERSEDES,0.95,IS 7731 : 2021 (2021) chronologically supersedes IS 7731 (1975)
IS_774_2021,IS 774 : 2021,Standard,IS_774,IS 774,Standard,SUPERSEDES,0.95,IS 774 : 2021 (2022) chronologically supersedes IS 774 (2004)
IS_7742_2013,IS 7742 : 2013,Standard,IS_7742,IS 7742,Standard,SUPERSEDES,0.95,IS 7742 : 2013 (2019) chronologically supersedes IS 7742 (1975)
IS_7746_2022,IS 7746 : 2022,Standard,IS_7746,IS 7746,Standard,SUPERSEDES,0.95,IS 7746 : 2022 (2022) chronologically supersedes IS 7746 (1991)
IS_7749_2016,IS 7749 : 2016,Standard,IS_7749,IS 7749,Standard,SUPERSEDES,0.95,IS 7749 : 2016 (2016) chronologically supersedes IS 7749 (1975)
IS_7750_2013,IS 7750 : 2013,Standard,IS_7750,IS 7750,Standard,SUPERSEDES,0.95,IS 7750 : 2013 (2019) chronologically supersedes IS 7750 (1975)
IS_7763_2023,IS 7763 : 2023,Standard,IS_7763,IS 7763,Standard,SUPERSEDES,0.95,IS 7763 : 2023 (2023) chronologically supersedes IS 7763 (1975)
IS_7776_2021,IS 7776 : 2021,Standard,IS_7776,IS 7776,Standard,SUPERSEDES,0.95,IS 7776 : 2021 (2021) chronologically supersedes IS 7776 (1975)
IS_7777_2023,IS 7777 : 2023,Standard,IS_7777,IS 7777,Standard,SUPERSEDES,0.95,IS 7777 : 2023 (2023) chronologically supersedes IS 7777 (1987)
IS_7779_Part_4_Sec_1_to_3_1996,IS 7779 : Part 4 : Sec 1 to 3 : 1996,Standard,IS_7779_Part_5_Sec_1_to_3_1997,IS 7779 : Part 5 : Sec 1 to 3 : 1997,Standard,SUPERSEDES,0.95,IS 7779 : Part 4 : Sec 1 to 3 : 1996 (2018) chronologically supersedes IS 7779 : Part 5 : Sec 1 to 3 : 1997 (2016)
IS_7792_2023,IS 7792 : 2023,Standard,IS_7792,IS 7792,Standard,SUPERSEDES,0.95,IS 7792 : 2023 (2023) chronologically supersedes IS 7792 (1975)
IS_7811_2019,IS 7811 : 2019,Standard,IS_7811,IS 7811,Standard,SUPERSEDES,0.95,IS 7811 : 2019 (2019) chronologically supersedes IS 7811 (1985)
IS_7813_2022,IS 7813 : 2022,Standard,IS_7813,IS 7813,Standard,SUPERSEDES,0.95,IS 7813 : 2022 (2022) chronologically supersedes IS 7813 (1975)
IS_7835_2013,IS 7835 : 2013,Standard,IS_7835,IS 7835,Standard,SUPERSEDES,0.95,IS 7835 : 2013 (2019) chronologically supersedes IS 7835 (1975)
IS_7836_2013,IS 7836 : 2013,Standard,IS_7836,IS 7836,Standard,SUPERSEDES,0.95,IS 7836 : 2013 (2019) chronologically supersedes IS 7836 (1975)
IS_7837_2013,IS 7837 : 2013,Standard,IS_7837,IS 7837,Standard,SUPERSEDES,0.95,IS 7837 : 2013 (2019) chronologically supersedes IS 7837 (1975)
IS_7839_2022,IS 7839 : 2022,Standard,IS_7839,IS 7839,Standard,SUPERSEDES,0.95,IS 7839 : 2022 (2023) chronologically supersedes IS 7839 (1975)
IS_784_2019,IS 784 : 2019,Standard,IS_784,IS 784,Standard,SUPERSEDES,0.95,IS 784 : 2019 (2019) chronologically supersedes IS 784 (2001)
IS_7842_2022,IS 7842 : 2022,Standard,IS_7842,IS 7842,Standard,SUPERSEDES,0.95,IS 7842 : 2022 (2022) chronologically supersedes IS 7842 (1975)
IS_7843_2022,IS 7843 : 2022,Standard,IS_7843,IS 7843,Standard,SUPERSEDES,0.95,IS 7843 : 2022 (2022) chronologically supersedes IS 7843 (1975)
IS_7844_2022,IS 7844 : 2022,Standard,IS_7844,IS 7844,Standard,SUPERSEDES,0.95,IS 7844 : 2022 (2022) chronologically supersedes IS 7844 (1975)
IS_7845_2022,IS 7845 : 2022,Standard,IS_7845,IS 7845,Standard,SUPERSEDES,0.95,IS 7845 : 2022 (2022) chronologically supersedes IS 7845 (1975)
IS_7867_2022,IS 7867 : 2022,Standard,IS_7867,IS 7867,Standard,SUPERSEDES,0.95,IS 7867 : 2022 (2022) chronologically supersedes IS 7867 (1975)
IS_7872_2020,IS 7872 : 2020,Standard,IS_7872,IS 7872,Standard,SUPERSEDES,0.95,IS 7872 : 2020 (2021) chronologically supersedes IS 7872 (1975)
IS_7881_Part_1_2023,IS 7881 : Part 1 : 2023,Standard,IS_7881_Part_2_2022,IS 7881 : Part 2 : 2022,Standard,SUPERSEDES,0.95,IS 7881 : Part 1 : 2023 (2023) chronologically supersedes IS 7881 : Part 2 : 2022 (2022)
IS_7884_2023,IS 7884 : 2023,Standard,IS_7884,IS 7884,Standard,SUPERSEDES,0.95,IS 7884 : 2023 (2023) chronologically supersedes IS 7884 (2004)
IS_7889_2023,IS 7889 : 2023,Standard,IS_7889,IS 7889,Standard,SUPERSEDES,0.95,IS 7889 : 2023 (2023) chronologically supersedes IS 7889 (1975)
IS_789_2018,IS 789 : 2018,Standard,IS_789,IS 789,Standard,SUPERSEDES,0.95,IS 789 : 2018 (2018) chronologically supersedes IS 789 (1971)
IS_7896_2023,IS 7896 : 2023,Standard,IS_7896,IS 7896,Standard,SUPERSEDES,0.95,IS 7896 : 2023 (2023) chronologically supersedes IS 7896 (2001)
IS_79_2021,IS 79 : 2021,Standard,IS_79,IS 79,Standard,SUPERSEDES,0.95,IS 79 : 2021 (2021) chronologically supersedes IS 79 (1975)
IS_790_2023,IS 790 : 2023,Standard,IS_790,IS 790,Standard,SUPERSEDES,0.95,IS 790 : 2023 (2023) chronologically supersedes IS 790 (1987)
IS_7903_2017,IS 7903 : 2017,Standard,IS_7903,IS 7903,Standard,SUPERSEDES,0.95,IS 7903 : 2017 (2017) chronologically supersedes IS 7903 (2011)
IS_7904_2018,IS 7904 : 2018,Standard,IS_7904,IS 7904,Standard,SUPERSEDES,0.95,IS 7904 : 2018 (2018) chronologically supersedes IS 7904 (1995)
IS_7905_2018,IS 7905 : 2018,Standard,IS_7905,IS 7905,Standard,SUPERSEDES,0.95,IS 7905 : 2018 (2018) chronologically supersedes IS 7905 (1996)
IS_7933_2022,IS 7933 : 2022,Standard,IS_7933,IS 7933,Standard,SUPERSEDES,0.95,IS 7933 : 2022 (2022) chronologically supersedes IS 7933 (1975)
IS_7938_2023,IS 7938 : 2023,Standard,IS_7938,IS 7938,Standard,SUPERSEDES,0.95,IS 7938 : 2023 (2023) chronologically supersedes IS 7938 (1976)
IS_795_2013,IS 795 : 2013,Standard,IS_795,IS 795,Standard,SUPERSEDES,0.95,IS 795 : 2013 (2019) chronologically supersedes IS 795 (1976)
IS_7959_2023,IS 7959 : 2023,Standard,IS_7959,IS 7959,Standard,SUPERSEDES,0.95,IS 7959 : 2023 (2023) chronologically supersedes IS 7959 (1987)
IS_797_2023,IS 797 : 2023,Standard,IS_797,IS 797,Standard,SUPERSEDES,0.95,IS 797 : 2023 (2023) chronologically supersedes IS 797 (1982)
IS_7976_2023,IS 7976 : 2023,Standard,IS_7976,IS 7976,Standard,SUPERSEDES,0.95,IS 7976 : 2023 (2023) chronologically supersedes IS 7976 (1976)
IS_798_2020,IS 798 : 2020,Standard,IS_798,IS 798,Standard,SUPERSEDES,0.95,IS 798 : 2020 (2020) chronologically supersedes IS 798 (1986)
IS_799_2023,IS 799 : 2023,Standard,IS_799,IS 799,Standard,SUPERSEDES,0.95,IS 799 : 2023 (2023) chronologically supersedes IS 799 (1985)
IS_7991_2016,IS 7991 : 2016,Standard,IS_7991,IS 7991,Standard,SUPERSEDES,0.95,IS 7991 : 2016 (2016) chronologically supersedes IS 7991 (1991)
IS_8015_2023,IS 8015 : 2023,Standard,IS_8015,IS 8015,Standard,SUPERSEDES,0.95,IS 8015 : 2023 (2023) chronologically supersedes IS 8015 (1996)
IS_8016_2023,IS 8016 : 2023,Standard,IS_8016,IS 8016,Standard,SUPERSEDES,0.95,IS 8016 : 2023 (2023) chronologically supersedes IS 8016 (1996)
IS_802_Part_1_Sec_2_2016,IS 802 : Part 1 : Sec 2 : 2016,Standard,IS_802_Part_1_Sec_1_2015,IS 802 : Part 1 : Sec 1 : 2015,Standard,SUPERSEDES,0.95,IS 802 : Part 1 : Sec 2 : 2016 (2017) chronologically supersedes IS 802 : Part 1 : Sec 1 : 2015 (2016)
IS_802_Part_6_2022,IS 802 : Part 6 : 2022,Standard,IS_802_Part_1_Sec_2_2016,IS 802 : Part 1 : Sec 2 : 2016,Standard,SUPERSEDES,0.95,IS 802 : Part 6 : 2022 (2022) chronologically supersedes IS 802 : Part 1 : Sec 2 : 2016 (2017)
IS_802_Part_4_2023,IS 802 : Part 4 : 2023,Standard,IS_802_Part_6_2022,IS 802 : Part 6 : 2022,Standard,SUPERSEDES,0.95,IS 802 : Part 4 : 2023 (2023) chronologically supersedes IS 802 : Part 6 : 2022 (2022)
IS_8024_2023,IS 8024 : 2023,Standard,IS_8024,IS 8024,Standard,SUPERSEDES,0.95,IS 8024 : 2023 (2023) chronologically supersedes IS 8024 (1976)
IS_8026_2023,IS 8026 : 2023,Standard,IS_8026,IS 8026,Standard,SUPERSEDES,0.95,IS 8026 : 2023 (2023) chronologically supersedes IS 8026 (1987)
IS_8028_2023,IS 8028 : 2023,Standard,IS_8028,IS 8028,Standard,SUPERSEDES,0.95,IS 8028 : 2023 (2023) chronologically supersedes IS 8028 (1987)
IS_8029_2023,IS 8029 : 2023,Standard,IS_8029,IS 8029,Standard,SUPERSEDES,0.95,IS 8029 : 2023 (2023) chronologically supersedes IS 8029 (1985)
IS_8034_2018,IS 8034 : 2018,Standard,IS_8034,IS 8034,Standard,SUPERSEDES,0.95,IS 8034 : 2018 (2018) chronologically supersedes IS 8034 (2002)
IS_8035_2022,IS 8035 : 2022,Standard,IS_8035,IS 8035,Standard,SUPERSEDES,0.95,IS 8035 : 2022 (2022) chronologically supersedes IS 8035 (1999)
IS_8039_2023,IS 8039 : 2023,Standard,IS_8039,IS 8039,Standard,SUPERSEDES,0.95,IS 8039 : 2023 (2023) chronologically supersedes IS 8039 (1991)
IS_8042_2015,IS 8042 : 2015,Standard,IS_8042,IS 8042,Standard,SUPERSEDES,0.95,IS 8042 : 2015 (2018) chronologically supersedes IS 8042 (1989)
IS_8049_2023,IS 8049 : 2023,Standard,IS_8049,IS 8049,Standard,SUPERSEDES,0.95,IS 8049 : 2023 (2023) chronologically supersedes IS 8049 (1988)
IS_8050_2018,IS 8050 : 2018,Standard,IS_8050,IS 8050,Standard,SUPERSEDES,0.95,IS 8050 : 2018 (2018) chronologically supersedes IS 8050 (1976)
IS_8058_2018,IS 8058 : 2018,Standard,IS_8058,IS 8058,Standard,SUPERSEDES,0.95,IS 8058 : 2018 (2018) chronologically supersedes IS 8058 (1976)
IS_8072_2023,IS 8072 : 2023,Standard,IS_8072,IS 8072,Standard,SUPERSEDES,0.95,IS 8072 : 2023 (2023) chronologically supersedes IS 8072 (1984)
IS_8075_2021,IS 8075 : 2021,Standard,IS_8075,IS 8075,Standard,SUPERSEDES,0.95,IS 8075 : 2021 (2021) chronologically supersedes IS 8075 (1976)
IS_808_2021,IS 808 : 2021,Standard,IS_808,IS 808,Standard,SUPERSEDES,0.95,IS 808 : 2021 (2021) chronologically supersedes IS 808 (1989)
IS_8088_2019,IS 8088 : 2019,Standard,IS_8088,IS 8088,Standard,SUPERSEDES,0.95,IS 8088 : 2019 (2019) chronologically supersedes IS 8088 (1976)
IS_8091_2018,IS 8091 : 2018,Standard,IS_8091,IS 8091,Standard,SUPERSEDES,0.95,IS 8091 : 2018 (2018) chronologically supersedes IS 8091 (2008)
IS_8105_2023,IS 8105 : 2023,Standard,IS_8105,IS 8105,Standard,SUPERSEDES,0.95,IS 8105 : 2023 (2023) chronologically supersedes IS 8105 (1976)
IS_8110_2019,IS 8110 : 2019,Standard,IS_8110,IS 8110,Standard,SUPERSEDES,0.95,IS 8110 : 2019 (2019) chronologically supersedes IS 8110 (2000)
IS_8130_2013,IS 8130 : 2013,Standard,IS_8130,IS 8130,Standard,SUPERSEDES,0.95,IS 8130 : 2013 (2019) chronologically supersedes IS 8130 (1984)
IS_8133_2021,IS 8133 : 2021,Standard,IS_8133,IS 8133,Standard,SUPERSEDES,0.95,IS 8133 : 2021 (2021) chronologically supersedes IS 8133 (1983)
IS_8137_2023,IS 8137 : 2023,Standard,IS_8137,IS 8137,Standard,SUPERSEDES,0.95,IS 8137 : 2023 (2023) chronologically supersedes IS 8137 (1976)
IS_8138_2023,IS 8138 : 2023,Standard,IS_8138,IS 8138,Standard,SUPERSEDES,0.95,IS 8138 : 2023 (2023) chronologically supersedes IS 8138 (1976)
IS_8139_2023,IS 8139 : 2023,Standard,IS_8139,IS 8139,Standard,SUPERSEDES,0.95,IS 8139 : 2023 (2023) chronologically supersedes IS 8139 (1976)
IS_8144_2018,IS 8144 : 2018,Standard,IS_8144,IS 8144,Standard,SUPERSEDES,0.95,IS 8144 : 2018 (2018) chronologically supersedes IS 8144 (1997)
IS_8148_2018,IS 8148 : 2018,Standard,IS_8148,IS 8148,Standard,SUPERSEDES,0.95,IS 8148 : 2018 (2019) chronologically supersedes IS 8148 (2003)
IS_8156_2014,IS 8156 : 2014,Standard,IS_8156,IS 8156,Standard,SUPERSEDES,0.95,IS 8156 : 2014 (2019) chronologically supersedes IS 8156 (1994)
IS_8164_2023,IS 8164 : 2023,Standard,IS_8164,IS 8164,Standard,SUPERSEDES,0.95,IS 8164 : 2023 (2023) chronologically supersedes IS 8164 (1976)
IS_8176_2023,IS 8176 : 2023,Standard,IS_8176,IS 8176,Standard,SUPERSEDES,0.95,IS 8176 : 2023 (2023) chronologically supersedes IS 8176 (1976)
IS_8180_2020,IS 8180 : 2020,Standard,IS_8180,IS 8180,Standard,SUPERSEDES,0.95,IS 8180 : 2020 (2020) chronologically supersedes IS 8180 (1992)
IS_8193_1976,IS 8193 : 1976,Standard,IS_8193,IS 8193,Standard,SUPERSEDES,0.95,IS 8193 : 1976 (2018) chronologically supersedes IS 8193 (2004)
IS_8195_1976,IS 8195 : 1976,Standard,IS_8195,IS 8195,Standard,SUPERSEDES,0.95,IS 8195 : 1976 (2018) chronologically supersedes IS 8195 (2004)
IS_8198_Part_5_2022,IS 8198 : Part 5 : 2022,Standard,IS_8198,IS 8198,Standard,SUPERSEDES,0.95,IS 8198 : Part 5 : 2022 (2022) chronologically supersedes IS 8198 (2004)
IS_8226_2017,IS 8226 : 2017,Standard,IS_8226,IS 8226,Standard,SUPERSEDES,0.95,IS 8226 : 2017 (2017) chronologically supersedes IS 8226 (1976)
IS_8236_2019,IS 8236 : 2019,Standard,IS_8236,IS 8236,Standard,SUPERSEDES,0.95,IS 8236 : 2019 (2019) chronologically supersedes IS 8236 (1994)
IS_8249_2019,IS 8249 : 2019,Standard,IS_8249,IS 8249,Standard,SUPERSEDES,0.95,IS 8249 : 2019 (2019) chronologically supersedes IS 8249 (1994)
IS_8258_2022,IS 8258 : 2022,Standard,IS_8258,IS 8258,Standard,SUPERSEDES,0.95,IS 8258 : 2022 (2023) chronologically supersedes IS 8258 (1976)
IS_8259_2023,IS 8259 : 2023,Standard,IS_8259,IS 8259,Standard,SUPERSEDES,0.95,IS 8259 : 2023 (2023) chronologically supersedes IS 8259 (1976)
IS_826_2018,IS 826 : 2018,Standard,IS_826,IS 826,Standard,SUPERSEDES,0.95,IS 826 : 2018 (2018) chronologically supersedes IS 826 (1980)
IS_8267_2023,IS 8267 : 2023,Standard,IS_8267,IS 8267,Standard,SUPERSEDES,0.95,IS 8267 : 2023 (2023) chronologically supersedes IS 8267 (1976)
IS_8268_2020,IS 8268 : 2020,Standard,IS_8268,IS 8268,Standard,SUPERSEDES,0.95,IS 8268 : 2020 (2021) chronologically supersedes IS 8268 (2001)
IS_828_Part_1_2023,IS 828 : Part 1 : 2023,Standard,IS_828,IS 828,Standard,SUPERSEDES,0.95,IS 828 : Part 1 : 2023 (2023) chronologically supersedes IS 828 (1979)
IS_8294_2023,IS 8294 : 2023,Standard,IS_8294,IS 8294,Standard,SUPERSEDES,0.95,IS 8294 : 2023 (2023) chronologically supersedes IS 8294 (1976)
IS_8302_2021,IS 8302 : 2021,Standard,IS_8302,IS 8302,Standard,SUPERSEDES,0.95,IS 8302 : 2021 (2021) chronologically supersedes IS 8302 (1977)
IS_8323_2018,IS 8323 : 2018,Standard,IS_8323,IS 8323,Standard,SUPERSEDES,0.95,IS 8323 : 2018 (2018) chronologically supersedes IS 8323 (1977)
IS_8331_2023,IS 8331 : 2023,Standard,IS_8331,IS 8331,Standard,SUPERSEDES,0.95,IS 8331 : 2023 (2023) chronologically supersedes IS 8331 (2003)
IS_835_2023,IS 835 : 2023,Standard,IS_835,IS 835,Standard,SUPERSEDES,0.95,IS 835 : 2023 (2023) chronologically supersedes IS 835 (1978)
IS_8359_2018,IS 8359 : 2018,Standard,IS_8359,IS 8359,Standard,SUPERSEDES,0.95,IS 8359 : 2018 (2019) chronologically supersedes IS 8359 (1993)
IS_8361_2014,IS 8361 : 2014,Standard,IS_8361,IS 8361,Standard,SUPERSEDES,0.95,IS 8361 : 2014 (2017) chronologically supersedes IS 8361 (1977)
IS_8367_2023,IS 8367 : 2023,Standard,IS_8367,IS 8367,Standard,SUPERSEDES,0.95,IS 8367 : 2023 (2023) chronologically supersedes IS 8367 (1993)
IS_8370_2018,IS 8370 : 2018,Standard,IS_8370,IS 8370,Standard,SUPERSEDES,0.95,IS 8370 : 2018 (2018) chronologically supersedes IS 8370 (1977)
IS_8380_2023,IS 8380 : 2023,Standard,IS_8380,IS 8380,Standard,SUPERSEDES,0.95,IS 8380 : 2023 (2023) chronologically supersedes IS 8380 (1977)
IS_8391_Part_3_2019,IS 8391 : Part 3 : 2019,Standard,IS_8391,IS 8391,Standard,SUPERSEDES,0.95,IS 8391 : Part 3 : 2019 (2019) chronologically supersedes IS 8391 (1987)
IS_8391_Part_1_2019,IS 8391 : Part 1 : 2019,Standard,IS_8391_Part_3_2019,IS 8391 : Part 3 : 2019,Standard,SUPERSEDES,0.95,IS 8391 : Part 1 : 2019 (2020) chronologically supersedes IS 8391 : Part 3 : 2019 (2019)
IS_8392_2023,IS 8392 : 2023,Standard,IS_8392,IS 8392,Standard,SUPERSEDES,0.95,IS 8392 : 2023 (2023) chronologically supersedes IS 8392 (1985)
IS_8414_2014,IS 8414 : 2014,Standard,IS_8414,IS 8414,Standard,SUPERSEDES,0.95,IS 8414 : 2014 (2017) chronologically supersedes IS 8414 (1977)
IS_8430_2023,IS 8430 : 2023,Standard,IS_8430,IS 8430,Standard,SUPERSEDES,0.95,IS 8430 : 2023 (2023) chronologically supersedes IS 8430 (1977)
IS_8433_2017,IS 8433 : 2017,Standard,IS_8433,IS 8433,Standard,SUPERSEDES,0.95,IS 8433 : 2017 (2017) chronologically supersedes IS 8433 (1984)
IS_8440_2023,IS 8440 : 2023,Standard,IS_8440,IS 8440,Standard,SUPERSEDES,0.95,IS 8440 : 2023 (2023) chronologically supersedes IS 8440 (1977)
IS_8451_2018,IS 8451 : 2018,Standard,IS_8451,IS 8451,Standard,SUPERSEDES,0.95,IS 8451 : 2018 (2018) chronologically supersedes IS 8451 (2009)
IS_8460_2023,IS 8460 : 2023,Standard,IS_8460,IS 8460,Standard,SUPERSEDES,0.95,IS 8460 : 2023 (2023) chronologically supersedes IS 8460 (1977)
IS_8472_2019,IS 8472 : 2019,Standard,IS_8472,IS 8472,Standard,SUPERSEDES,0.95,IS 8472 : 2019 (2019) chronologically supersedes IS 8472 (1998)
IS_8481_2020,IS 8481 : 2020,Standard,IS_8481,IS 8481,Standard,SUPERSEDES,0.95,IS 8481 : 2020 (2020) chronologically supersedes IS 8481 (2005)
IS_8482_2020,IS 8482 : 2020,Standard,IS_8482,IS 8482,Standard,SUPERSEDES,0.95,IS 8482 : 2020 (2020) chronologically supersedes IS 8482 (1995)
IS_8485_2018,IS 8485 : 2018,Standard,IS_8485,IS 8485,Standard,SUPERSEDES,0.95,IS 8485 : 2018 (2018) chronologically supersedes IS 8485 (1977)
IS_8487_2023,IS 8487 : 2023,Standard,IS_8487,IS 8487,Standard,SUPERSEDES,0.95,IS 8487 : 2023 (2023) chronologically supersedes IS 8487 (1977)
IS_8488_2023,IS 8488 : 2023,Standard,IS_8488,IS 8488,Standard,SUPERSEDES,0.95,IS 8488 : 2023 (2023) chronologically supersedes IS 8488 (1977)
IS_8489_2023,IS 8489 : 2023,Standard,IS_8489,IS 8489,Standard,SUPERSEDES,0.95,IS 8489 : 2023 (2023) chronologically supersedes IS 8489 (1977)
IS_8494_2023,IS 8494 : 2023,Standard,IS_8494,IS 8494,Standard,SUPERSEDES,0.95,IS 8494 : 2023 (2023) chronologically supersedes IS 8494 (1977)
IS_8498_2013,IS 8498 : 2013,Standard,IS_8498,IS 8498,Standard,SUPERSEDES,0.95,IS 8498 : 2013 (2018) chronologically supersedes IS 8498 (1977)
IS_8502_2018,IS 8502 : 2018,Standard,IS_8502,IS 8502,Standard,SUPERSEDES,0.95,IS 8502 : 2018 (2018) chronologically supersedes IS 8502 (1994)
IS_8506_1977,IS 8506 : 1977,Standard,IS_8506,IS 8506,Standard,SUPERSEDES,0.95,IS 8506 : 1977 (2018) chronologically supersedes IS 8506 (1977)
IS_853_2023,IS 853 : 2023,Standard,IS_853,IS 853,Standard,SUPERSEDES,0.95,IS 853 : 2023 (2023) chronologically supersedes IS 853 (1964)
IS_854_2021,IS 854 : 2021,Standard,IS_854,IS 854,Standard,SUPERSEDES,0.95,IS 854 : 2021 (2022) chronologically supersedes IS 854 (1991)
IS_8545_2023,IS 8545 : 2023,Standard,IS_8545,IS 8545,Standard,SUPERSEDES,0.95,IS 8545 : 2023 (2023) chronologically supersedes IS 8545 (1977)
IS_8551_2023,IS 8551 : 2023,Standard,IS_8551,IS 8551,Standard,SUPERSEDES,0.95,IS 8551 : 2023 (2023) chronologically supersedes IS 8551 (2004)
IS_8552_2023,IS 8552 : 2023,Standard,IS_8552,IS 8552,Standard,SUPERSEDES,0.95,IS 8552 : 2023 (2023) chronologically supersedes IS 8552 (1977)
IS_8553_2023,IS 8553 : 2023,Standard,IS_8553,IS 8553,Standard,SUPERSEDES,0.95,IS 8553 : 2023 (2023) chronologically supersedes IS 8553 (1977)
IS_8590_2023,IS 8590 : 2023,Standard,IS_8590,IS 8590,Standard,SUPERSEDES,0.95,IS 8590 : 2023 (2023) chronologically supersedes IS 8590 (1977)
IS_8598_2019,IS 8598 : 2019,Standard,IS_8598,IS 8598,Standard,SUPERSEDES,0.95,IS 8598 : 2019 (2019) chronologically supersedes IS 8598 (1987)
IS_860_2021,IS 860 : 2021,Standard,IS_860,IS 860,Standard,SUPERSEDES,0.95,IS 860 : 2021 (2022) chronologically supersedes IS 860 (1987)
IS_862_2023,IS 862 : 2023,Standard,IS_862,IS 862,Standard,SUPERSEDES,0.95,IS 862 : 2023 (2023) chronologically supersedes IS 862 (1990)
IS_8628_2020,IS 8628 : 2020,Standard,IS_8628,IS 8628,Standard,SUPERSEDES,0.95,IS 8628 : 2020 (2020) chronologically supersedes IS 8628 (1987)
IS_863_2023,IS 863 : 2023,Standard,IS_863,IS 863,Standard,SUPERSEDES,0.95,IS 863 : 2023 (2023) chronologically supersedes IS 863 (1988)
IS_8637_2020,IS 8637 : 2020,Standard,IS_8637,IS 8637,Standard,SUPERSEDES,0.95,IS 8637 : 2020 (2020) chronologically supersedes IS 8637 (1986)
IS_864_2023,IS 864 : 2023,Standard,IS_864,IS 864,Standard,SUPERSEDES,0.95,IS 864 : 2023 (2023) chronologically supersedes IS 864 (1990)
IS_8642_2023,IS 8642 : 2023,Standard,IS_8642,IS 8642,Standard,SUPERSEDES,0.95,IS 8642 : 2023 (2023) chronologically supersedes IS 8642 (1977)
IS_8647_2023,IS 8647 : 2023,Standard,IS_8647,IS 8647,Standard,SUPERSEDES,0.95,IS 8647 : 2023 (2023) chronologically supersedes IS 8647 (1977)
IS_8654_2019,IS 8654 : 2019,Standard,IS_8654,IS 8654,Standard,SUPERSEDES,0.95,IS 8654 : 2019 (2019) chronologically supersedes IS 8654 (2001)
IS_8684_2023,IS 8684 : 2023,Standard,IS_8684,IS 8684,Standard,SUPERSEDES,0.95,IS 8684 : 2023 (2023) chronologically supersedes IS 8684 (1978)
IS_8688_2004,IS 8688 : 2004,Standard,IS_8688,IS 8688,Standard,SUPERSEDES,0.95,IS 8688 : 2004 (2018) chronologically supersedes IS 8688 (1988)
IS_8689_2023,IS 8689 : 2023,Standard,IS_8689,IS 8689,Standard,SUPERSEDES,0.95,IS 8689 : 2023 (2023) chronologically supersedes IS 8689 (1978)
IS_869_2020,IS 869 : 2020,Standard,IS_869,IS 869,Standard,SUPERSEDES,0.95,IS 869 : 2020 (2020) chronologically supersedes IS 869 (1976)
IS_8698_2022,IS 8698 : 2022,Standard,IS_8698,IS 8698,Standard,SUPERSEDES,0.95,IS 8698 : 2022 (2022) chronologically supersedes IS 8698 (1984)
IS_8702_2015,IS 8702 : 2015,Standard,IS_8702,IS 8702,Standard,SUPERSEDES,0.95,IS 8702 : 2015 (2019) chronologically supersedes IS 8702 (1978)
IS_8703_2023,IS 8703 : 2023,Standard,IS_8703,IS 8703,Standard,SUPERSEDES,0.95,IS 8703 : 2023 (2023) chronologically supersedes IS 8703 (1978)
IS_8709_2023,IS 8709 : 2023,Standard,IS_8709,IS 8709,Standard,SUPERSEDES,0.95,IS 8709 : 2023 (2023) chronologically supersedes IS 8709 (1977)
IS_8730_2023,IS 8730 : 2023,Standard,IS_8730,IS 8730,Standard,SUPERSEDES,0.95,IS 8730 : 2023 (2023) chronologically supersedes IS 8730 (1997)
IS_8737_2017,IS 8737 : 2017,Standard,IS_8737,IS 8737,Standard,SUPERSEDES,0.95,IS 8737 : 2017 (2017) chronologically supersedes IS 8737 (1995)
IS_8748_2023,IS 8748 : 2023,Standard,IS_8748,IS 8748,Standard,SUPERSEDES,0.95,IS 8748 : 2023 (2023) chronologically supersedes IS 8748 (1978)
IS_8757_2021,IS 8757 : 2021,Standard,IS_8757,IS 8757,Standard,SUPERSEDES,0.95,IS 8757 : 2021 (2021) chronologically supersedes IS 8757 (1999)
IS_8767_2020,IS 8767 : 2020,Standard,IS_8767,IS 8767,Standard,SUPERSEDES,0.95,IS 8767 : 2020 (2020) chronologically supersedes IS 8767 (1978)
IS_8789_2021,IS 8789 : 2021,Standard,IS_8789,IS 8789,Standard,SUPERSEDES,0.95,IS 8789 : 2021 (2021) chronologically supersedes IS 8789 (1996)
IS_8799_2023,IS 8799 : 2023,Standard,IS_8799,IS 8799,Standard,SUPERSEDES,0.95,IS 8799 : 2023 (2023) chronologically supersedes IS 8799 (1978)
IS_8800_2023,IS 8800 : 2023,Standard,IS_8800,IS 8800,Standard,SUPERSEDES,0.95,IS 8800 : 2023 (2023) chronologically supersedes IS 8800 (1997)
IS_8808_2019,IS 8808 : 2019,Standard,IS_8808,IS 8808,Standard,SUPERSEDES,0.95,IS 8808 : 2019 (2019) chronologically supersedes IS 8808 (1999)
IS_883_2016,IS 883 : 2016,Standard,IS_883,IS 883,Standard,SUPERSEDES,0.95,IS 883 : 2016 (2017) chronologically supersedes IS 883 (1994)
IS_8875_2023,IS 8875 : 2023,Standard,IS_8875,IS 8875,Standard,SUPERSEDES,0.95,IS 8875 : 2023 (2023) chronologically supersedes IS 8875 (1978)
IS_8876_2023,IS 8876 : 2023,Standard,IS_8876,IS 8876,Standard,SUPERSEDES,0.95,IS 8876 : 2023 (2023) chronologically supersedes IS 8876 (1978)
IS_8877_2017,IS 8877 : 2017,Standard,IS_8877,IS 8877,Standard,SUPERSEDES,0.95,IS 8877 : 2017 (2017) chronologically supersedes IS 8877 (1987)
IS_8887_2018,IS 8887 : 2018,Standard,IS_8887,IS 8887,Standard,SUPERSEDES,0.95,IS 8887 : 2018 (2019) chronologically supersedes IS 8887 (2004)
IS_889_2023,IS 889 : 2023,Standard,IS_889,IS 889,Standard,SUPERSEDES,0.95,IS 889 : 2023 (2023) chronologically supersedes IS 889 (1991)
IS_8894_2021,IS 8894 : 2021,Standard,IS_8894,IS 8894,Standard,SUPERSEDES,0.95,IS 8894 : 2021 (2021) chronologically supersedes IS 8894 (1978)
IS_8895_2015,IS 8895 : 2015,Standard,IS_8895,IS 8895,Standard,SUPERSEDES,0.95,IS 8895 : 2015 (2019) chronologically supersedes IS 8895 (1978)
IS_891_2023,IS 891 : 2023,Standard,IS_891,IS 891,Standard,SUPERSEDES,0.95,IS 891 : 2023 (2023) chronologically supersedes IS 891 (1991)
IS_8914_2022,IS 8914 : 2022,Standard,IS_8914,IS 8914,Standard,SUPERSEDES,0.95,IS 8914 : 2022 (2022) chronologically supersedes IS 8914 (1988)
IS_8926_2023,IS 8926 : 2023,Standard,IS_8926,IS 8926,Standard,SUPERSEDES,0.95,IS 8926 : 2023 (2023) chronologically supersedes IS 8926 (1978)
IS_8928_1978,IS 8928 : 1978,Standard,IS_8928,IS 8928,Standard,SUPERSEDES,0.95,IS 8928 : 1978 (2016) chronologically supersedes IS 8928 (1988)
IS_8929_2023,IS 8929 : 2023,Standard,IS_8929,IS 8929,Standard,SUPERSEDES,0.95,IS 8929 : 2023 (2023) chronologically supersedes IS 8929 (1978)
IS_893_2023,IS 893 : 2023,Standard,IS_893,IS 893,Standard,SUPERSEDES,0.95,IS 893 : 2023 (2023) chronologically supersedes IS 893 (1991)
IS_8931_2021,IS 8931 : 2021,Standard,IS_8931,IS 8931,Standard,SUPERSEDES,0.95,IS 8931 : 2021 (2022) chronologically supersedes IS 8931 (1993)
IS_894_2023,IS 894 : 2023,Standard,IS_894,IS 894,Standard,SUPERSEDES,0.95,IS 894 : 2023 (2023) chronologically supersedes IS 894 (1980)
IS_8947_2021,IS 8947 : 2021,Standard,IS_8947,IS 8947,Standard,SUPERSEDES,0.95,IS 8947 : 2021 (2021) chronologically supersedes IS 8947 (1978)
IS_895_2023,IS 895 : 2023,Standard,IS_895,IS 895,Standard,SUPERSEDES,0.95,IS 895 : 2023 (2023) chronologically supersedes IS 895 (1991)
IS_8954_2023,IS 8954 : 2023,Standard,IS_8954,IS 8954,Standard,SUPERSEDES,0.95,IS 8954 : 2023 (2023) chronologically supersedes IS 8954 (1978)
IS_8955_2022,IS 8955 : 2022,Standard,IS_8955,IS 8955,Standard,SUPERSEDES,0.95,IS 8955 : 2022 (2023) chronologically supersedes IS 8955 (1978)
IS_8958_2023,IS 8958 : 2023,Standard,IS_8958,IS 8958,Standard,SUPERSEDES,0.95,IS 8958 : 2023 (2023) chronologically supersedes IS 8958 (1978)
IS_8959_2023,IS 8959 : 2023,Standard,IS_8959,IS 8959,Standard,SUPERSEDES,0.95,IS 8959 : 2023 (2023) chronologically supersedes IS 8959 (1978)
IS_896_2023,IS 896 : 2023,Standard,IS_896,IS 896,Standard,SUPERSEDES,0.95,IS 896 : 2023 (2023) chronologically supersedes IS 896 (1991)
IS_898_2020,IS 898 : 2020,Standard,IS_898,IS 898,Standard,SUPERSEDES,0.95,IS 898 : 2020 (2020) chronologically supersedes IS 898 (1985)
IS_8982_2019,IS 8982 : 2019,Standard,IS_8982,IS 8982,Standard,SUPERSEDES,0.95,IS 8982 : 2019 (2019) chronologically supersedes IS 8982 (1991)
IS_8983_2018,IS 8983 : 2018,Standard,IS_8983,IS 8983,Standard,SUPERSEDES,0.95,IS 8983 : 2018 (2018) chronologically supersedes IS 8983 (1978)
IS_8986_2022,IS 8986 : 2022,Standard,IS_8986,IS 8986,Standard,SUPERSEDES,0.95,IS 8986 : 2022 (2022) chronologically supersedes IS 8986 (1994)
IS_899_2022,IS 899 : 2022,Standard,IS_899,IS 899,Standard,SUPERSEDES,0.95,IS 899 : 2022 (2022) chronologically supersedes IS 899 (1971)
IS_8991_2023,IS 8991 : 2023,Standard,IS_8991,IS 8991,Standard,SUPERSEDES,0.95,IS 8991 : 2023 (2023) chronologically supersedes IS 8991 (1978)
IS_8995_2023,IS 8995 : 2023,Standard,IS_8995,IS 8995,Standard,SUPERSEDES,0.95,IS 8995 : 2023 (2023) chronologically supersedes IS 8995 (1979)
IS_8997_2022,IS 8997 : 2022,Standard,IS_8997,IS 8997,Standard,SUPERSEDES,0.95,IS 8997 : 2022 (2023) chronologically supersedes IS 8997 (1978)
IS_8998_2023,IS 8998 : 2023,Standard,IS_8998,IS 8998,Standard,SUPERSEDES,0.95,IS 8998 : 2023 (2023) chronologically supersedes IS 8998 (1978)
IS_900_2019,IS 900 : 2019,Standard,IS_900,IS 900,Standard,SUPERSEDES,0.95,IS 900 : 2019 (2020) chronologically supersedes IS 900 (1992)
IS_9004_2013,IS 9004 : 2013,Standard,IS_9004,IS 9004,Standard,SUPERSEDES,0.95,IS 9004 : 2013 (2018) chronologically supersedes IS 9004 (1978)
IS_9007_2023,IS 9007 : 2023,Standard,IS_9007,IS 9007,Standard,SUPERSEDES,0.95,IS 9007 : 2023 (2023) chronologically supersedes IS 9007 (1978)
IS_9034_2018,IS 9034 : 2018,Standard,IS_9034,IS 9034,Standard,SUPERSEDES,0.95,IS 9034 : 2018 (2018) chronologically supersedes IS 9034 (1978)
IS_9041_2023,IS 9041 : 2023,Standard,IS_9041,IS 9041,Standard,SUPERSEDES,0.95,IS 9041 : 2023 (2023) chronologically supersedes IS 9041 (1979)
IS_9049_2023,IS 9049 : 2023,Standard,IS_9049,IS 9049,Standard,SUPERSEDES,0.95,IS 9049 : 2023 (2023) chronologically supersedes IS 9049 (1989)
IS_9072_2023,IS 9072 : 2023,Standard,IS_9072,IS 9072,Standard,SUPERSEDES,0.95,IS 9072 : 2023 (2023) chronologically supersedes IS 9072 (1979)
IS_9074_2023,IS 9074 : 2023,Standard,IS_9074,IS 9074,Standard,SUPERSEDES,0.95,IS 9074 : 2023 (2023) chronologically supersedes IS 9074 (1979)
IS_9079_2018,IS 9079 : 2018,Standard,IS_9079,IS 9079,Standard,SUPERSEDES,0.95,IS 9079 : 2018 (2018) chronologically supersedes IS 9079 (2002)
IS_9081_2017,IS 9081 : 2017,Standard,IS_9081,IS 9081,Standard,SUPERSEDES,0.95,IS 9081 : 2017 (2017) chronologically supersedes IS 9081 (2011)
IS_9122_2023,IS 9122 : 2023,Standard,IS_9122,IS 9122,Standard,SUPERSEDES,0.95,IS 9122 : 2023 (2023) chronologically supersedes IS 9122 (2008)
IS_9131_2021,IS 9131 : 2021,Standard,IS_9131,IS 9131,Standard,SUPERSEDES,0.95,IS 9131 : 2021 (2021) chronologically supersedes IS 9131 (1979)
IS_9136_2022,IS 9136 : 2022,Standard,IS_9136,IS 9136,Standard,SUPERSEDES,0.95,IS 9136 : 2022 (2022) chronologically supersedes IS 9136 (1993)
IS_9137_2019,IS 9137 : 2019,Standard,IS_9137,IS 9137,Standard,SUPERSEDES,0.95,IS 9137 : 2019 (2020) chronologically supersedes IS 9137 (1978)
IS_9138_2020,IS 9138 : 2020,Standard,IS_9138,IS 9138,Standard,SUPERSEDES,0.95,IS 9138 : 2020 (2021) chronologically supersedes IS 9138 (2009)
IS_9139_2023,IS 9139 : 2023,Standard,IS_9139,IS 9139,Standard,SUPERSEDES,0.95,IS 9139 : 2023 (2023) chronologically supersedes IS 9139 (1979)
IS_9142_Part_1_2018,IS 9142 : Part 1 : 2018,Standard,IS_9142,IS 9142,Standard,SUPERSEDES,0.95,IS 9142 : Part 1 : 2018 (2018) chronologically supersedes IS 9142 (1979)
IS_9153_2023,IS 9153 : 2023,Standard,IS_9153,IS 9153,Standard,SUPERSEDES,0.95,IS 9153 : 2023 (2023) chronologically supersedes IS 9153 (1978)
IS_9159_2023,IS 9159 : 2023,Standard,IS_9159,IS 9159,Standard,SUPERSEDES,0.95,IS 9159 : 2023 (2023) chronologically supersedes IS 9159 (1979)
IS_9160_2023,IS 9160 : 2023,Standard,IS_9160,IS 9160,Standard,SUPERSEDES,0.95,IS 9160 : 2023 (2023) chronologically supersedes IS 9160 (1979)
IS_9161_2023,IS 9161 : 2023,Standard,IS_9161,IS 9161,Standard,SUPERSEDES,0.95,IS 9161 : 2023 (2023) chronologically supersedes IS 9161 (1979)
IS_9168_2018,IS 9168 : 2018,Standard,IS_9168,IS 9168,Standard,SUPERSEDES,0.95,IS 9168 : 2018 (2018) chronologically supersedes IS 9168 (1996)
IS_9180_2011,IS 9180 : 2011,Standard,IS_9180,IS 9180,Standard,SUPERSEDES,0.95,IS 9180 : 2011 (2018) chronologically supersedes IS 9180 (1991)
IS_9200_2021,IS 9200 : 2021,Standard,IS_9200,IS 9200,Standard,SUPERSEDES,0.95,IS 9200 : 2021 (2021) chronologically supersedes IS 9200 (1988)
IS_9202_2020,IS 9202 : 2020,Standard,IS_9202,IS 9202,Standard,SUPERSEDES,0.95,IS 9202 : 2020 (2020) chronologically supersedes IS 9202 (1979)
IS_9225_2018,IS 9225 : 2018,Standard,IS_9225,IS 9225,Standard,SUPERSEDES,0.95,IS 9225 : 2018 (2018) chronologically supersedes IS 9225 (1979)
IS_9227_2023,IS 9227 : 2023,Standard,IS_9227,IS 9227,Standard,SUPERSEDES,0.95,IS 9227 : 2023 (2023) chronologically supersedes IS 9227 (1979)
IS_9228_2019,IS 9228 : 2019,Standard,IS_9228,IS 9228,Standard,SUPERSEDES,0.95,IS 9228 : 2019 (2019) chronologically supersedes IS 9228 (1979)
IS_9230_2023,IS 9230 : 2023,Standard,IS_9230,IS 9230,Standard,SUPERSEDES,0.95,IS 9230 : 2023 (2023) chronologically supersedes IS 9230 (1979)
IS_9234_Part_1_2021,IS 9234 : Part 1 : 2021,Standard,IS_9234,IS 9234,Standard,SUPERSEDES,0.95,IS 9234 : Part 1 : 2021 (2021) chronologically supersedes IS 9234 (1979)
IS_9234_Part_3_2023,IS 9234 : Part 3 : 2023,Standard,IS_9234_Part_1_2021,IS 9234 : Part 1 : 2021,Standard,SUPERSEDES,0.95,IS 9234 : Part 3 : 2023 (2023) chronologically supersedes IS 9234 : Part 1 : 2021 (2021)
IS_9246_2022,IS 9246 : 2022,Standard,IS_9246,IS 9246,Standard,SUPERSEDES,0.95,IS 9246 : 2022 (2023) chronologically supersedes IS 9246 (1979)
IS_9253_2013,IS 9253 : 2013,Standard,IS_9253,IS 9253,Standard,SUPERSEDES,0.95,IS 9253 : 2013 (2018) chronologically supersedes IS 9253 (2001)
IS_9255_2020,IS 9255 : 2020,Standard,IS_9255,IS 9255,Standard,SUPERSEDES,0.95,IS 9255 : 2020 (2020) chronologically supersedes IS 9255 (1995)
IS_9265_2023,IS 9265 : 2023,Standard,IS_9265,IS 9265,Standard,SUPERSEDES,0.95,IS 9265 : 2023 (2023) chronologically supersedes IS 9265 (1979)
IS_9266_Part_2_2019,IS 9266 : Part 2 : 2019,Standard,IS_9266_Part_1_2017,IS 9266 : Part 1 : 2017,Standard,SUPERSEDES,0.95,IS 9266 : Part 2 : 2019 (2019) chronologically supersedes IS 9266 : Part 1 : 2017 (2018)
IS_9267_2021,IS 9267 : 2021,Standard,IS_9267,IS 9267,Standard,SUPERSEDES,0.95,IS 9267 : 2021 (2022) chronologically supersedes IS 9267 (1979)
IS_9279_2023,IS 9279 : 2023,Standard,IS_9279,IS 9279,Standard,SUPERSEDES,0.95,IS 9279 : 2023 (2023) chronologically supersedes IS 9279 (1979)
IS_9280_2023,IS 9280 : 2023,Standard,IS_9280,IS 9280,Standard,SUPERSEDES,0.95,IS 9280 : 2023 (2023) chronologically supersedes IS 9280 (1979)
IS_9282_2021,IS 9282 : 2021,Standard,IS_9282,IS 9282,Standard,SUPERSEDES,0.95,IS 9282 : 2021 (2022) chronologically supersedes IS 9282 (2002)
IS_9287_2023,IS 9287 : 2023,Standard,IS_9287,IS 9287,Standard,SUPERSEDES,0.95,IS 9287 : 2023 (2023) chronologically supersedes IS 9287 (1979)
IS_9294_2023,IS 9294 : 2023,Standard,IS_9294,IS 9294,Standard,SUPERSEDES,0.95,IS 9294 : 2023 (2023) chronologically supersedes IS 9294 (1979)
IS_9303_2021,IS 9303 : 2021,Standard,IS_9303,IS 9303,Standard,SUPERSEDES,0.95,IS 9303 : 2021 (2021) chronologically supersedes IS 9303 (1979)
IS_9304_2022,IS 9304 : 2022,Standard,IS_9304,IS 9304,Standard,SUPERSEDES,0.95,IS 9304 : 2022 (2022) chronologically supersedes IS 9304 (1979)
IS_9308_Part_1_2020,IS 9308 : Part 1 : 2020,Standard,IS_9308_Part_4_2019,IS 9308 : Part 4 : 2019,Standard,SUPERSEDES,0.95,IS 9308 : Part 1 : 2020 (2020) chronologically supersedes IS 9308 : Part 4 : 2019 (2019)
IS_9309_2022,IS 9309 : 2022,Standard,IS_9309,IS 9309,Standard,SUPERSEDES,0.95,IS 9309 : 2022 (2022) chronologically supersedes IS 9309 (1979)
IS_9311_2021,IS 9311 : 2021,Standard,IS_9311,IS 9311,Standard,SUPERSEDES,0.95,IS 9311 : 2021 (2021) chronologically supersedes IS 9311 (2001)
IS_9317_2022,IS 9317 : 2022,Standard,IS_9317,IS 9317,Standard,SUPERSEDES,0.95,IS 9317 : 2022 (2022) chronologically supersedes IS 9317 (2001)
IS_9338_2013,IS 9338 : 2013,Standard,IS_9338,IS 9338,Standard,SUPERSEDES,0.95,IS 9338 : 2013 (2019) chronologically supersedes IS 9338 (1984)
IS_9339_2020,IS 9339 : 2020,Standard,IS_9339,IS 9339,Standard,SUPERSEDES,0.95,IS 9339 : 2020 (2020) chronologically supersedes IS 9339 (1988)
IS_9351_2022,IS 9351 : 2022,Standard,IS_9351,IS 9351,Standard,SUPERSEDES,0.95,IS 9351 : 2022 (2023) chronologically supersedes IS 9351 (1980)
IS_9359_2023,IS 9359 : 2023,Standard,IS_9359,IS 9359,Standard,SUPERSEDES,0.95,IS 9359 : 2023 (2023) chronologically supersedes IS 9359 (1995)
IS_9365_2023,IS 9365 : 2023,Standard,IS_9365,IS 9365,Standard,SUPERSEDES,0.95,IS 9365 : 2023 (2023) chronologically supersedes IS 9365 (1980)
IS_9366_2023,IS 9366 : 2023,Standard,IS_9366,IS 9366,Standard,SUPERSEDES,0.95,IS 9366 : 2023 (2023) chronologically supersedes IS 9366 (1987)
IS_9382_2022,IS 9382 : 2022,Standard,IS_9382,IS 9382,Standard,SUPERSEDES,0.95,IS 9382 : 2022 (2022) chronologically supersedes IS 9382 (1979)
IS_9388_Part_2_2019,IS 9388 : Part 2 : 2019,Standard,IS_9388_Part_1_2018,IS 9388 : Part 1 : 2018,Standard,SUPERSEDES,0.95,IS 9388 : Part 2 : 2019 (2019) chronologically supersedes IS 9388 : Part 1 : 2018 (2018)
IS_9390_2018,IS 9390 : 2018,Standard,IS_9390,IS 9390,Standard,SUPERSEDES,0.95,IS 9390 : 2018 (2018) chronologically supersedes IS 9390 (1980)
IS_9393_2023,IS 9393 : 2023,Standard,IS_9393,IS 9393,Standard,SUPERSEDES,0.95,IS 9393 : 2023 (2023) chronologically supersedes IS 9393 (1979)
IS_9401_Part_20_2013,IS 9401 : Part 20 : 2013,Standard,IS_9401_Part_4_2018,IS 9401 : Part 4 : 2018,Standard,SUPERSEDES,0.95,IS 9401 : Part 20 : 2013 (2019) chronologically supersedes IS 9401 : Part 4 : 2018 (2018)
IS_9401_Part_19_2022,IS 9401 : Part 19 : 2022,Standard,IS_9401_Part_20_2013,IS 9401 : Part 20 : 2013,Standard,SUPERSEDES,0.95,IS 9401 : Part 19 : 2022 (2022) chronologically supersedes IS 9401 : Part 20 : 2013 (2019)
IS_9403_2018,IS 9403 : 2018,Standard,IS_9403,IS 9403,Standard,SUPERSEDES,0.95,IS 9403 : 2018 (2018) chronologically supersedes IS 9403 (1980)
IS_9417_2018,IS 9417 : 2018,Standard,IS_9417,IS 9417,Standard,SUPERSEDES,0.95,IS 9417 : 2018 (2018) chronologically supersedes IS 9417 (1989)
IS_9419_2017,IS 9419 : 2017,Standard,IS_9419,IS 9419,Standard,SUPERSEDES,0.95,IS 9419 : 2017 (2018) chronologically supersedes IS 9419 (1993)
IS_9426_2023,IS 9426 : 2023,Standard,IS_9426,IS 9426,Standard,SUPERSEDES,0.95,IS 9426 : 2023 (2023) chronologically supersedes IS 9426 (1980)
IS_9436_2018,IS 9436 : 2018,Standard,IS_9436,IS 9436,Standard,SUPERSEDES,0.95,IS 9436 : 2018 (2018) chronologically supersedes IS 9436 (1980)
IS_9438_2018,IS 9438 : 2018,Standard,IS_9438,IS 9438,Standard,SUPERSEDES,0.95,IS 9438 : 2018 (2019) chronologically supersedes IS 9438 (1980)
IS_9439_2022,IS 9439 : 2022,Standard,IS_9439,IS 9439,Standard,SUPERSEDES,0.95,IS 9439 : 2022 (2022) chronologically supersedes IS 9439 (2002)
IS_9446_2023,IS 9446 : 2023,Standard,IS_9446,IS 9446,Standard,SUPERSEDES,0.95,IS 9446 : 2023 (2023) chronologically supersedes IS 9446 (1980)
IS_9447_2023,IS 9447 : 2023,Standard,IS_9447,IS 9447,Standard,SUPERSEDES,0.95,IS 9447 : 2023 (2023) chronologically supersedes IS 9447 (1980)
IS_9451_2022,IS 9451 : 2022,Standard,IS_9451,IS 9451,Standard,SUPERSEDES,0.95,IS 9451 : 2022 (2022) chronologically supersedes IS 9451 (1994)
IS_9453_2014,IS 9453 : 2014,Standard,IS_9453,IS 9453,Standard,SUPERSEDES,0.95,IS 9453 : 2014 (2019) chronologically supersedes IS 9453 (1987)
IS_9458_2020,IS 9458 : 2020,Standard,IS_9458,IS 9458,Standard,SUPERSEDES,0.95,IS 9458 : 2020 (2020) chronologically supersedes IS 9458 (1994)
IS_9466_2020,IS 9466 : 2020,Standard,IS_9466,IS 9466,Standard,SUPERSEDES,0.95,IS 9466 : 2020 (2020) chronologically supersedes IS 9466 (1980)
IS_9478_2023,IS 9478 : 2023,Standard,IS_9478,IS 9478,Standard,SUPERSEDES,0.95,IS 9478 : 2023 (2023) chronologically supersedes IS 9478 (1989)
IS_9490_2018,IS 9490 : 2018,Standard,IS_9490,IS 9490,Standard,SUPERSEDES,0.95,IS 9490 : 2018 (2018) chronologically supersedes IS 9490 (1980)
IS_9500_2017,IS 9500 : 2017,Standard,IS_9500,IS 9500,Standard,SUPERSEDES,0.95,IS 9500 : 2017 (2017) chronologically supersedes IS 9500 (1980)
IS_9532_2023,IS 9532 : 2023,Standard,IS_9532,IS 9532,Standard,SUPERSEDES,0.95,IS 9532 : 2023 (2023) chronologically supersedes IS 9532 (1980)
IS_9543_2015,IS 9543 : 2015,Standard,IS_9543,IS 9543,Standard,SUPERSEDES,0.95,IS 9543 : 2015 (2017) chronologically supersedes IS 9543 (1980)
IS_9549_Part_2_2014,IS 9549 : Part 2 : 2014,Standard,IS_9549,IS 9549,Standard,SUPERSEDES,0.95,IS 9549 : Part 2 : 2014 (2019) chronologically supersedes IS 9549 (1980)
IS_9560_2023,IS 9560 : 2023,Standard,IS_9560,IS 9560,Standard,SUPERSEDES,0.95,IS 9560 : 2023 (2023) chronologically supersedes IS 9560 (1980)
IS_9565_2023,IS 9565 : 2023,Standard,IS_9565,IS 9565,Standard,SUPERSEDES,0.95,IS 9565 : 2023 (2023) chronologically supersedes IS 9565 (1995)
IS_9569_2022,IS 9569 : 2022,Standard,IS_9569,IS 9569,Standard,SUPERSEDES,0.95,IS 9569 : 2022 (2022) chronologically supersedes IS 9569 (1980)
IS_9573_Part_1_2017,IS 9573 : Part 1 : 2017,Standard,IS_9573,IS 9573,Standard,SUPERSEDES,0.95,IS 9573 : Part 1 : 2017 (2017) chronologically supersedes IS 9573 (1998)
IS_958_2020,IS 958 : 2020,Standard,IS_958,IS 958,Standard,SUPERSEDES,0.95,IS 958 : 2020 (2020) chronologically supersedes IS 958 (2000)
IS_9584_2022,IS 9584 : 2022,Standard,IS_9584,IS 9584,Standard,SUPERSEDES,0.95,IS 9584 : 2022 (2023) chronologically supersedes IS 9584 (1980)
IS_9585_2021,IS 9585 : 2021,Standard,IS_9585,IS 9585,Standard,SUPERSEDES,0.95,IS 9585 : 2021 (2021) chronologically supersedes IS 9585 (1980)
IS_9591_2023,IS 9591 : 2023,Standard,IS_9591,IS 9591,Standard,SUPERSEDES,0.95,IS 9591 : 2023 (2023) chronologically supersedes IS 9591 (1996)
IS_9617_2023,IS 9617 : 2023,Standard,IS_9617,IS 9617,Standard,SUPERSEDES,0.95,IS 9617 : 2023 (2023) chronologically supersedes IS 9617 (1980)
IS_9625_2023,IS 9625 : 2023,Standard,IS_9625,IS 9625,Standard,SUPERSEDES,0.95,IS 9625 : 2023 (2023) chronologically supersedes IS 9625 (1980)
IS_9639_2017,IS 9639 : 2017,Standard,IS_9639,IS 9639,Standard,SUPERSEDES,0.95,IS 9639 : 2017 (2017) chronologically supersedes IS 9639 (1980)
IS_966_2023,IS 966 : 2023,Standard,IS_966,IS 966,Standard,SUPERSEDES,0.95,IS 966 : 2023 (2023) chronologically supersedes IS 966 (1999)
IS_9663_2023,IS 9663 : 2023,Standard,IS_9663,IS 9663,Standard,SUPERSEDES,0.95,IS 9663 : 2023 (2023) chronologically supersedes IS 9663 (1980)
IS_9675_2023,IS 9675 : 2023,Standard,IS_9675,IS 9675,Standard,SUPERSEDES,0.95,IS 9675 : 2023 (2023) chronologically supersedes IS 9675 (1980)
IS_9701_2019,IS 9701 : 2019,Standard,IS_9701,IS 9701,Standard,SUPERSEDES,0.95,IS 9701 : 2019 (2019) chronologically supersedes IS 9701 (2001)
IS_9706_2019,IS 9706 : 2019,Standard,IS_9706,IS 9706,Standard,SUPERSEDES,0.95,IS 9706 : 2019 (2019) chronologically supersedes IS 9706 (1997)
IS_9740_2018,IS 9740 : 2018,Standard,IS_9740,IS 9740,Standard,SUPERSEDES,0.95,IS 9740 : 2018 (2018) chronologically supersedes IS 9740 (1981)
IS_9743_2020,IS 9743 : 2020,Standard,IS_9743,IS 9743,Standard,SUPERSEDES,0.95,IS 9743 : 2020 (2020) chronologically supersedes IS 9743 (1990)
IS_9749_2020,IS 9749 : 2020,Standard,IS_9749,IS 9749,Standard,SUPERSEDES,0.95,IS 9749 : 2020 (2020) chronologically supersedes IS 9749 (2007)
IS_9751_2023,IS 9751 : 2023,Standard,IS_9751,IS 9751,Standard,SUPERSEDES,0.95,IS 9751 : 2023 (2023) chronologically supersedes IS 9751 (1981)
IS_9755_2021,IS 9755 : 2021,Standard,IS_9755,IS 9755,Standard,SUPERSEDES,0.95,IS 9755 : 2021 (2021) chronologically supersedes IS 9755 (2003)
IS_9776_2023,IS 9776 : 2023,Standard,IS_9776,IS 9776,Standard,SUPERSEDES,0.95,IS 9776 : 2023 (2023) chronologically supersedes IS 9776 (1981)
IS_9777_2023,IS 9777 : 2023,Standard,IS_9777,IS 9777,Standard,SUPERSEDES,0.95,IS 9777 : 2023 (2023) chronologically supersedes IS 9777 (1981)
IS_9788_2023,IS 9788 : 2023,Standard,IS_9788,IS 9788,Standard,SUPERSEDES,0.95,IS 9788 : 2023 (2023) chronologically supersedes IS 9788 (1981)
IS_9794_2023,IS 9794 : 2023,Standard,IS_9794,IS 9794,Standard,SUPERSEDES,0.95,IS 9794 : 2023 (2023) chronologically supersedes IS 9794 (1981)
IS_9798_2013,IS 9798 : 2013,Standard,IS_9798,IS 9798,Standard,SUPERSEDES,0.95,IS 9798 : 2013 (2018) chronologically supersedes IS 9798 (1995)
IS_9827_2023,IS 9827 : 2023,Standard,IS_9827,IS 9827,Standard,SUPERSEDES,0.95,IS 9827 : 2023 (2023) chronologically supersedes IS 9827 (1981)
IS_9833_2018,IS 9833 : 2018,Standard,IS_9833,IS 9833,Standard,SUPERSEDES,0.95,IS 9833 : 2018 (2018) chronologically supersedes IS 9833 (1981)
IS_9834_1981,IS 9834 : 1981,Standard,IS_9834,IS 9834,Standard,SUPERSEDES,0.95,IS 9834 : 1981 (2018) chronologically supersedes IS 9834 (2004)
IS_9841_2022,IS 9841 : 2022,Standard,IS_9841,IS 9841,Standard,SUPERSEDES,0.95,IS 9841 : 2022 (2022) chronologically supersedes IS 9841 (1981)
IS_9850_2001,IS 9850 : 2001,Standard,IS_9850,IS 9850,Standard,SUPERSEDES,0.95,IS 9850 : 2001 (2018) chronologically supersedes IS 9850 (2004)
IS_9851_2020,IS 9851 : 2020,Standard,IS_9851,IS 9851,Standard,SUPERSEDES,0.95,IS 9851 : 2020 (2020) chronologically supersedes IS 9851 (1981)
IS_9853_2018,IS 9853 : 2018,Standard,IS_9853,IS 9853,Standard,SUPERSEDES,0.95,IS 9853 : 2018 (2019) chronologically supersedes IS 9853 (1981)
IS_9854_2018,IS 9854 : 2018,Standard,IS_9854,IS 9854,Standard,SUPERSEDES,0.95,IS 9854 : 2018 (2019) chronologically supersedes IS 9854 (1981)
IS_9875_2018,IS 9875 : 2018,Standard,IS_9875,IS 9875,Standard,SUPERSEDES,0.95,IS 9875 : 2018 (2018) chronologically supersedes IS 9875 (1990)
IS_9903_2023,IS 9903 : 2023,Standard,IS_9903,IS 9903,Standard,SUPERSEDES,0.95,IS 9903 : 2023 (2023) chronologically supersedes IS 9903 (1981)
IS_9904_2023,IS 9904 : 2023,Standard,IS_9904,IS 9904,Standard,SUPERSEDES,0.95,IS 9904 : 2023 (2023) chronologically supersedes IS 9904 (1981)
IS_9906_2023,IS 9906 : 2023,Standard,IS_9906,IS 9906,Standard,SUPERSEDES,0.95,IS 9906 : 2023 (2023) chronologically supersedes IS 9906 (1981)
IS_9908_2020,IS 9908 : 2020,Standard,IS_9908,IS 9908,Standard,SUPERSEDES,0.95,IS 9908 : 2020 (2020) chronologically supersedes IS 9908 (1981)
IS_9909_2023,IS 9909 : 2023,Standard,IS_9909,IS 9909,Standard,SUPERSEDES,0.95,IS 9909 : 2023 (2023) chronologically supersedes IS 9909 (1981)
IS_9912_2008,IS 9912 : 2008,Standard,IS_9912,IS 9912,Standard,SUPERSEDES,0.95,IS 9912 : 2008 (2018) chronologically supersedes IS 9912 (1981)
IS_9914_2023,IS 9914 : 2023,Standard,IS_9914,IS 9914,Standard,SUPERSEDES,0.95,IS 9914 : 2023 (2023) chronologically supersedes IS 9914 (1981)
IS_9917_2022,IS 9917 : 2022,Standard,IS_9917,IS 9917,Standard,SUPERSEDES,0.95,IS 9917 : 2022 (2022) chronologically supersedes IS 9917 (1983)
IS_9933_2023,IS 9933 : 2023,Standard,IS_9933,IS 9933,Standard,SUPERSEDES,0.95,IS 9933 : 2023 (2023) chronologically supersedes IS 9933 (1981)
IS_9936_2023,IS 9936 : 2023,Standard,IS_9936,IS 9936,Standard,SUPERSEDES,0.95,IS 9936 : 2023 (2023) chronologically supersedes IS 9936 (1992)
IS_9944_2023,IS 9944 : 2023,Standard,IS_9944,IS 9944,Standard,SUPERSEDES,0.95,IS 9944 : 2023 (2023) chronologically supersedes IS 9944 (1992)
IS_9972_2023,IS 9972 : 2023,Standard,IS_9972,IS 9972,Standard,SUPERSEDES,0.95,IS 9972 : 2023 (2023) chronologically supersedes IS 9972 (2002)
IS_9978_2022,IS 9978 : 2022,Standard,IS_9978,IS 9978,Standard,SUPERSEDES,0.95,IS 9978 : 2022 (2022) chronologically supersedes IS 9978 (1991)
IS_9981_2020,IS 9981 : 2020,Standard,IS_9981,IS 9981,Standard,SUPERSEDES,0.95,IS 9981 : 2020 (2020) chronologically supersedes IS 9981 (2000)
IS_9997_2023,IS 9997 : 2023,Standard,IS_9997,IS 9997,Standard,SUPERSEDES,0.95,IS 9997 : 2023 (2023) chronologically supersedes IS 9997 (1991)
IS_ISO_21572_2019,IS/ISO 21572 : 2019,Standard,IS_ISO_21572,IS/ISO 21572,Standard,SUPERSEDES,0.95,IS/ISO 21572 : 2019 (2021) chronologically supersedes IS/ISO 21572 (2004)
IS_SP_26_2021,IS SP 26 : 2021,Standard,IS_SP_26,IS SP 26,Standard,SUPERSEDES,0.95,IS SP 26 : 2021 (2021) chronologically supersedes IS SP 26 (1983)
IS_SP_30_2023,IS SP 30 : 2023,Standard,IS_SP_30,IS SP 30,Standard,SUPERSEDES,0.95,IS SP 30 : 2023 (2023) chronologically supersedes IS SP 30 (2011)
IS_2062,IS 2062,Standard,IS_2062_1962,IS 2062:1962,Standard,SUPERSEDES,0.99,IS 2062 supersedes historical revision IS 2062:1962
IS_2062,IS 2062,Standard,IS_2062_1969,IS 2062:1969,Standard,SUPERSEDES,0.99,IS 2062 supersedes historical revision IS 2062:1969
IS_2062,IS 2062,Standard,IS_2062_1980,IS 2062:1980,Standard,SUPERSEDES,0.99,IS 2062 supersedes historical revision IS 2062:1980
IS_2062,IS 2062,Standard,IS_2062_1984,IS 2062:1984,Standard,SUPERSEDES,0.99,IS 2062 supersedes historical revision IS 2062:1984
IS_2062,IS 2062,Standard,IS_2062_1992,IS 2062:1992,Standard,SUPERSEDES,0.99,IS 2062 supersedes historical revision IS 2062:1992
IS_2062,IS 2062,Standard,IS_2062_1999,IS 2062:1999,Standard,SUPERSEDES,0.99,IS 2062 supersedes historical revision IS 2062:1999
IS_2062,IS 2062,Standard,IS_2062_2006,IS 2062:2006,Standard,SUPERSEDES,0.99,IS 2062 supersedes historical revision IS 2062:2006
IS_1786,IS 1786,Standard,IS_1786_1966,IS 1786:1966,Standard,SUPERSEDES,0.99,IS 1786 supersedes historical revision IS 1786:1966
IS_1786,IS 1786,Standard,IS_1786_1979,IS 1786:1979,Standard,SUPERSEDES,0.99,IS 1786 supersedes historical revision IS 1786:1979
IS_1786,IS 1786,Standard,IS_1786_1985,IS 1786:1985,Standard,SUPERSEDES,0.99,IS 1786 supersedes historical revision IS 1786:1985
IS_456,IS 456,Standard,IS_456_1953,IS 456:1953,Standard,SUPERSEDES,0.99,IS 456 supersedes historical revision IS 456:1953
IS_456,IS 456,Standard,IS_456_1964,IS 456:1964,Standard,SUPERSEDES,0.99,IS 456 supersedes historical revision IS 456:1964
IS_456,IS 456,Standard,IS_456_1978,IS 456:1978,Standard,SUPERSEDES,0.99,IS 456 supersedes historical revision IS 456:1978
IS_800,IS 800,Standard,IS_800_1956,IS 800:1956,Standard,SUPERSEDES,0.99,IS 800 supersedes historical revision IS 800:1956
IS_800,IS 800,Standard,IS_800_1962,IS 800:1962,Standard,SUPERSEDES,0.99,IS 800 supersedes historical revision IS 800:1962
IS_800,IS 800,Standard,IS_800_1984,IS 800:1984,Standard,SUPERSEDES,0.99,IS 800 supersedes historical revision IS 800:1984
IS_10262,IS 10262,Standard,IS_10262_1982,IS 10262:1982,Standard,SUPERSEDES,0.99,IS 10262 supersedes historical revision IS 10262:1982
IS_10262,IS 10262,Standard,IS_10262_2009,IS 10262:2009,Standard,SUPERSEDES,0.99,IS 10262 supersedes historical revision IS 10262:2009
IS_383,IS 383,Standard,IS_383_1952,IS 383:1952,Standard,SUPERSEDES,0.99,IS 383 supersedes historical revision IS 383:1952
IS_383,IS 383,Standard,IS_383_1963,IS 383:1963,Standard,SUPERSEDES,0.99,IS 383 supersedes historical revision IS 383:1963
IS_383,IS 383,Standard,IS_383_1970,IS 383:1970,Standard,SUPERSEDES,0.99,IS 383 supersedes historical revision IS 383:1970
IS_269,IS 269,Standard,IS_269_1951,IS 269:1951,Standard,SUPERSEDES,0.99,IS 269 supersedes historical revision IS 269:1951
IS_269,IS 269,Standard,IS_269_1958,IS 269:1958,Standard,SUPERSEDES,0.99,IS 269 supersedes historical revision IS 269:1958
IS_269,IS 269,Standard,IS_269_1967,IS 269:1967,Standard,SUPERSEDES,0.99,IS 269 supersedes historical revision IS 269:1967
IS_269,IS 269,Standard,IS_269_1976,IS 269:1976,Standard,SUPERSEDES,0.99,IS 269 supersedes historical revision IS 269:1976
IS_269,IS 269,Standard,IS_269_1989,IS 269:1989,Standard,SUPERSEDES,0.99,IS 269 supersedes historical revision IS 269:1989
IS_1489_Part_1,IS 1489 (Part 1),Standard,IS_1489_1962,IS 1489:1962,Standard,SUPERSEDES,0.99,IS 1489 (Part 1) supersedes historical revision IS 1489:1962
IS_1489_Part_1,IS 1489 (Part 1),Standard,IS_1489_1976,IS 1489:1976,Standard,SUPERSEDES,0.99,IS 1489 (Part 1) supersedes historical revision IS 1489:1976
IS_1489_Part_1,IS 1489 (Part 1),Standard,IS_1489_Part_1_1991,IS 1489 ((Part 1)):1991,Standard,SUPERSEDES,0.99,IS 1489 (Part 1) supersedes historical revision IS 1489 ((Part 1)):1991
IS_432_Part_1,IS 432 (Part 1),Standard,IS_432_1953,IS 432:1953,Standard,SUPERSEDES,0.99,IS 432 (Part 1) supersedes historical revision IS 432:1953
IS_432_Part_1,IS 432 (Part 1),Standard,IS_432_1960,IS 432:1960,Standard,SUPERSEDES,0.99,IS 432 (Part 1) supersedes historical revision IS 432:1960
IS_432_Part_1,IS 432 (Part 1),Standard,IS_432_Part_1_1966,IS 432 ((Part 1)):1966,Standard,SUPERSEDES,0.99,IS 432 (Part 1) supersedes historical revision IS 432 ((Part 1)):1966
IS_13920,IS 13920,Standard,IS_13920_1993,IS 13920:1993,Standard,SUPERSEDES,0.99,IS 13920 supersedes historical revision IS 13920:1993
IS_1893_Part_1,IS 1893 (Part 1),Standard,IS_1893_1962,IS 1893:1962,Standard,SUPERSEDES,0.99,IS 1893 (Part 1) supersedes historical revision IS 1893:1962
IS_1893_Part_1,IS 1893 (Part 1),Standard,IS_1893_1966,IS 1893:1966,Standard,SUPERSEDES,0.99,IS 1893 (Part 1) supersedes historical revision IS 1893:1966
IS_1893_Part_1,IS 1893 (Part 1),Standard,IS_1893_1970,IS 1893:1970,Standard,SUPERSEDES,0.99,IS 1893 (Part 1) supersedes historical revision IS 1893:1970
IS_1893_Part_1,IS 1893 (Part 1),Standard,IS_1893_1975,IS 1893:1975,Standard,SUPERSEDES,0.99,IS 1893 (Part 1) supersedes historical revision IS 1893:1975
IS_1893_Part_1,IS 1893 (Part 1),Standard,IS_1893_1984,IS 1893:1984,Standard,SUPERSEDES,0.99,IS 1893 (Part 1) supersedes historical revision IS 1893:1984
IS_1893_Part_1,IS 1893 (Part 1),Standard,IS_1893_Part_1_2002,IS 1893 ((Part 1)):2002,Standard,SUPERSEDES,0.99,IS 1893 (Part 1) supersedes historical revision IS 1893 ((Part 1)):2002
IS_1077,IS 1077,Standard,IS_1077_1957,IS 1077:1957,Standard,SUPERSEDES,0.99,IS 1077 supersedes historical revision IS 1077:1957
IS_1077,IS 1077,Standard,IS_1077_1970,IS 1077:1970,Standard,SUPERSEDES,0.99,IS 1077 supersedes historical revision IS 1077:1970
IS_1077,IS 1077,Standard,IS_1077_1976,IS 1077:1976,Standard,SUPERSEDES,0.99,IS 1077 supersedes historical revision IS 1077:1976
IS_1077,IS 1077,Standard,IS_1077_1986,IS 1077:1986,Standard,SUPERSEDES,0.99,IS 1077 supersedes historical revision IS 1077:1986
IS_2185_Part_1,IS 2185 (Part 1),Standard,IS_2185_1962,IS 2185:1962,Standard,SUPERSEDES,0.99,IS 2185 (Part 1) supersedes historical revision IS 2185:1962
IS_2185_Part_1,IS 2185 (Part 1),Standard,IS_2185_1967,IS 2185:1967,Standard,SUPERSEDES,0.99,IS 2185 (Part 1) supersedes historical revision IS 2185:1967
IS_2185_Part_1,IS 2185 (Part 1),Standard,IS_2185_Part_1_1979,IS 2185 ((Part 1)):1979,Standard,SUPERSEDES,0.99,IS 2185 (Part 1) supersedes historical revision IS 2185 ((Part 1)):1979
IS_1608_Part_1,IS 1608 (Part 1),Standard,IS_1608_1960,IS 1608:1960,Standard,SUPERSEDES,0.99,IS 1608 (Part 1) supersedes historical revision IS 1608:1960
IS_1608_Part_1,IS 1608 (Part 1),Standard,IS_1608_1972,IS 1608:1972,Standard,SUPERSEDES,0.99,IS 1608 (Part 1) supersedes historical revision IS 1608:1972
IS_1608_Part_1,IS 1608 (Part 1),Standard,IS_1608_1995,IS 1608:1995,Standard,SUPERSEDES,0.99,IS 1608 (Part 1) supersedes historical revision IS 1608:1995
IS_1608_Part_1,IS 1608 (Part 1),Standard,IS_1608_2005,IS 1608:2005,Standard,SUPERSEDES,0.99,IS 1608 (Part 1) supersedes historical revision IS 1608:2005
IS_1599,IS 1599,Standard,IS_1599_1960,IS 1599:1960,Standard,SUPERSEDES,0.99,IS 1599 supersedes historical revision IS 1599:1960
IS_1599,IS 1599,Standard,IS_1599_1974,IS 1599:1974,Standard,SUPERSEDES,0.99,IS 1599 supersedes historical revision IS 1599:1974
IS_1599,IS 1599,Standard,IS_1599_1985,IS 1599:1985,Standard,SUPERSEDES,0.99,IS 1599 supersedes historical revision IS 1599:1985
IS_1757_Part_1,IS 1757 (Part 1),Standard,IS_1757_1961,IS 1757:1961,Standard,SUPERSEDES,0.99,IS 1757 (Part 1) supersedes historical revision IS 1757:1961
IS_1757_Part_1,IS 1757 (Part 1),Standard,IS_1757_1973,IS 1757:1973,Standard,SUPERSEDES,0.99,IS 1757 (Part 1) supersedes historical revision IS 1757:1973
IS_1757_Part_1,IS 1757 (Part 1),Standard,IS_1757_1988,IS 1757:1988,Standard,SUPERSEDES,0.99,IS 1757 (Part 1) supersedes historical revision IS 1757:1988
IS_1852,IS 1852,Standard,IS_1852_1962,IS 1852:1962,Standard,SUPERSEDES,0.99,IS 1852 supersedes historical revision IS 1852:1962
IS_1852,IS 1852,Standard,IS_1852_1973,IS 1852:1973,Standard,SUPERSEDES,0.99,IS 1852 supersedes historical revision IS 1852:1973
IS_1852,IS 1852,Standard,IS_1852_1979,IS 1852:1979,Standard,SUPERSEDES,0.99,IS 1852 supersedes historical revision IS 1852:1979
IS_8910,IS 8910,Standard,IS_8910_1978,IS 8910:1978,Standard,SUPERSEDES,0.99,IS 8910 supersedes historical revision IS 8910:1978
IS_228_Part_1,IS 228 (Part 1),Standard,IS_228_1952,IS 228:1952,Standard,SUPERSEDES,0.99,IS 228 (Part 1) supersedes historical revision IS 228:1952
IS_228_Part_1,IS 228 (Part 1),Standard,IS_228_1959,IS 228:1959,Standard,SUPERSEDES,0.99,IS 228 (Part 1) supersedes historical revision IS 228:1959
IS_808,IS 808,Standard,IS_808_1957,IS 808:1957,Standard,SUPERSEDES,0.99,IS 808 supersedes historical revision IS 808:1957
IS_808,IS 808,Standard,IS_808_1964,IS 808:1964,Standard,SUPERSEDES,0.99,IS 808 supersedes historical revision IS 808:1964
IS_516_Part_1_Sec_1,IS 516 (Part 1/Sec 1),Standard,IS_516_1959,IS 516:1959,Standard,SUPERSEDES,0.99,IS 516 (Part 1/Sec 1) supersedes historical revision IS 516:1959
IS_1199_Part_1,IS 1199 (Part 1),Standard,IS_1199_1959,IS 1199:1959,Standard,SUPERSEDES,0.99,IS 1199 (Part 1) supersedes historical revision IS 1199:1959
IS_3495_Part_1,IS 3495 (Part 1),Standard,IS_3495_1966,IS 3495:1966,Standard,SUPERSEDES,0.99,IS 3495 (Part 1) supersedes historical revision IS 3495:1966
IS_3495_Part_1,IS 3495 (Part 1),Standard,IS_3495_Part_1_1973,IS 3495 ((Part 1)):1973,Standard,SUPERSEDES,0.99,IS 3495 (Part 1) supersedes historical revision IS 3495 ((Part 1)):1973
IS_3495_Part_1,IS 3495 (Part 1),Standard,IS_3495_Part_1_1976,IS 3495 ((Part 1)):1976,Standard,SUPERSEDES,0.99,IS 3495 (Part 1) supersedes historical revision IS 3495 ((Part 1)):1976
IS_4031_Part_5,IS 4031 (Part 5),Standard,IS_4031_1968,IS 4031:1968,Standard,SUPERSEDES,0.99,IS 4031 (Part 5) supersedes historical revision IS 4031:1968
IS_13252_Part_1,IS 13252 (Part 1),Standard,IS_13252_2003,IS 13252:2003,Standard,SUPERSEDES,0.99,IS 13252 (Part 1) supersedes historical revision IS 13252:2003
IS_16046_Part_1,IS 16046 (Part 1),Standard,IS_16046_2012,IS 16046:2012,Standard,SUPERSEDES,0.99,IS 16046 (Part 1) supersedes historical revision IS 16046:2012
IS_16046_Part_1,IS 16046 (Part 1),Standard,IS_16046_2015,IS 16046:2015,Standard,SUPERSEDES,0.99,IS 16046 (Part 1) supersedes historical revision IS 16046:2015
IS_16046_Part_2,IS 16046 (Part 2),Standard,IS_16046_2012,IS 16046:2012,Standard,SUPERSEDES,0.99,IS 16046 (Part 2) supersedes historical revision IS 16046:2012
IS_16046_Part_2,IS 16046 (Part 2),Standard,IS_16046_2015,IS 16046:2015,Standard,SUPERSEDES,0.99,IS 16046 (Part 2) supersedes historical revision IS 16046:2015
IS_616,IS 616,Standard,IS_616_1957,IS 616:1957,Standard,SUPERSEDES,0.99,IS 616 supersedes historical revision IS 616:1957
IS_616,IS 616,Standard,IS_616_1981,IS 616:1981,Standard,SUPERSEDES,0.99,IS 616 supersedes historical revision IS 616:1981
IS_616,IS 616,Standard,IS_616_2003,IS 616:2003,Standard,SUPERSEDES,0.99,IS 616 supersedes historical revision IS 616:2003
IS_616,IS 616,Standard,IS_616_2010,IS 616:2010,Standard,SUPERSEDES,0.99,IS 616 supersedes historical revision IS 616:2010
IS_302_2_25,IS 302-2-25,Standard,IS_302_2_25_1994,IS 302-2-25:1994,Standard,SUPERSEDES,0.99,IS 302-2-25 supersedes historical revision IS 302-2-25:1994
IS_1293,IS 1293,Standard,IS_1293_1967,IS 1293:1967,Standard,SUPERSEDES,0.99,IS 1293 supersedes historical revision IS 1293:1967
IS_1293,IS 1293,Standard,IS_1293_1988,IS 1293:1988,Standard,SUPERSEDES,0.99,IS 1293 supersedes historical revision IS 1293:1988
IS_1293,IS 1293,Standard,IS_1293_2005,IS 1293:2005,Standard,SUPERSEDES,0.99,IS 1293 supersedes historical revision IS 1293:2005
IS_694,IS 694,Standard,IS_694_1960,IS 694:1960,Standard,SUPERSEDES,0.99,IS 694 supersedes historical revision IS 694:1960
IS_694,IS 694,Standard,IS_694_1977,IS 694:1977,Standard,SUPERSEDES,0.99,IS 694 supersedes historical revision IS 694:1977
IS_694,IS 694,Standard,IS_694_1990,IS 694:1990,Standard,SUPERSEDES,0.99,IS 694 supersedes historical revision IS 694:1990
IS_1554_Part_1,IS 1554 (Part 1),Standard,IS_1554_1964,IS 1554:1964,Standard,SUPERSEDES,0.99,IS 1554 (Part 1) supersedes historical revision IS 1554:1964
IS_1554_Part_1,IS 1554 (Part 1),Standard,IS_1554_Part_1_1976,IS 1554 ((Part 1)):1976,Standard,SUPERSEDES,0.99,IS 1554 (Part 1) supersedes historical revision IS 1554 ((Part 1)):1976
IS_7098_Part_1,IS 7098 (Part 1),Standard,IS_7098_Part_1_1977,IS 7098 ((Part 1)):1977,Standard,SUPERSEDES,0.99,IS 7098 (Part 1) supersedes historical revision IS 7098 ((Part 1)):1977
IS_1180_Part_1,IS 1180 (Part 1),Standard,IS_1180_1958,IS 1180:1958,Standard,SUPERSEDES,0.99,IS 1180 (Part 1) supersedes historical revision IS 1180:1958
IS_1180_Part_1,IS 1180 (Part 1),Standard,IS_1180_Part_1_1989,IS 1180 ((Part 1)):1989,Standard,SUPERSEDES,0.99,IS 1180 (Part 1) supersedes historical revision IS 1180 ((Part 1)):1989
IS_4984,IS 4984,Standard,IS_4984_1968,IS 4984:1968,Standard,SUPERSEDES,0.99,IS 4984 supersedes historical revision IS 4984:1968
IS_4984,IS 4984,Standard,IS_4984_1972,IS 4984:1972,Standard,SUPERSEDES,0.99,IS 4984 supersedes historical revision IS 4984:1972
IS_4984,IS 4984,Standard,IS_4984_1987,IS 4984:1987,Standard,SUPERSEDES,0.99,IS 4984 supersedes historical revision IS 4984:1987
IS_4984,IS 4984,Standard,IS_4984_1995,IS 4984:1995,Standard,SUPERSEDES,0.99,IS 4984 supersedes historical revision IS 4984:1995
IS_4985,IS 4985,Standard,IS_4985_1968,IS 4985:1968,Standard,SUPERSEDES,0.99,IS 4985 supersedes historical revision IS 4985:1968
IS_4985,IS 4985,Standard,IS_4985_1981,IS 4985:1981,Standard,SUPERSEDES,0.99,IS 4985 supersedes historical revision IS 4985:1981
IS_4985,IS 4985,Standard,IS_4985_1988,IS 4985:1988,Standard,SUPERSEDES,0.99,IS 4985 supersedes historical revision IS 4985:1988
IS_4985,IS 4985,Standard,IS_4985_2000,IS 4985:2000,Standard,SUPERSEDES,0.99,IS 4985 supersedes historical revision IS 4985:2000
IS_7328,IS 7328,Standard,IS_7328_1974,IS 7328:1974,Standard,SUPERSEDES,0.99,IS 7328 supersedes historical revision IS 7328:1974
IS_7328,IS 7328,Standard,IS_7328_1992,IS 7328:1992,Standard,SUPERSEDES,0.99,IS 7328 supersedes historical revision IS 7328:1992
IS_12235_Part_1,IS 12235 (Part 1),Standard,IS_12235_Part_1_1986,IS 12235 ((Part 1)):1986,Standard,SUPERSEDES,0.99,IS 12235 (Part 1) supersedes historical revision IS 12235 ((Part 1)):1986
IS_12235_Part_2,IS 12235 (Part 2),Standard,IS_12235_Part_2_1986,IS 12235 ((Part 2)):1986,Standard,SUPERSEDES,0.99,IS 12235 (Part 2) supersedes historical revision IS 12235 ((Part 2)):1986
IS_252,IS 252,Standard,IS_252_1950,IS 252:1950,Standard,SUPERSEDES,0.99,IS 252 supersedes historical revision IS 252:1950
IS_252,IS 252,Standard,IS_252_1962,IS 252:1962,Standard,SUPERSEDES,0.99,IS 252 supersedes historical revision IS 252:1962
IS_252,IS 252,Standard,IS_252_1973,IS 252:1973,Standard,SUPERSEDES,0.99,IS 252 supersedes historical revision IS 252:1973
IS_252,IS 252,Standard,IS_252_1991,IS 252:1991,Standard,SUPERSEDES,0.99,IS 252 supersedes historical revision IS 252:1991
IS_2925,IS 2925,Standard,IS_2925_1964,IS 2925:1964,Standard,SUPERSEDES,0.99,IS 2925 supersedes historical revision IS 2925:1964
IS_2925,IS 2925,Standard,IS_2925_1975,IS 2925:1975,Standard,SUPERSEDES,0.99,IS 2925 supersedes historical revision IS 2925:1975
IS_15298_Part_2,IS 15298 (Part 2),Standard,IS_15298_Part_2_2002,IS 15298 ((Part 2)):2002,Standard,SUPERSEDES,0.99,IS 15298 (Part 2) supersedes historical revision IS 15298 ((Part 2)):2002
IS_15298_Part_2,IS 15298 (Part 2),Standard,IS_15298_Part_2_2011,IS 15298 ((Part 2)):2011,Standard,SUPERSEDES,0.99,IS 15298 (Part 2) supersedes historical revision IS 15298 ((Part 2)):2011
IS_4151,IS 4151,Standard,IS_4151_1967,IS 4151:1967,Standard,SUPERSEDES,0.99,IS 4151 supersedes historical revision IS 4151:1967
IS_4151,IS 4151,Standard,IS_4151_1976,IS 4151:1976,Standard,SUPERSEDES,0.99,IS 4151 supersedes historical revision IS 4151:1976
IS_4151,IS 4151,Standard,IS_4151_1982,IS 4151:1982,Standard,SUPERSEDES,0.99,IS 4151 supersedes historical revision IS 4151:1982
IS_4151,IS 4151,Standard,IS_4151_1993,IS 4151:1993,Standard,SUPERSEDES,0.99,IS 4151 supersedes historical revision IS 4151:1993
IS_9873_Part_1,IS 9873 (Part 1),Standard,IS_9873_Part_1_2001,IS 9873 ((Part 1)):2001,Standard,SUPERSEDES,0.99,IS 9873 (Part 1) supersedes historical revision IS 9873 ((Part 1)):2001
IS_9873_Part_1,IS 9873 (Part 1),Standard,IS_9873_Part_1_2012,IS 9873 ((Part 1)):2012,Standard,SUPERSEDES,0.99,IS 9873 (Part 1) supersedes historical revision IS 9873 ((Part 1)):2012
IS_303,IS 303,Standard,IS_303_1951,IS 303:1951,Standard,SUPERSEDES,0.99,IS 303 supersedes historical revision IS 303:1951
IS_303,IS 303,Standard,IS_303_1960,IS 303:1960,Standard,SUPERSEDES,0.99,IS 303 supersedes historical revision IS 303:1960
IS_303,IS 303,Standard,IS_303_1975,IS 303:1975,Standard,SUPERSEDES,0.99,IS 303 supersedes historical revision IS 303:1975
IS_710,IS 710,Standard,IS_710_1957,IS 710:1957,Standard,SUPERSEDES,0.99,IS 710 supersedes historical revision IS 710:1957
IS_710,IS 710,Standard,IS_710_1976,IS 710:1976,Standard,SUPERSEDES,0.99,IS 710 supersedes historical revision IS 710:1976
IS_14543,IS 14543,Standard,IS_14543_1998,IS 14543:1998,Standard,SUPERSEDES,0.99,IS 14543 supersedes historical revision IS 14543:1998
IS_14543,IS 14543,Standard,IS_14543_2004,IS 14543:2004,Standard,SUPERSEDES,0.99,IS 14543 supersedes historical revision IS 14543:2004
IS_13428,IS 13428,Standard,IS_13428_1992,IS 13428:1992,Standard,SUPERSEDES,0.99,IS 13428 supersedes historical revision IS 13428:1992
IS_13428,IS 13428,Standard,IS_13428_1998,IS 13428:1998,Standard,SUPERSEDES,0.99,IS 13428 supersedes historical revision IS 13428:1998
IS_1417,IS 1417,Standard,IS_1417_1971,IS 1417:1971,Standard,SUPERSEDES,0.99,IS 1417 supersedes historical revision IS 1417:1971
IS_1417,IS 1417,Standard,IS_1417_1981,IS 1417:1981,Standard,SUPERSEDES,0.99,IS 1417 supersedes historical revision IS 1417:1981
IS_1417,IS 1417,Standard,IS_1417_1999,IS 1417:1999,Standard,SUPERSEDES,0.99,IS 1417 supersedes historical revision IS 1417:1999
IS_1786,IS 1786,Standard,IS_432_Part_1,IS 432 (Part 1),Standard,SUPERSEDES,1.0,High-strength TMT rebar superseded mild steel plain round bars for concrete reinforcement
IS_2062,IS 2062,Standard,IS_226,IS 226,Standard,SUPERSEDES,1.0,IS 2062 amalgamated and superseded IS 226 structural steel
IS_2062,IS 2062,Standard,IS_432_Part_1,IS 432 (Part 1),Standard,SUPERSEDES,1.0,IS 2062 superseded plain structural tie bars
IS_13252_Part_1,IS 13252 (Part 1),Standard,IS_IEC_60950_1,IS/IEC 60950-1,Standard,SUPERSEDES,1.0,Information Technology Equipment safety standard supersession
IS_269,IS 269,Standard,IS_8112,IS 8112,Standard,SUPERSEDES,1.0,"IS 269:2015 consolidated 33, 43, and 53 grade cement specifications (superseding IS 8112 43 grade)"
IS_269,IS 269,Standard,IS_12269,IS 12269,Standard,SUPERSEDES,1.0,IS 269:2015 consolidated 53 grade OPC (superseding IS 12269 53 grade)
IS_IEC_60947_1,IS/IEC 60947-1,Standard,IS_13947_Part_1,IS 13947 (Part 1),Standard,SUPERSEDES,1.0,Adoption of IEC 60947 switchgear standards
IS_IEC_60947_2,IS/IEC 60947-2,Standard,IS_13947_Part_2,IS 13947 (Part 2),Standard,SUPERSEDES,1.0,Circuit breakers supersession
IS_10141,IS 10141,Standard,IS_16738,IS 16738,Standard,SUPERSEDES,0.88,Textual supersession reference found in catalog metadata
IS_10230_1,IS 10230-1,Standard,IS_1512_1969,IS:1512-1969),Standard,SUPERSEDES,0.88,Textual supersession reference found in catalog metadata
IS_10322_3,IS 10322-3,Standard,IS_6585,IS 6585),Standard,SUPERSEDES,0.88,Textual supersession reference found in catalog metadata
IS_10322_5_5,IS 10322-5-5,Standard,IS_1947,IS:1947),Standard,SUPERSEDES,0.88,Textual supersession reference found in catalog metadata
IS_10322_Part_5_Sec_5_2013,IS 10322 : Part 5 : Sec 5 : 2013,Standard,IS_1947,IS:1947),Standard,SUPERSEDES,0.88,Textual supersession reference found in catalog metadata
IS_10909,IS 10909,Standard,IS_16738,IS 16738,Standard,SUPERSEDES,0.88,Textual supersession reference found in catalog metadata
IS_11982,IS 11982,Standard,IS_17427,IS 17427,Standard,SUPERSEDES,0.88,Textual supersession reference found in catalog metadata
IS_11983,IS 11983,Standard,IS_17427,IS 17427,Standard,SUPERSEDES,0.88,Textual supersession reference found in catalog metadata
IS_13272,IS 13272,Standard,IS_1502,IS 1502,Standard,SUPERSEDES,0.88,Textual supersession reference found in catalog metadata
IS_13360_3_3,IS 13360-3-3,Standard,IS_8543,IS 8543,Standard,SUPERSEDES,0.88,Textual supersession reference found in catalog metadata
IS_1350_Part_4_Sec_2_1975,IS 1350 : Part 4 : Sec 2 : 1975,Standard,IS_1351_1959,IS 1351:1959,Standard,SUPERSEDES,0.88,Textual supersession reference found in catalog metadata
IS_13546,IS 13546,Standard,IS_17427,IS 17427,Standard,SUPERSEDES,0.88,Textual supersession reference found in catalog metadata
IS_13564,IS 13564,Standard,IS_10986,IS 10986,Standard,SUPERSEDES,0.88,Textual supersession reference found in catalog metadata
IS_14144,IS 14144,Standard,IS_5160,IS 5160),Standard,SUPERSEDES,0.88,Textual supersession reference found in catalog metadata
IS_14145,IS 14145,Standard,IS_5160,IS 5160),Standard,SUPERSEDES,0.88,Textual supersession reference found in catalog metadata
IS_14155,IS 14155,Standard,IS_6390_Part,IS 6390(Part,Standard,SUPERSEDES,0.88,Textual supersession reference found in catalog metadata
IS_14372,IS 14372,Standard,IS_722_Part,IS:722(Part,Standard,SUPERSEDES,0.88,Textual supersession reference found in catalog metadata
IS_14413,IS 14413,Standard,IS_9655,IS 9655,Standard,SUPERSEDES,0.88,Textual supersession reference found in catalog metadata
IS_14415,IS 14415,Standard,IS_722,IS:722,Standard,SUPERSEDES,0.88,Textual supersession reference found in catalog metadata
IS_14453,IS 14453,Standard,IS_10015_Part_6,IS 10015((Part 6))),Standard,SUPERSEDES,0.88,Textual supersession reference found in catalog metadata
IS_14455,IS 14455,Standard,IS_10015_Part,IS 10015(Part,Standard,SUPERSEDES,0.88,Textual supersession reference found in catalog metadata
IS_14596,IS 14596,Standard,IS_2295,IS 2295),Standard,SUPERSEDES,0.88,Textual supersession reference found in catalog metadata
IS_14609,IS 14609,Standard,IS_4308,IS 4308,Standard,SUPERSEDES,0.88,Textual supersession reference found in catalog metadata
IS_14665_1,IS 14665-1,Standard,IS_3534_1976,IS 3534:1976),Standard,SUPERSEDES,0.88,Textual supersession reference found in catalog metadata
IS_14768_2,IS 14768-2,Standard,IS_2667,IS 2667),Standard,SUPERSEDES,0.88,Textual supersession reference found in catalog metadata
IS_14772,IS 14772,Standard,IS_5133,IS 5133,Standard,SUPERSEDES,0.88,Textual supersession reference found in catalog metadata
IS_14839,IS 14839,Standard,IS_10015_Part,IS 10015(Part,Standard,SUPERSEDES,0.88,Textual supersession reference found in catalog metadata
IS_14840,IS 14840,Standard,IS_10015_Part,IS 10015(Part,Standard,SUPERSEDES,0.88,Textual supersession reference found in catalog metadata
IS_14853,IS 14853,Standard,IS_10015_Part,IS 10015(Part,Standard,SUPERSEDES,0.88,Textual supersession reference found in catalog metadata
IS_14854,IS 14854,Standard,IS_10015_Par,IS 10015(Par,Standard,SUPERSEDES,0.88,Textual supersession reference found in catalog metadata
IS_15025,IS 15025,Standard,IS_15024_2011,IS 15024:2011,Standard,SUPERSEDES,0.88,Textual supersession reference found in catalog metadata
IS_15119_1,IS 15119-1,Standard,IS_16698,IS 16698,Standard,SUPERSEDES,0.88,Textual supersession reference found in catalog metadata
IS_15378,IS 15378,Standard,IS_574,IS 574),Standard,SUPERSEDES,0.88,Textual supersession reference found in catalog metadata
IS_15383,IS 15383,Standard,IS_324,IS 324),Standard,SUPERSEDES,0.88,Textual supersession reference found in catalog metadata
IS_15760_3,IS 15760-3,Standard,IS_10626,IS 10626),Standard,SUPERSEDES,0.88,Textual supersession reference found in catalog metadata
IS_15761_2,IS 15761-2,Standard,IS_5138,IS 5138),Standard,SUPERSEDES,0.88,Textual supersession reference found in catalog metadata
IS_1885_56,IS 1885-56,Standard,IS_1885_13_1_1968,IS 1885-13-1:1968,Standard,SUPERSEDES,0.88,Textual supersession reference found in catalog metadata
IS_2136,IS 2136,Standard,IS_2228,IS 2228,Standard,SUPERSEDES,0.88,Textual supersession reference found in catalog metadata
IS_2157,IS 2157,Standard,IS_2481,IS 2481),Standard,SUPERSEDES,0.88,Textual supersession reference found in catalog metadata
IS_3340,IS 3340,Standard,IS_3341,IS 3341),Standard,SUPERSEDES,0.88,Textual supersession reference found in catalog metadata
IS_3773,IS 3773,Standard,IS_3774,IS 3774),Standard,SUPERSEDES,0.88,Textual supersession reference found in catalog metadata
IS_4296_4,IS 4296-4,Standard,IS_4296,IS 4296,Standard,SUPERSEDES,0.88,Textual supersession reference found in catalog metadata
IS_444,IS 444,Standard,IS_445,IS 445,Standard,SUPERSEDES,0.88,Textual supersession reference found in catalog metadata
IS_4861,IS 4861,Standard,IS_4308,IS 4308,Standard,SUPERSEDES,0.88,Textual supersession reference found in catalog metadata
IS_506,IS 506,Standard,IS,IS ,Standard,SUPERSEDES,0.88,Textual supersession reference found in catalog metadata
IS_719,IS 719,Standard,IS,IS ,Standard,SUPERSEDES,0.88,Textual supersession reference found in catalog metadata
IS_7610_2,IS 7610-2,Standard,IS_6054,IS 6054),Standard,SUPERSEDES,0.88,Textual supersession reference found in catalog metadata
IS_7610_3,IS 7610-3,Standard,IS_6055,IS 6055,Standard,SUPERSEDES,0.88,Textual supersession reference found in catalog metadata
IS_7703_1,IS 7703-1,Standard,IS_1226,IS 1226),Standard,SUPERSEDES,0.88,Textual supersession reference found in catalog metadata
IS_7703_2,IS 7703-2,Standard,IS_1229,IS 1229),Standard,SUPERSEDES,0.88,Textual supersession reference found in catalog metadata
IS_7741_3,IS 7741-3,Standard,IS_1032_1957,IS 1032:1957),Standard,SUPERSEDES,0.88,Textual supersession reference found in catalog metadata
IS_8142,IS 8142,Standard,IS_1199,IS 1199,Standard,SUPERSEDES,0.88,Textual supersession reference found in catalog metadata
IS_9337_1,IS 9337-1,Standard,IS_3833,IS 3833),Standard,SUPERSEDES,0.88,Textual supersession reference found in catalog metadata
IS_9340,IS 9340,Standard,IS_17427,IS 17427,Standard,SUPERSEDES,0.88,Textual supersession reference found in catalog metadata
IS_9537_2,IS 9537-2,Standard,IS_1653,IS:1653),Standard,SUPERSEDES,0.88,Textual supersession reference found in catalog metadata
IS_9537_3,IS 9537-3,Standard,IS_2509,IS:2509),Standard,SUPERSEDES,0.88,Textual supersession reference found in catalog metadata
IS_9537_5,IS 9537-5,Standard,IS_6946,IS:6946),Standard,SUPERSEDES,0.88,Textual supersession reference found in catalog metadata
IS_9900_1,IS 9900-1,Standard,IS,IS ,Standard,SUPERSEDES,0.88,Textual supersession reference found in catalog metadata
IS_9900_2,IS 9900-2,Standard,IS,IS ,Standard,SUPERSEDES,0.88,Textual supersession reference found in catalog metadata
IS_9900_3,IS 9900-3,Standard,IS,IS ,Standard,SUPERSEDES,0.88,Textual supersession reference found in catalog metadata
IS_9900_4,IS 9900-4,Standard,IS,IS ,Standard,SUPERSEDES,0.88,Textual supersession reference found in catalog metadata
IS_9922,IS 9922,Standard,IS_16698,IS 16698,Standard,SUPERSEDES,0.88,Textual supersession reference found in catalog metadata
IS_IEC_519_1,IS/IEC 519-1,Standard,IS_9080,IS 9080,Standard,SUPERSEDES,0.88,Textual supersession reference found in catalog metadata
IS_ISO_10002,IS/ISO 10002,Standard,IS_15400_2003,IS 15400:2003),Standard,SUPERSEDES,0.88,Textual supersession reference found in catalog metadata
IS_ISO_1036,IS/ISO 1036,Standard,IS_7668,IS 7668),Standard,SUPERSEDES,0.88,Textual supersession reference found in catalog metadata
IS_ISO_105_A01,IS/ISO 105-A01,Standard,IS_10251,IS 10251),Standard,SUPERSEDES,0.88,Textual supersession reference found in catalog metadata
IS_ISO_105_A02,IS/ISO 105-A02,Standard,IS_768,IS 768,Standard,SUPERSEDES,0.88,Textual supersession reference found in catalog metadata
IS_ISO_105_A03,IS/ISO 105-A03,Standard,IS_769,IS 769,Standard,SUPERSEDES,0.88,Textual supersession reference found in catalog metadata
IS_ISO_105_C07,IS/ISO 105-C07,Standard,IS_11908,IS 11908),Standard,SUPERSEDES,0.88,Textual supersession reference found in catalog metadata
IS_ISO_342,IS/ISO 342,Standard,IS_5938,IS 5938),Standard,SUPERSEDES,0.88,Textual supersession reference found in catalog metadata
IS_ISO_94,IS/ISO 94,Standard,IS_5938,IS 5938),Standard,SUPERSEDES,0.88,Textual supersession reference found in catalog metadata
